Departamento,Alcance,Descripcion del alcance,Latitud,Longitud,Dirección,Tipo de proveedor,Nombre ,Tipo de servicios o productos,Servicios o productos,Dias y horarios de atención,Telefonos,A domicilio,Verificado
Cochabamba,Zonal,Subalcaldía Molle,-17.389389,-66.199381,Av. Juan Pablo II esq. Pedro Cayetano ,Público,Mercado movil-GAM Cochabamba,Alimentos,"Verduras, frutas",Lunes a viernes. 7:00 a 12:00,4 4258030,Si,Si
Cochabamba,Zonal,Subalcaldía Molle,-17.378163,-66.188111,Av. Thunupa esq.  calle Apurimak,Público,Mercado movil-GAM Cochabamba,Alimentos,"Verduras, frutas",Lunes a viernes. 7:00 a 12:00,4 4258030,Si,Si
Cochabamba,Zonal,Subalcaldía Molle,-17.387385,-66.182269,Av. Dorbigni esq. Av. Villavicencio,Público,Mercado movil-GAM Cochabamba,Alimentos,"Verduras, frutas",Lunes a viernes. 7:00 a 12:00,4 4258030,Si,Si
Cochabamba,Zonal,Subalcaldía Molle,-17.381416,-66.198917,Av. Tadeo Haenke esq. Juan Pablo II,Público,Mercado movil-GAM Cochabamba,Alimentos,"Verduras, frutas",Lunes a viernes. 7:00 a 12:00,4 4258030,Si,Si
Cochabamba,Zonal,Subalcaldía Molle,-17.404163,-66.180518,Av. Ingavi esq. Cornelio  Saavedra,Público,Mercado movil-GAM Cochabamba,Alimentos,"Verduras, frutas",Lunes a viernes. 7:00 a 12:00,4 4258030,Si,Si
Cochabamba,Zonal,Subalcaldía Molle,-17.388118,-66.179124,Av. Melchor Perez y Av. Dorbigni,Público,Mercado movil-GAM Cochabamba,Alimentos,"Verduras, frutas",Lunes a viernes. 7:00 a 12:00,4 4258030,Si,Si
Cochabamba,Zonal,Subalcaldía Alejo Calatayud,-17.431635,-66.141808,OTB Nueva Jerusalen,Público,Mercado movil-GAM Cochabamba,Alimentos,"Verduras, frutas",Lunes a viernes. 7:00 a 12:00,4 4258030,Si,Si
Cochabamba,Zonal,Subalcaldía Alejo Calatayud,-17.444589,-66.125164,Av. Siglo XX esq. Libertad,Público,Mercado movil-GAM Cochabamba,Alimentos,"Verduras, frutas",Lunes a viernes. 7:00 a 12:00,4 4258030,Si,Si
Cochabamba,Zonal,Subalcaldía Alejo Calatayud,-17.464159,-66.120245,Av. París OTB Nueva Vera Cruz,Público,Mercado movil-GAM Cochabamba,Alimentos,"Verduras, frutas",Lunes a viernes. 7:00 a 12:00,4 4258030,Si,Si
Cochabamba,Zonal,Subalcaldía Alejo Calatayud,-17.452628,-66.102311,OTB Jarkamayu,Público,Mercado movil-GAM Cochabamba,Alimentos,"Verduras, frutas",Lunes a viernes. 7:00 a 12:00,4 4258030,Si,Si
Cochabamba,Zonal,Subalcaldía Alejo Calatayud,-17.456380,-66.116872,OTB Gualberto Villarroel,Público,Mercado movil-GAM Cochabamba,Alimentos,"Verduras, frutas",Lunes a viernes. 7:00 a 12:00,4 4258030,Si,Si
Cochabamba,Zonal,Subalcaldía Alejo Calatayud,-17.468704,-66.110463,OTB Serena Calicanto,Público,Mercado movil-GAM Cochabamba,Alimentos,"Verduras, frutas",Lunes a viernes. 7:00 a 12:00,4 4258030,Si,Si
Cochabamba,Zonal,Subalcaldía Valle Hermoso,-17.419745,-66.139731,Av. Suecia (Biblio Avión) - D6,Público,Mercado movil-GAM Cochabamba,Alimentos,"Verduras, frutas",Lunes a viernes. 7:00 a 12:00,4 4258030,Si,Si
Cochabamba,Zonal,Subalcaldía Valle Hermoso,-17.423424,-66.145061,OTB Alto Cochabamba - D8,Público,Mercado movil-GAM Cochabamba,Alimentos,"Verduras, frutas",Lunes a viernes. 7:00 a 12:00,4 4258030,Si,Si
Cochabamba,Zonal,Subalcaldía Valle Hermoso,-17.422232,-66.118136,"OTB Villa Aguada, OTB Villa Brasil - D7",Público,Mercado movil-GAM Cochabamba,Alimentos,"Verduras, frutas",Lunes a viernes. 7:00 a 12:00,4 4258030,Si,Si
Cochabamba,Zonal,Subalcaldía Valle Hermoso,-17.420293,-66.114978,OTB Rocas Blancas - D7,Público,Mercado movil-GAM Cochabamba,Alimentos,"Verduras, frutas",Lunes a viernes. 7:00 a 12:00,4 4258030,Si,Si
Cochabamba,Zonal,Subalcaldía Valle Hermoso,-17.431495,-66.109405,"OTB Yuraj Rumy, OTB Las Peñas - D14",Público,Mercado movil-GAM Cochabamba,Alimentos,"Verduras, frutas",Lunes a viernes. 7:00 a 12:00,4 4258030,Si,Si
Cochabamba,Zonal,Subalcaldía Valle Hermoso,-17.434705,-66.109413,OTB Colinas de Pasbol - D14,Público,Mercado movil-GAM Cochabamba,Alimentos,"Verduras, frutas",Lunes a viernes. 7:00 a 12:00,4 4258030,Si,Si
Cochabamba,Zonal,Subalcaldía Adela Zamudio,-17.403910,-66.166728,Av. Manco Kapac y Av. 27 de agosto,Público,Mercado movil-GAM Cochabamba,Alimentos,"Verduras, frutas",Lunes a viernes. 7:00 a 12:00,4 4258030,Si,Si
Cochabamba,Zonal,Subalcaldía Adela Zamudio,-17.398862,-66.164203,"Av. Huayna Kapac, plaza Reforma Agraria",Público,Mercado movil-GAM Cochabamba,Alimentos,"Verduras, frutas",Lunes a viernes. 7:00 a 12:00,4 4258030,Si,Si
Cochabamba,Zonal,Subalcaldía Adela Zamudio,-17.393286,-66.161548,"Av. Heroínas, Plaza Gumán Quiton",Público,Mercado movil-GAM Cochabamba,Alimentos,"Verduras, frutas",Lunes a viernes. 7:00 a 12:00,4 4258030,Si,Si
Cochabamba,Zonal,Subalcaldía Adela Zamudio,-17.387801,-66.155863,"Calle México, Plaza Colón",Público,Mercado movil-GAM Cochabamba,Alimentos,"Verduras, frutas",Lunes a viernes. 7:00 a 12:00,4 4258030,Si,Si
Cochabamba,Zonal,Subalcaldía Adela Zamudio,-17.391064,-66.149985,Av. Heroínas y av. Oquendo,Público,Mercado movil-GAM Cochabamba,Alimentos,"Verduras, frutas",Lunes a viernes. 7:00 a 12:00,4 4258030,Si,Si
Cochabamba,Zonal,Subalcaldía Adela Zamudio,-17.393932,-66.141834,Av. Guillermo Urquidi y Av. Belzu,Público,Mercado movil-GAM Cochabamba,Alimentos,"Verduras, frutas",Lunes a viernes. 7:00 a 12:00,4 4258030,Si,Si
Cochabamba,Zonal,Subalcaldía Adela Zamudio,-17.390946,-66.138801,Av. Ruben Darío y Parque Noruego,Público,Mercado movil-GAM Cochabamba,Alimentos,"Verduras, frutas",Lunes a viernes. 7:00 a 12:00,4 4258030,Si,Si
Cochabamba,Zonal,Subalcaldía Adela Zamudio,-17.381444,-66.142125,Av. Ruben Darío y Av. J. Cruz Torrez,Público,Mercado movil-GAM Cochabamba,Alimentos,"Verduras, frutas",Lunes a viernes. 7:00 a 12:00,4 4258030,Si,Si
Cochabamba,Zonal,Subalcaldía Adela Zamudio,-17.380419,-66.150788,Av. Ramon Rivero y pasaje Viscarra,Público,Mercado movil-GAM Cochabamba,Alimentos,"Verduras, frutas",Lunes a viernes. 7:00 a 12:00,4 4258030,Si,Si
Cochabamba,Zonal,Subalcaldía Adela Zamudio,-17.382198,-66.151796,Plaza Quintanilla,Público,Mercado movil-GAM Cochabamba,Alimentos,"Verduras, frutas",Lunes a viernes. 7:00 a 12:00,4 4258030,Si,Si
Cochabamba,Zonal,Subalcaldía Adela Zamudio,-17.380647,-66.160008,"Av. Libertador Bolivar y Av. Oblitas, Plaza Cordova",Público,Mercado movil-GAM Cochabamba,Alimentos,"Verduras, frutas",Lunes a viernes. 7:00 a 12:00,4 4258030,Si,Si
Cochabamba,Zonal,Subalcaldía Adela Zamudio,-17.379127,-66.165380,Av. Juan de la Rosa y Av. Félix Aranibar,Público,Mercado movil-GAM Cochabamba,Alimentos,"Verduras, frutas",Lunes a viernes. 7:00 a 12:00,4 4258030,Si,Si
Cochabamba,Zonal,Subalcaldía Adela Zamudio,-17.375397,-66.167472,Parque Franz Tamayo y calle Washington,Público,Mercado movil-GAM Cochabamba,Alimentos,"Verduras, frutas",Lunes a viernes. 7:00 a 12:00,4 4258030,Si,Si
Cochabamba,Zonal,Subalcaldía Adela Zamudio,-17.372220,-66.168560,Av. América y Av. Jaime Mendoza ,Público,Mercado movil-GAM Cochabamba,Alimentos,"Verduras, frutas",Lunes a viernes. 7:00 a 12:00,4 4258030,Si,Si
Cochabamba,Zonal,Subalcaldía Adela Zamudio,-17.368173,-66.167926,Av. Man Césped y Jaimes Freire,Público,Mercado movil-GAM Cochabamba,Alimentos,"Verduras, frutas",Lunes a viernes. 7:00 a 12:00,4 4258030,Si,Si
Cochabamba,Zonal,Subalcaldía Adela Zamudio,-17.368457,-66.163860,"Av. Libertador Bolivar, Plaza Cala Cala",Público,Mercado movil-GAM Cochabamba,Alimentos,"Verduras, frutas",Lunes a viernes. 7:00 a 12:00,4 4258030,Si,Si
Cochabamba,Zonal,Subalcaldía Adela Zamudio,-17.365098,-66.162285,Av. Atahuallpa y Av. Circunvalacion ,Público,Mercado movil-GAM Cochabamba,Alimentos,"Verduras, frutas",Lunes a viernes. 7:00 a 12:00,4 4258030,Si,Si
Cochabamba,Zonal,Subalcaldía Adela Zamudio,-17.366498,-66.156436,Av. Circunvalación y Av. Santa Cruz,Público,Mercado movil-GAM Cochabamba,Alimentos,"Verduras, frutas",Lunes a viernes. 7:00 a 12:00,4 4258030,Si,Si
Cochabamba,Zonal,Subalcaldía Adela Zamudio,-17.367146,-66.149613,Av. Circunvalación y Av. Melchor Urquidi,Público,Mercado movil-GAM Cochabamba,Alimentos,"Verduras, frutas",Lunes a viernes. 7:00 a 12:00,4 4258030,Si,Si
Cochabamba,Zonal,Subalcaldía Adela Zamudio,-17.369374,-66.144038,Av. Circunvalación y Parque Jorge Trigo Andia,Público,Mercado movil-GAM Cochabamba,Alimentos,"Verduras, frutas",Lunes a viernes. 7:00 a 12:00,4 4258030,Si,Si
Cochabamba,Zonal,Subalcaldía Adela Zamudio,-17.373794,-66.142957,"Av. América, Plaza Tarija",Público,Mercado movil-GAM Cochabamba,Alimentos,"Verduras, frutas",Lunes a viernes. 7:00 a 12:00,4 4258030,Si,Si
Cochabamba,Zonal,Subalcaldía Adela Zamudio,-17.378465,-66.149734,Av. Uyuni y Av. Melchor Urquidi,Público,Mercado movil-GAM Cochabamba,Alimentos,"Verduras, frutas",Lunes a viernes. 7:00 a 12:00,4 4258030,Si,Si
Cochabamba,Zonal,Subalcaldía Adela Zamudio,-17.387288,-66.165919,Av. Humboldt y Av. Dorbigni,Público,Mercado movil-GAM Cochabamba,Alimentos,"Verduras, frutas",Lunes a viernes. 7:00 a 12:00,4 4258030,Si,Si
Cochabamba,Zonal,Subalcaldía Tunari,-17.354645,-66.156848,"Av.  II Circunvalación y cancha multifuncional, OTB 24 de mayo",Público,Mercado movil-GAM Cochabamba,Alimentos,"Verduras, frutas",Lunes a viernes. 7:00 a 12:00,4 4258030,Si,Si
Cochabamba,Zonal,Subalcaldía Tunari,NA,NA,Av. II Circunvalación y Torrentera Logostani,Público,Mercado movil-GAM Cochabamba,Alimentos,"Verduras, frutas",Lunes a viernes. 7:00 a 12:00,4 4258030,Si,Si
Cochabamba,Zonal,Subalcaldía Tunari,-17.345846,-66.165797,"OTB Los Ceibos, frente al Hospital del Norte",Público,Mercado movil-GAM Cochabamba,Alimentos,"Verduras, frutas",Lunes a viernes. 7:00 a 12:00,4 4258030,Si,Si
Cochabamba,Zonal,Subalcaldía Tunari,-17.359252,-66.172070,Av. Circunvalación y Melchor Peréz,Público,Mercado movil-GAM Cochabamba,Alimentos,"Verduras, frutas",Lunes a viernes. 7:00 a 12:00,4 4258030,Si,Si
Cochabamba,Zonal,Subalcaldía Tunari,-17.354623,-66.180253,"OTB Colquiri Norte, sede",Público,Mercado movil-GAM Cochabamba,Alimentos,"Verduras, frutas",Lunes a viernes. 7:00 a 12:00,4 4258030,Si,Si
Cochabamba,Zonal,Subalcaldía Tunari,-17.357259,-66.165183,Av. Hernán Siles y Porfirio Diaz Machicado,Público,Mercado movil-GAM Cochabamba,Alimentos,"Verduras, frutas",Lunes a viernes. 7:00 a 12:00,4 4258030,Si,Si
Cochabamba,Zonal,Subalcaldía Tunari,-17.361927,-66.161077,Av. Atahuallpa y Mostajo,Público,Mercado movil-GAM Cochabamba,Alimentos,"Verduras, frutas",Lunes a viernes. 7:00 a 12:00,4 4258030,Si,Si
Cochabamba,Zonal,Subalcaldía Tunari,-17.363155,-66.151708,Av. Luis Calvo y Zarzamora,Público,Mercado movil-GAM Cochabamba,Alimentos,"Verduras, frutas",Lunes a viernes. 7:00 a 12:00,4 4258030,Si,Si
Cochabamba,Zonal,Subalcaldía Itocta,-17.473767,-66.120883,Kara Kara lado colegio Juancito Pinto tinglado - D15,Público,Mercado movil-GAM Cochabamba,Alimentos,"Verduras, frutas",Lunes a viernes. 7:00 a 12:00,4 4258030,Si,Si
Cochabamba,Zonal,Subalcaldía Itocta,-17.466753,-66.145647,"Pampa San Miguel, final Av. Autonomía, tinglado - D15",Público,Mercado movil-GAM Cochabamba,Alimentos,"Verduras, frutas",Lunes a viernes. 7:00 a 12:00,4 4258030,Si,Si
Cochabamba,Zonal,Subalcaldía Itocta,-17.471945,-66.130232,Kara Kara - D15,Público,Mercado movil-GAM Cochabamba,Alimentos,"Verduras, frutas",Lunes a viernes. 7:00 a 12:00,4 4258030,Si,Si
Cochabamba,Zonal,Subalcaldía Itocta,-17.476704,-66.121129,Villaflores - D15,Público,Mercado movil-GAM Cochabamba,Alimentos,"Verduras, frutas",Lunes a viernes. 7:00 a 12:00,4 4258030,Si,Si
Cochabamba,Zonal,Subalcaldía Itocta,-17.481132,-66.124550,Ichucollo - D15,Público,Mercado movil-GAM Cochabamba,Alimentos,"Verduras, frutas",Lunes a viernes. 7:00 a 12:00,4 4258030,Si,Si
Cochabamba,Zonal,Subalcaldía Itocta,-17.491074,-66.177283,OTB Paz Nueva Jerusalen - D9,Público,Mercado movil-GAM Cochabamba,Alimentos,"Verduras, frutas",Lunes a viernes. 7:00 a 12:00,4 4258030,Si,Si
Cochabamba,Zonal,Subalcaldía Itocta,-17.467023,-66.204130,"Colegio 1 de Mayo, cerca plaza vecinal - D9",Público,Mercado movil-GAM Cochabamba,Alimentos,"Verduras, frutas",Lunes a viernes. 7:00 a 12:00,4 4258030,Si,Si
Cochabamba,Zonal,Subalcaldía Itocta,-17.457944,-66.185038,"Itocta, templo frente al colegio - D9",Público,Mercado movil-GAM Cochabamba,Alimentos,"Verduras, frutas",Lunes a viernes. 7:00 a 12:00,4 4258030,Si,Si
Cochabamba,Zonal,Subalcaldía Itocta,-17.483958,-66.159673,"OTB Villa Oropeza, Cobol cerca colegio - D9",Público,Mercado movil-GAM Cochabamba,Alimentos,"Verduras, frutas",Lunes a viernes. 7:00 a 12:00,4 4258030,Si,Si
Cochabamba,Zonal,Subalcaldía Itocta,-17.482268,-66.180290,"OTB 21 de septiembre, tinglado - D9",Público,Mercado movil-GAM Cochabamba,Alimentos,"Verduras, frutas",Lunes a viernes. 7:00 a 12:00,4 4258030,Si,Si
Cochabamba,Zonal,Subalcaldía Itocta,-17.472719,-66.182749,"Sivingani, entrada lado del colegio - D9",Público,Mercado movil-GAM Cochabamba,Alimentos,"Verduras, frutas",Lunes a viernes. 7:00 a 12:00,4 4258030,Si,Si
Cochabamba,Zonal,Subalcaldía Itocta,-17.452255,-66.202087,"Pucarita Chica, lado del colegio - D9",Público,Mercado movil-GAM Cochabamba,Alimentos,"Verduras, frutas",Lunes a viernes. 7:00 a 12:00,4 4258030,Si,Si
Cochabamba,Zonal,Subalcaldía Itocta,-17.453885,-66.244445,Albarrancho - D9,Público,Mercado movil-GAM Cochabamba,Alimentos,"Verduras, frutas",Lunes a viernes. 7:00 a 12:00,4 4258030,Si,Si
Cochabamba,Zonal,Subalcaldía Itocta,-17.451919,-66.231451,Caico - D9,Público,Mercado movil-GAM Cochabamba,Alimentos,"Verduras, frutas",Lunes a viernes. 7:00 a 12:00,4 4258030,Si,Si
Cochabamba,Zonal,Subalcaldía Itocta,-17.492215,-66.161410,Cobol - D9,Público,Mercado movil-GAM Cochabamba,Alimentos,"Verduras, frutas",Lunes a viernes. 7:00 a 12:00,4 4258030,Si,Si
Cochabamba,Zonal,Subalcaldía Itocta,-17.494817,-66.177233,Villa Israel - D9,Público,Mercado movil-GAM Cochabamba,Alimentos,"Verduras, frutas",Lunes a viernes. 7:00 a 12:00,4 4258030,Si,Si
Cochabamba,Zonal,Subalcaldía Itocta,-17.458082,-66.202617,Pucara - D9,Público,Mercado movil-GAM Cochabamba,Alimentos,"Verduras, frutas",Lunes a viernes. 7:00 a 12:00,4 4258030,Si,Si
Cochabamba,Zonal,Subalcaldía Itocta,-17.468847,-66.125691,Villa Rosario - D9,Público,Mercado movil-GAM Cochabamba,Alimentos,"Verduras, frutas",Lunes a viernes. 7:00 a 12:00,4 4258030,Si,Si
Cochabamba,Zonal,Subalcaldía Itocta,-17.441523,-66.200860,Pucarita Chica Urb - D9,Público,Mercado movil-GAM Cochabamba,Alimentos,"Verduras, frutas",Lunes a viernes. 7:00 a 12:00,4 4258030,Si,Si
Cochabamba,Zonal,Subalcaldía Itocta,-17.500668,-66.177972,Lomas de Panamericana - D9,Público,Mercado movil-GAM Cochabamba,Alimentos,"Verduras, frutas",Lunes a viernes. 7:00 a 12:00,4 4258030,Si,Si
La Paz,Distrital,Distrito 11 - Periférica,-16.458834,-68.147223,Plan Autopista,Público,Mercado movil-GAM La Paz,Alimentos,"Verduras, frutas","Miercoles, jueves, viernes. 7:00 a 12:00",null,Si,Si
La Paz,Distrital,Distrito 12 - Periférica,-16.470522,-68.129277,Santiago de Lacaya,Público,Mercado movil-GAM La Paz,Alimentos,"Verduras, frutas","Miercoles, jueves, viernes. 7:00 a 12:00",null,Si,Si
La Paz,Distrital,Distrito 13 - Periférica,-16.468492,-68.123724,"Rosasani, parque",Público,Mercado movil-GAM La Paz,Alimentos,"Verduras, frutas","Miercoles, jueves, viernes. 7:00 a 12:00",null,Si,Si
La Paz,Distrital,Distrito 3 - Cotahuma,-16.520143,-68.125400,Av. Francisco Bedregal rotonda Emaverde,Público,Mercado movil-GAM La Paz,Alimentos,"Verduras, frutas","Miercoles, jueves, viernes. 7:00 a 12:00",null,Si,Si
La Paz,Distrital,Distrito 4 - Cotahuma,-16.526610,-68.126677,"Av. Mario Mercado, Llojeta",Público,Mercado movil-GAM La Paz,Alimentos,"Verduras, frutas","Miercoles, jueves, viernes. 7:00 a 12:00",null,Si,Si
La Paz,Distrital,Distrito 5 - Cotahuma,-16.507097,-68.152337,"Av. 9 de abril, pasarela, final Villamil de Rada",Público,Mercado movil-GAM La Paz,Alimentos,"Verduras, frutas","Miercoles, jueves, viernes. 7:00 a 12:00",null,Si,Si
La Paz,Distrital,Distrito 18 - Sur,-16.530104,-68.057658,Condores Lakota / Lomas del Sur / Huantaqui,Público,Mercado movil-GAM La Paz,Alimentos,"Verduras, frutas","Miercoles, jueves, viernes. 7:00 a 12:00",null,Si,Si
La Paz,Distrital,Distrito 18 - Sur,-16.545331,-68.045255,Chijipata,Público,Mercado movil-GAM La Paz,Alimentos,"Verduras, frutas","Miercoles, jueves, viernes. 7:00 a 12:00",null,Si,Si
La Paz,Distrital,Distrito 18 - Sur,-16.513816,-68.052997,Rosales de Achumani,Público,Mercado movil-GAM La Paz,Alimentos,"Verduras, frutas","Miercoles, jueves, viernes. 7:00 a 12:00",null,Si,Si
La Paz,Distrital,Distrito 14 - San Antonio,-16.480262,-68.113634,"Cancha zona 24 de junio ""A"", calle 24 de junio ",Público,Mercado movil-GAM La Paz,Alimentos,"Verduras, frutas","Miercoles, jueves, viernes. 7:00 a 12:00",null,Si,Si
La Paz,Distrital,Distrito 16 - San Antonio,-16.485179,-68.093155,"Cosmos 85, parada Pumakatari, zona Villa Salome",Público,Mercado movil-GAM La Paz,Alimentos,"Verduras, frutas","Miercoles, jueves, viernes. 7:00 a 12:00",null,Si,Si
La Paz,Distrital,Distrito 17 - San Antonio,-16.510534,-68.099247,Zona Kupini ,Público,Mercado movil-GAM La Paz,Alimentos,"Verduras, frutas","Miercoles, jueves, viernes. 7:00 a 12:00",null,Si,Si
La Paz,Distrital,Distrito 20 - Mallasa,-16.566760,-68.093453,"Av. Valle de la Luna, altura banderas",Público,Mercado movil-GAM La Paz,Alimentos,"Verduras, frutas","Miercoles, jueves, viernes. 7:00 a 12:00",null,Si,Si
La Paz,Distrital,Distrito 20 - Mallasa,-16.591730,-68.073074,"Av. Tricentenario, calle 5 de la zona de Jupapina",Público,Mercado movil-GAM La Paz,Alimentos,"Verduras, frutas","Miercoles, jueves, viernes. 7:00 a 12:00",null,Si,Si
La Paz,Distrital,Distrito 20 - Mallasa,-16.559257,-68.094054,Av. Hernan Siles - Mallasa,Público,Mercado movil-GAM La Paz,Alimentos,"Verduras, frutas","Miercoles, jueves, viernes. 7:00 a 12:00",null,Si,Si
La Paz,Distrital,Distrito 1 - Centro,-16.507011,-68.126557,Plaza Bolivia,Público,Mercado movil-GAM La Paz,Alimentos,"Verduras, frutas","Miercoles, jueves, viernes. 7:00 a 12:00",null,Si,Si
La Paz,Distrital,Distrito 2 - Centro,-16.504719,-68.117239,Calle Jaimes y Mariaca,Público,Mercado movil-GAM La Paz,Alimentos,"Verduras, frutas","Miercoles, jueves, viernes. 7:00 a 12:00",null,Si,Si
La Paz,Distrital,Distrito 2 - Centro,-16.496938,-68.124284,Plaza Uyuni,Público,Mercado movil-GAM La Paz,Alimentos,"Verduras, frutas","Miercoles, jueves, viernes. 7:00 a 12:00",null,Si,Si
La Paz,Distrital,Distrito 7 - Max Paredes,-16.500530,-68.153006,Zona Sagrado Corazon,Público,Mercado movil-GAM La Paz,Alimentos,"Verduras, frutas","Miercoles, jueves, viernes. 7:00 a 12:00",null,Si,Si
La Paz,Distrital,Distrito 9 - Max Paredes,-16.500101,-68.161168,"Zona Wakathaki, colegio Filadelfia",Público,Mercado movil-GAM La Paz,Alimentos,"Verduras, frutas","Miercoles, jueves, viernes. 7:00 a 12:00",null,Si,Si
La Paz,Distrital,Distrito 10 - Max Paredes,-16.488718,-68.143275,Ciudadela Caja Ferroviaria,Público,Mercado movil-GAM La Paz,Alimentos,"Verduras, frutas","Miercoles, jueves, viernes. 7:00 a 12:00",null,Si,Si
Santa Cruz,Distrital,Distrito 4,-17.817747,-63.173147,Barrio Guaracal (Parque urbano),Público,Mercado Movil-GAM Santa Cruz,Alimentos,"Verduras, frutas",Lunes 7:00 en adelante,null,Si,Si
Santa Cruz,Distrital,Distrito 6,-17.781787,-63.145049,Barrio Guarachi-Rotonda,Público,Mercado movil-GAM La Paz,Alimentos,"Verduras, frutas",Lunes 7:00 en adelante,null,Si,Si
Santa Cruz,Distrital,Distrito 6,-17.776433,-63.134799,Barrio 21 de Enero-Cancha,Público,Mercado Movil-GAM Santa Cruz,Alimentos,"Verduras, frutas",Lunes 7:00 en adelante,null,Si,Si
Santa Cruz,Distrital,Distrito 6,-17.686077,-63.070053,Urbanización Clara Serrano,Público,Mercado movil-GAM La Paz,Alimentos,"Verduras, frutas",Lunes 7:00 en adelante,null,Si,Si
Santa Cruz,Distrital,Distrito 9,-17.834344,-63.193398,Barrio Las Misiones-Plaza del barrio,Público,Mercado Movil-GAM Santa Cruz,Alimentos,"Verduras, frutas",Lunes 7:00 en adelante,null,Si,Si
Santa Cruz,Distrital,Distrito 9,-17.839180,-63.185724,Centro Educativo Caritas - Barrio Yabog - Barrio El Deber,Público,Mercado movil-GAM La Paz,Alimentos,"Verduras, frutas",Lunes 7:00 en adelante,null,Si,Si
Santa Cruz,Distrital,Distrito 9,-17.775866,-63.117687,Barrio España - Frente a la capilla,Público,Mercado Movil-GAM Santa Cruz,Alimentos,"Verduras, frutas",Lunes 7:00 en adelante,null,Si,Si
Santa Cruz,Distrital,Distrito 9,-17.851037,-63.198303,"Av. Miguel de Cervantes, octavo anillo",Público,Mercado movil-GAM La Paz,Alimentos,"Verduras, frutas",Lunes 7:00 en adelante,null,Si,Si
Santa Cruz,Distrital,Distrito 9,-17.850836,-63.194392,Barrio La Colorada - Cancha 16 de noviembre,Público,Mercado Movil-GAM Santa Cruz,Alimentos,"Verduras, frutas",Lunes 7:00 en adelante,null,Si,Si
Santa Cruz,Distrital,Distrito 9,-17.860254,-63.213271,Barrio El Trigal - Plaza del barrio,Público,Mercado movil-GAM La Paz,Alimentos,"Verduras, frutas",Lunes 7:00 en adelante,null,Si,Si
Santa Cruz,Distrital,Distrito 14 ,-17.881180,-62.941722,Comunidad Usuri y zonas aledañas,Público,Mercado Movil-GAM Santa Cruz,Alimentos,"Verduras, frutas",Lunes 7:00 en adelante,null,Si,Si
Santa Cruz,Distrital,Distrito 1,-17.757712,-63.201073,Plaza La Costanera,Público,Mercado Movil-GAM Santa Cruz,Alimentos,"Verduras, frutas",Martes 7:00 en adelante,null,Si,Si
Santa Cruz,Distrital,Distrito 1,-17.818435,-63.130803,Plaza los Mangales,Público,Mercado Movil-GAM Santa Cruz,Alimentos,"Verduras, frutas",Martes 7:00 en adelante,null,Si,Si
Santa Cruz,Distrital,Distrito 1,-17.770796,-63.201782,Sub alcaldia Distrito 1,Público,Mercado Movil-GAM Santa Cruz,Alimentos,"Verduras, frutas",Martes 7:00 en adelante,null,Si,Si
Santa Cruz,Distrital,Distrito 1,-17.796800,-63.222009,Unidad Educativa Las Porras,Público,Mercado Movil-GAM Santa Cruz,Alimentos,"Verduras, frutas",Martes 7:00 en adelante,null,Si,Si
Santa Cruz,Distrital,Distrito 7,-17.780884,-63.098498,Lagua Guapilo Barrio Junin UV 263,Público,Mercado Movil-GAM Santa Cruz,Alimentos,"Verduras, frutas",Martes 7:00 en adelante,null,Si,Si
Santa Cruz,Distrital,Distrito 7,-17.781715,-63.090259,Condominio Borguese 262-264,Público,Mercado Movil-GAM Santa Cruz,Alimentos,"Verduras, frutas",Martes 7:00 en adelante,null,Si,Si
Santa Cruz,Distrital,Distrito 7,-17.769912,-63.134514,Kerana,Público,Mercado Movil-GAM Santa Cruz,Alimentos,"Verduras, frutas",Martes 7:00 en adelante,null,Si,Si
Santa Cruz,Distrital,Distrito 7,NA,NA,La Casona,Público,Mercado Movil-GAM Santa Cruz,Alimentos,"Verduras, frutas",Martes 7:00 en adelante,null,Si,Si
Santa Cruz,Distrital,Distrito 7,NA,NA,Amaranto,Público,Mercado Movil-GAM Santa Cruz,Alimentos,"Verduras, frutas",Martes 7:00 en adelante,null,Si,Si
Santa Cruz,Distrital,Distrito 7,NA,NA,Parque Acuatico,Público,Mercado Movil-GAM Santa Cruz,Alimentos,"Verduras, frutas",Martes 7:00 en adelante,null,Si,Si
Santa Cruz,Distrital,Distrito 7,NA,NA,Barrio Taparruete 278,Público,Mercado Movil-GAM Santa Cruz,Alimentos,"Verduras, frutas",Martes 7:00 en adelante,null,Si,Si
Santa Cruz,Distrital,Distrito 7,NA,NA,Ciudad del Este UV 270,Público,Mercado Movil-GAM Santa Cruz,Alimentos,"Verduras, frutas",Martes 7:00 en adelante,null,Si,Si
Santa Cruz,Distrital,Distrito 8,-17.842421,-63.085481,Urbanización Punta Rena - Modulo Juancito Pinto,Público,Mercado Movil-GAM Santa Cruz,Alimentos,"Verduras, frutas",Martes 7:00 en adelante,null,Si,Si
Santa Cruz,Distrital,Distrito 8,-17.847212,-63.087970,Urbanización El Quior - Plaza Principal,Público,Mercado Movil-GAM Santa Cruz,Alimentos,"Verduras, frutas",Martes 7:00 en adelante,null,Si,Si
Santa Cruz,Distrital,Distrito 8,NA,NA,Barrio 15 de Enero - Cancha 15 de enero,Público,Mercado Movil-GAM Santa Cruz,Alimentos,"Verduras, frutas",Martes 7:00 en adelante,null,Si,Si
Santa Cruz,Distrital,Distrito 5,NA,NA,Barrio Paraiso,Público,Mercado Movil-GAM Santa Cruz,Alimentos,"Verduras, frutas",Miercoles 7:00 en adelante,null,Si,Si
Santa Cruz,Distrital,Distrito 5,NA,NA,Señor de los milagros Km. 9,Público,Mercado Movil-GAM Santa Cruz,Alimentos,"Verduras, frutas",Miercoles 7:00 en adelante,null,Si,Si
Santa Cruz,Distrital,Distrito 5,-17.706295,-63.164682,Barrio Totaitu Mirador,Público,Mercado Movil-GAM Santa Cruz,Alimentos,"Verduras, frutas",Miercoles 7:00 en adelante,null,Si,Si
Santa Cruz,Distrital,Distrito 5,-17.729157,-63.144493,Barrio Los Sauces,Público,Mercado Movil-GAM Santa Cruz,Alimentos,"Verduras, frutas",Miercoles 7:00 en adelante,null,Si,Si
Santa Cruz,Distrital,Distrito 5,-17.729387,-63.175957,Barrio Villa Carmela,Público,Mercado Movil-GAM Santa Cruz,Alimentos,"Verduras, frutas",Miercoles 7:00 en adelante,null,Si,Si
Santa Cruz,Distrital,Distrito 5,-17.750875,-63.186746,Barrio 24 de Septiembre,Público,Mercado Movil-GAM Santa Cruz,Alimentos,"Verduras, frutas",Miercoles 7:00 en adelante,null,Si,Si
Santa Cruz,Distrital,Distrito 5,NA,NA,Barrio Bella Vista,Público,Mercado Movil-GAM Santa Cruz,Alimentos,"Verduras, frutas",Miercoles 7:00 en adelante,null,Si,Si
Santa Cruz,Distrital,Distrito 5,-17.824594,-63.178732,Barrio 16 de Noviembre,Público,Mercado Movil-GAM Santa Cruz,Alimentos,"Verduras, frutas",Miercoles 7:00 en adelante,null,Si,Si
Santa Cruz,Distrital,Distrito 5,NA,NA,Barrio La Esperanza,Público,Mercado Movil-GAM Santa Cruz,Alimentos,"Verduras, frutas",Miercoles 7:00 en adelante,null,Si,Si
Santa Cruz,Distrital,Distrito 5,NA,NA,Barrio Los Pinos,Público,Mercado Movil-GAM Santa Cruz,Alimentos,"Verduras, frutas",Miercoles 7:00 en adelante,null,Si,Si
Santa Cruz,Distrital,Distrito 5,NA,NA,Barrio 15 de Octubre,Público,Mercado Movil-GAM Santa Cruz,Alimentos,"Verduras, frutas",Miercoles 7:00 en adelante,null,Si,Si
Santa Cruz,Distrital,Distrito 5,-17.688018,-63.150900,"Zona de Condominio Sevilla (1 y 2, Los Bosques, Pinatar)",Público,Mercado Movil-GAM Santa Cruz,Alimentos,"Verduras, frutas",Miercoles 7:00 en adelante,null,Si,Si
Santa Cruz,Distrital,Distrito 5,-17.690648,-63.137244,Fontana Rivera 1 y 2 - Valle Cartago,Público,Mercado Movil-GAM Santa Cruz,Alimentos,"Verduras, frutas",Miercoles 7:00 en adelante,null,Si,Si
Oruro,Distrital,Distrito 6,-17.927150,-67.118428,"Desde Casco del Minero hasta Urb. Aurora, Dora Halker, Cristo Salvador, Los Olivos",Público,Mercado Movil-GAM Oruro,Alimentos,"Verduras, frutas","Martes, miercoles y viernes de 7:00 a 12:00",null,Si,Si
Oruro,Distrital,Distrito 3,-17.925030,-67.111083,"Rieles, Urb. Milenium, Pampitas y Urb. aledañas",Público,Mercado Movil-GAM Oruro,Alimentos,"Verduras, frutas","Martes, miercoles y viernes de 7:00 a 12:00",null,Si,Si
Oruro,Distrital,Distrito 3,-17.933731,-67.090892,"Villa Dorina, Huajara, Camino a Capachos",Público,Mercado Movil-GAM Oruro,Alimentos,"Verduras, frutas","Martes, miercoles y viernes de 7:00 a 12:00",null,Si,Si
Oruro,Distrital,Distrito 3,-17.946841,-67.070336,"Luis Espinal, Urb. Paraíso y Urb. aledañas",Público,Mercado Movil-GAM Oruro,Alimentos,"Verduras, frutas","Martes, miercoles y viernes de 7:00 a 12:00",null,Si,Si
Oruro,Distrital,Distrito 4,-18.001566,-67.107581,"9 de Junio, Urb. Paraíso I y II, 15 de julio y aledañas",Público,Mercado Movil-GAM Oruro,Alimentos,"Verduras, frutas","Martes, miercoles y viernes de 7:00 a 12:00",null,Si,Si
La Paz,Municipal,La Paz,NA,NA,NA,Empresa,Fridosa,Alimentos,Carnes y embutidos,Lunes a viernes. 8:00 a 12:00,65073070-70811426,Si,Si
La Paz,Municipal,La Paz,NA,NA,NA,Microempresa,Carne cerrada al vacio,Alimentos,Carnes y embutidos,null,75888507-60115517,Si,NA
Cochabamba,Municipal,Cochabamba,NA,NA,NA,Voluntario,Carla Mamani,Alimentos,Entrega de Abarrotes,NA,77938392,Si,Si
Cochabamba,Municipal,Cochabamba,NA,NA,NA,Microempresa,Agua Rica,Alimentos,Agua purificada,NA,70719564,Si,Si
La Paz,Municipal,La Paz,NA,NA,NA,Empresa,OSFIM,Alimentos,Carnes y embutidos,NA,75800080,Si,No
La Paz,Municipal,La Paz,NA,NA,NA,Microempresa,Mercasa,Alimentos,Varios,NA,76231713 - 69939108 - 79577770,Si,Si
La Paz,Municipal,La Paz,NA,NA,NA,Empresa,Agua La Montaña,Alimentos,Agua purificada,NA,2770777 - 2124847 - 67109994,Si,Si 
La Paz,Municipal,La Paz,NA,NA,NA,Microempresa,Botimbo,Alimentos,Alimento de mascotas,NA,62441000,Si,Si
La Paz,Municipal,La Paz,NA,NA,NA,Empresa,Delizia,Alimentos,Productos lacteos y helados,NA,78988113 -76596444,Si,Si
La Paz,Municipal,El Alto,NA,NA,NA,Empresa,Delizia,Alimentos,Productos lacteos y helados,NA,69720522 - 78988064,Si,Si
Cochabamba,Municipal,Cochabamba,NA,NA,NA,Empresa,Delizia,Alimentos,Productos lacteos y helados,NA,76760432 - 69801121,Si,Si
Santa Cruz,Municipal,Santa Cruz,NA,NA,NA,Empresa,Delizia,Alimentos,Productos lacteos y helados,NA,75852322 - 75005455,Si,Si
La Paz,Municipal,La Paz,NA,NA,NA,Empresa,Cosas Ricas,Alimentos,Pasteleria,NA,76759797,No,Si
La Paz,Municipal,La Paz,NA,NA,NA,Empresa,Sofía,Alimentos,Carnes y embutidos,Lunes a domingos. 8:00 a 12:00,78445000,Si,Si
La Paz,Municipal,La Paz,NA,NA,NA,Empresa,Fridosa,Alimentos,Carnes y embutidos,Lunes a viernes. 7:00 a 12:00,79678258,Si,Si
La Paz,Municipal,La Paz,NA,NA,NA,Empresa,Imba,Alimentos,Pollos,Lunes a sábado. 8:00 a 12:00,61224816,Si,Si
La Paz,Municipal,El Alto,NA,NA,NA,Empresa,Imba,Alimentos,Pollos,Lunes a sábado. 8:00 a 12:00,75246197,Si,Si
La Paz,Municipal,La Paz,NA,NA,NA,Empresa,Rio Costa,Alimentos,Carne de Res,NA,22774618 - 70120091,Si,NA
La Paz,Municipal,La Paz,NA,NA,NA,Empresa,Stege,Alimentos,Embutidos,NA,2850070 - 70118765 - 70193043,No,Si
La Paz,Municipal,La Paz,NA,NA,NA,Empresa,Torito,Alimentos,Fiambres y embutidos,NA,2850070 - 70118765 - 70193043,No,Si
Chuquisaca,Municipal,Sucre,NA,NA,Tarapaca No. 59,Microempresa,Oqharikuna,Alimentos,Productos lacteos,NA,6460221,No,No
Cochabamba,Municipal,Cochabamba,NA,NA,NA,Empresa,Pollito Rico,Alimentos,Carnes y embutidos,7:00  am - 11:00 am,68582392 - 71790762 - 4381596,No,No
Cochabamba,Municipal,Cochabamba,NA,NA,NA,Microempresa,VerduExpress,Alimentos,Verduras,Lunes a sábado. 8:00 a 12:00,60745157 - 4223444,Si,Si
Cochabamba,Municipal,Cochabamba,NA,NA,NA,Microempresa,null,Alimentos,Carnes y embutidos,24 horas,60738726,Si,NA
Cochabamba,Municipal,Cochabamba,NA,NA,NA,Microempresa,DAADSMARKET,Alimentos,Carnes y embutidos - Verduras,06:00 am - 12:00 pm,69418282 - 69418222,No,No
Cochabamba,Municipal,Cochabamba,NA,NA,NA,Microempresa,Carnes A costo,Alimentos,Carnes y embutidos,null,77442620,Si,NA
Cochabamba,Municipal,Cochabamba,NA,NA,NA,Informal,null,Alimentos,Verduras - Lácteos - Frutas,null,75992239,Si,Si
Cochabamba,Municipal,Cochabamba,NA,NA,NA,Informal,null,Alimentos,Alimento de mascotas,null,72776916 - 69413053,Si,Si
La Paz,Zonal,Achumani ,NA,NA,Condominio Alemán y Los Girasoles,Empresa,Delizia,Alimentos,Productos lacteos y helados,Jueves 09:00 am - 10:30 am,NA,No,Si
La Paz,Zonal,Achumani ,-16.519260,-68.062403,"Hipermaxi calle 31, Claveles",Empresa,Delizia,Alimentos,Productos lacteos y helados,Jueves 09:00 am - 10:30 am,NA,No,Si
La Paz,Zonal,Achumani ,-16.530628,-68.051799,"Meseta de Achumani, Condominio Jacaranda",Empresa,Delizia,Alimentos,Productos lacteos y helados,Jueves 09:00 am - 10:30 am,NA,No,Si
La Paz,Zonal,Obrajes - Alto Obrajes,NA,NA,"Los Álamos, IV Centenario",Empresa,Delizia,Alimentos,Productos lacteos y helados,Jueves 09:00 am - 10:30 am,NA,No,Si
La Paz,Zonal,Pura Pura - Centro,-16.485263,-68.148998,Ex Fábrica SAID,Empresa,Delizia,Alimentos,Productos lacteos y helados,Jueves 09:00 am - 10:30 am,NA,No,Si
La Paz,Zonal,Achumani ,-16.536546,-68.071711,Porvenir,Empresa,Delizia,Alimentos,Productos lacteos y helados,Jueves 09:00 am - 10:30 am,NA,No,Si
La Paz,Zonal,Callapa,-16.499900,-68.090578,Plaza Principal,Empresa,Delizia,Alimentos,Productos lacteos y helados,Jueves 09:00 am - 10:30 am,NA,No,Si
La Paz,Zonal,Alto Irpavi,-16.516515,-68.083866,Sector Las Nieves,Empresa,Delizia,Alimentos,Productos lacteos y helados,Jueves 09:00 am - 10:30 am,NA,No,Si
La Paz,Zonal,Koani,-16.536488,-68.081058,Puente Koani,Empresa,Delizia,Alimentos,Productos lacteos y helados,Jueves 09:00 am - 10:30 am,NA,No,Si
Cochabamba,Municipal,Cochabamba,NA,NA,NA,Empresa,Productos PIL,Alimentos,Lacteos,null,72208203,Si,Si
Cochabamba,Municipal,Cochabamba,NA,NA,NA,Empresa,Delizia,Alimentos,Lacteos,null,76760432-69801121,No,Si
Cochabamba,Municipal,Cochabamba,NA,NA,NA,Empresa,Quesería Julia,Alimentos,Quesos y aceitunas,null,67559916-72262162,Si,Si
Cochabamba,Municipal,Cochabamba,NA,NA,NA,Empresa,Avicola Rolon,Alimentos,Ovoplus y huevos,null,79968649,Si,Si
Cochabamba,Municipal,Cochabamba,NA,NA,NA,Empresa,Verduras 36,Alimentos,Verduras en general,null,79790490,NA,NA
Cochabamba,Municipal,Cochabamba,NA,NA,NA,Empresa,Daadsmarket,Alimentos,Verduras y carnes,null,69418282,No,Si
Cochabamba,Municipal,Cochabamba,NA,NA,NA,Empresa,Verdu Express,Alimentos,Verduras,null,60745157,Si,Si
Cochabamba,Municipal,Cochabamba,NA,NA,NA,Empresa,Eco Kawsay,Alimentos,Verduras,null,72219761-73772138,Si,Si
Cochabamba,Municipal,Cochabamba,NA,NA,NA,Empresa,Camion verdura,Alimentos,Verduras y frutas,null,71758486-76460289,NA,NA
Cochabamba,Municipal,Cochabamba,NA,NA,NA,Empresa,Camion,Alimentos,Papa y cebolla,null,69455988,NA,NA
Cochabamba,Municipal,Cochabamba,NA,NA,NA,Empresa,La Case,Alimentos,Mercado,null,67555737,Si,Si
Cochabamba,Municipal,Cochabamba,NA,NA,NA,Empresa,Shopping onlin,Alimentos,Mercado,null,61592695-60791611,NA,NA
Cochabamba,Municipal,Cochabamba,NA,NA,NA,Empresa,GranOro,Alimentos,Quinua y cereales,null,70761913-4450293,SI,Si
Cochabamba,Municipal,Cochabamba,NA,NA,NA,Empresa,Pollito Rico,Alimentos,Pollo,null,68582392-71790762,NA,NA
Cochabamba,Municipal,Cochabamba,NA,NA,NA,Empresa,Imba,Alimentos,Pollo,null,74162391,Si,Si
Cochabamba,Municipal,Cochabamba,NA,NA,NA,Empresa,Avicultores,Alimentos,Pollo,null,65346313-78307145,NA,No
Cochabamba,Municipal,Cochabamba,NA,NA,NA,Empresa,Vito Rivera,Alimentos,Pollo y huevos,null,67402933-72208171,NA,No
Cochabamba,Municipal,Cochabamba,NA,NA,NA,Empresa,Hoy Cerdo,Alimentos,Carne de Cerdo,null,75973212,Si,Si
Cochabamba,Municipal,Cochabamba,NA,NA,NA,Empresa,Granja,Alimentos,Carne de Cerdo,null,71747451,NA,NA
Cochabamba,Municipal,Cochabamba,NA,NA,NA,Empresa,Nelore Carnes,Alimentos,Carne de Res,null,70746781,NA,No
Cochabamba,Municipal,Cochabamba,NA,NA,NA,Empresa,Carnes a costo,Alimentos,Carne de Res,null,77442620,NA,NA
Cochabamba,Municipal,Cochabamba,NA,NA,NA,Empresa,Zelada,Alimentos,Pan,null,60395008-60705004,Si,Si
Cochabamba,Municipal,Cochabamba,NA,NA,NA,Empresa,Agua Rica,Agua,Agua embotellada,null,4244721-4430410,Si,Si
Cochabamba,Municipal,Cochabamba,NA,NA,NA,Empresa,Natureza,Agua,Agua embotellada,null,70700891,Si,Si
Cochabamba,Municipal,Cochabamba,NA,NA,NA,Empresa,Eco Pura,Agua,Agua embotellada,null,72748678,Si,Si
Cochabamba,Municipal,Cochabamba,NA,NA,NA,Empresa,Favi Hogar,Alimentos,Supermercado,null,65746512,Si ,Si
Cochabamba,Municipal,Cochabamba,NA,NA,NA,Empresa,Jarto 100 Bs,Alimentos,Supermercado,null,75488446,NA,NA
Cochabamba,Municipal,Cochabamba,NA,NA,NA,Empresa,Mayor a 150 Bs,Alimentos,Varios,null,69063762,NA,NA
Cochabamba,Municipal,Cochabamba,NA,NA,NA,Empresa,Tosi Bolivia,Alimentos,Alimentos prefritos,null,65739444,NA,NA
Cochabamba,Municipal,Cochabamba,NA,NA,NA,Empresa,Se lo llevo,Alimentos,Limpieza e higiene,null,69424447,Si,Si
Cochabamba,Municipal,Cochabamba,NA,NA,NA,Empresa,Comida rapida,Alimentos,Comida rapida,null,79969727,No,Si
Cochabamba,Municipal,Cochabamba,NA,NA,NA,Empresa,Cowork Café,Alimentos,Masitas y platos,null,4234200,No,Si
Cochabamba,Municipal,Cochabamba,NA,NA,NA,Empresa,Compromax,Alimentos,Supermercado,null,75996900,Si,Si
La Paz,Zonal,Achumani ,NA,NA,"calle 13, complejo strongest",Voluntario,Personas Encerradas pero Solidarias,Alimentos,Varios,lunes a viernes 06:00 a 12:00,78896500 - 77268029,No,NA
La Paz,Zonal,Alto Obrajes,-16.510360,-68.112718,colegio pedro poveda,Voluntario,Personas Encerradas pero Solidarias,Alimentos,Varios,lunes a viernes 06:00 a 12:00,79454215,No,NA
La Paz,Zonal,Caja Ferroviaria,NA,NA,rotonda,Voluntario,Personas Encerradas pero Solidarias,Alimentos,Varios,lunes a viernes 06:00 a 12:00,75859725,No,NA
La Paz,Zonal,Calacoto,NA,NA,cotel entrada a achumani,Voluntario,Personas Encerradas pero Solidarias,Alimentos,Varios,lunes a viernes 06:00 a 12:00,63079099,No,NA
La Paz,Zonal,Cota Cota,-16.543788,-68.059585,"calle 33, av retamas c. 33",Voluntario,Personas Encerradas pero Solidarias,Alimentos,Varios,lunes a viernes 06:00 a 12:00,70545686 - 76708748,No,NA
La Paz,Zonal,Los Pinos,-16.543162,-68.070743,Calle 25B,Voluntario,Personas Encerradas pero Solidarias,Alimentos,Varios,lunes a viernes 06:00 a 12:00,75859725,No,NA
La Paz,Zonal,Mallasilla,NA,NA,urbanizacion marisol,Voluntario,Personas Encerradas pero Solidarias,Alimentos,Varios,lunes a viernes 06:00 a 12:00,70136280,No,NA
La Paz,Zonal,Miraflores,NA,NA,"entre iturralde y haiti, calle cuba hipermaxi",Voluntario,Personas Encerradas pero Solidarias,Alimentos,Varios,lunes a viernes 06:00 a 12:00,70575736 - 77737939,No,NA
La Paz,Zonal,Obrajes,NA,NA,calle 13,Voluntario,Personas Encerradas pero Solidarias,Alimentos,Varios,lunes a viernes 06:00 a 12:00,77292261 - 60570851,No,NA
La Paz,Zonal,Pampahasi,-16.494775,-68.100551,Plaza Ergueta,Voluntario,Personas Encerradas pero Solidarias,Alimentos,Varios,lunes a viernes 06:00 a 12:00,75837739,No,NA
La Paz,Zonal,Parque Urbano,-16.503562,-68.127773,Teatro al Aire Libre,Voluntario,Personas Encerradas pero Solidarias,Alimentos,Varios,lunes a viernes 06:00 a 12:00,77268652,No,NA
La Paz,Zonal,San Antonio Alto,-16.497921,-68.108840,Sindicato Simon Bolivar,Voluntario,Personas Encerradas pero Solidarias,Alimentos,Varios,lunes a viernes 06:00 a 12:00,78835331,No,NA
La Paz,Zonal,Sopocachi,-16.517934,-68.129311,Plaza Adela Zamudio,Voluntario,Personas Encerradas pero Solidarias,Alimentos,Varios,lunes a viernes 06:00 a 12:00,77504019 - 60559536,No,NA
La Paz,Zonal,Villa Copacabana,NA,NA,parada 3 viejas,Voluntario,Personas Encerradas pero Solidarias,Alimentos,Varios,lunes a viernes 06:00 a 12:00,77233997,No,NA
Santa Cruz,Zonal,Zona Central,NA,NA,calle libertad entre buenos aires y seoane nro. 349,Voluntario,Ciudadanos en acción,Alimentos,Varios,lunes a viernes 06:00 a 12:00,77053808,No,NA
Santa Cruz,Zonal,Zona Plan 3000,-17.826331,-63.130843,av. el mechero  calle 2,Voluntario,Ciudadanos en acción,Alimentos,Varios,lunes a viernes 06:00 a 12:00,60099484,No,NA
Santa Cruz,Zonal,Zona Moscú,NA,NA,"8vo anillo, avenida moscu, calle juan",Voluntario,Ciudadanos en acción,Alimentos,Varios,lunes a viernes 06:00 a 12:00,60809417,No,NA
Santa Cruz,Zonal,Zona Pampa de la Isla,NA,NA,"6to anillo, barrio españa, uv. 53, calle madrid",Voluntario,Ciudadanos en acción,Alimentos,Varios,lunes a viernes 06:00 a 12:00,77366860,No,NA
Santa Cruz,Zonal,Zona Villa Primero de Mayo,-17.802087,-63.127853,"avenida 16 de julio y 3 pasos al frente, exactamente en el surtidor dicor",Voluntario,Ciudadanos en acción,Alimentos,Varios,lunes a viernes 06:00 a 12:00,77396446,No,NA
Cochabamba,Zonal,Zona Oeste,-17.371400,-66.180215,Av. América esq. Av. Beijing,Público,Mercado movil-GAM Cochabamba,Alimentos,"Verduras, frutas",Lunes a viernes. 7:00 a 12:00,4 4258030,Si,Si
Cochabamba,Zonal,Zona Oeste,-17.374568,-66.180773,Av. Juan de la Rosa esq. Av. Beijing,Público,Mercado movil-GAM Cochabamba,Alimentos,"Verduras, frutas",Lunes a viernes. 7:00 a 12:00,4 4258030,Si,Si
Cochabamba,Zonal,Zona Oeste,-17.370928,-66.188581,Av. América esq. Av. Thunupa,Público,Mercado movil-GAM Cochabamba,Alimentos,"Verduras, frutas",Lunes a viernes. 7:00 a 12:00,4 4258030,Si,Si
Cochabamba,Zonal,Zona Oeste,-17.379503,-66.188414,Av. Thunupa esq. Av. Villa Vicencio,Público,Mercado movil-GAM Cochabamba,Alimentos,"Verduras, frutas",Lunes a viernes. 7:00 a 12:00,4 4258030,Si,Si
Cochabamba,Zonal,Zona Oeste,-17.385931,-66.185935,Av. Villa Vicencio esq. Av. Dorbigni,Público,Mercado movil-GAM Cochabamba,Alimentos,"Verduras, frutas",Lunes a viernes. 7:00 a 12:00,4 4258030,Si,Si
Cochabamba,Zonal,Zona Oeste,-17.383027,-66.181772,Av. Tadeo Haenke esq. Av. Beijing,Público,Mercado movil-GAM Cochabamba,Alimentos,"Verduras, frutas",Lunes a viernes. 7:00 a 12:00,4 4258030,Si,Si
Cochabamba,Zonal,Zona Oeste,-17.378819,-66.181347,Av. Beijing esq. calle Apurimak,Público,Mercado movil-GAM Cochabamba,Alimentos,"Verduras, frutas",Lunes a viernes. 7:00 a 12:00,4 4258030,Si,Si
Cochabamba,Zonal,Zona Oeste,-17.374128,-66.187221,Av. Thunupa esq. calle Yuracaré,Público,Mercado movil-GAM Cochabamba,Alimentos,"Verduras, frutas",Lunes a viernes. 7:00 a 12:00,4 4258030,Si,Si
Cochabamba,Zonal,Zona Oeste,-17.378487,-66.185751,Calle Chipaya esq. Apurimak,Público,Mercado movil-GAM Cochabamba,Alimentos,"Verduras, frutas",Lunes a viernes. 7:00 a 12:00,4 4258030,Si,Si
Cochabamba,Zonal,Zona Oeste,-17.376146,-66.192446,Av. Villa Vicencio esq. calle Luis Zegarra,Público,Mercado movil-GAM Cochabamba,Alimentos,"Verduras, frutas",Lunes a viernes. 7:00 a 12:00,4 4258030,Si,Si
Cochabamba,Distrital,A,-17.376629,-66.215999,Kanaudt,Público,Mercado movil-GAM Colcapirhua,Alimentos,"Verduras, frutas",Lunes a viernes. 7:30 a 11:30,NA,Si,Si
Cochabamba,Distrital,B,-17.399556,-66.221412,Urbanizacion La Paz,Público,Mercado movil-GAM Colcapirhua,Alimentos,"Verduras, frutas",Lunes a viernes. 7:30 a 11:30,NA,Si,Si
Cochabamba,Distrital,B,-17.405482,-66.221721,ELFEC y Cucardas,Público,Mercado movil-GAM Colcapirhua,Alimentos,"Verduras, frutas",Lunes a viernes. 7:30 a 11:30,NA,Si,Si
Cochabamba,Distrital,B,NA,NA,Lirios del Sur,Público,Mercado movil-GAM Colcapirhua,Alimentos,"Verduras, frutas",Lunes a viernes. 7:30 a 11:30,NA,Si,Si
Cochabamba,Distrital,B,-17.391930,-66.221381,Santa Rosa Central,Público,Mercado movil-GAM Colcapirhua,Alimentos,"Verduras, frutas",Lunes a viernes. 7:30 a 11:30,NA,Si,Si
Cochabamba,Distrital,B,-17.395461,-66.208410,Elizabeth Seton,Público,Mercado movil-GAM Colcapirhua,Alimentos,"Verduras, frutas",Lunes a viernes. 7:30 a 11:30,NA,Si,Si
Cochabamba,Distrital,B,-17.392370,-66.212549,Oasys,Público,Mercado movil-GAM Colcapirhua,Alimentos,"Verduras, frutas",Lunes a viernes. 7:30 a 11:30,NA,Si,Si
Cochabamba,Distrital,C,-17.393291,-66.236219,Libertador Bolivar,Público,Mercado movil-GAM Colcapirhua,Alimentos,"Verduras, frutas",Lunes a viernes. 7:30 a 11:30,NA,Si,Si
Cochabamba,Distrital,C,-17.393740,-66.230906,Sumumpaya central,Público,Mercado movil-GAM Colcapirhua,Alimentos,"Verduras, frutas",Lunes a viernes. 7:30 a 11:30,NA,Si,Si
Cochabamba,Distrital,C,-17.384059,-66.229198,Senac,Público,Mercado movil-GAM Colcapirhua,Alimentos,"Verduras, frutas",Lunes a viernes. 7:30 a 11:30,NA,Si,Si
Cochabamba,Distrital,C,NA,NA,Emergencia Norte,Público,Mercado movil-GAM Colcapirhua,Alimentos,"Verduras, frutas",Lunes a viernes. 7:30 a 11:30,NA,Si,Si
Cochabamba,Distrital,D,-17.398154,-66.249711,21 de Septiembre,Público,Mercado movil-GAM Colcapirhua,Alimentos,"Verduras, frutas",Lunes a viernes. 7:30 a 11:30,NA,Si,Si
Cochabamba,Distrital,D,-17.393669,-66.242884,Colcapirhua Sud,Público,Mercado movil-GAM Colcapirhua,Alimentos,"Verduras, frutas",Lunes a viernes. 7:30 a 11:30,NA,Si,Si
Cochabamba,Distrital,E,NA,NA,Calamina,Público,Mercado movil-GAM Colcapirhua,Alimentos,"Verduras, frutas",Lunes a viernes. 7:30 a 11:30,NA,Si,Si
Cochabamba,Distrital,E,-17.409106,-66.244881,Sindicato Agrario Esquilan Grande,Público,Mercado movil-GAM Colcapirhua,Alimentos,"Verduras, frutas",Lunes a viernes. 7:30 a 11:30,NA,Si,Si
Cochabamba,Municipal,NA,NA,NA,"Calle Angélica Ascuí #500, Zona Mayorazgo",Empresa,Bolivia´s Fruit Ltda,Alimentos,"Café en pepa o molido con distintos tuestes, barras nutritivas, chocolates, granolas, frutos secos, pulpa de fruta y verdura combinada.",,"44509024 -
69477833",Si,Si
Cochabamba,Municipal,NA,NA,NA,Pasaje Márquez #33,Empresa,PiccaDely,Alimentos,"Atención de todo tipo de eventos, menú nacional e internacional, almuerzo familiar de lunes a sábado y domingo menú especial",,"4065206 -
72706252",Si,Si
Cochabamba,Municipal,NA,NA,NA,Puntiti calle s/n cond. horizonte,Empresa,Daxen vital,Alimentos,"Venta de café descafeinado orgánico, chocolate, cereal de espirulina y alimentos multivitaminados, alimentos orgánicos",,"60771999 -
60771999",Si,Si
Cochabamba,Municipal,NA,NA,NA,Calle Chipaya Nro 1760 Cond Palermo 1 Casa 5,Empresa,GALLETOSAS,Alimentos,"Galletas decoradas personalizadas, galletas surtidas, postres, pays, tortas, queques, deliciosa repostería artesanal, insumos de calidad",,"4420030 -
70342248",Si,Si
Cochabamba,Municipal,NA,NA,NA,Av. Decima y calle8( altura km6 a sacaba),Empresa,Frutas,Alimentos,"Vendo frutas: manzanas , naranja, mandarina ,platano, platano de freir, sandia, papaya ,limon..",,"72272646 -
72701462",Si,Si
Cochabamba,Municipal,NA,NA,NA,Zona sud. Barrio Don Bosco pasaje Buena Ventura.,Empresa,Hernan Molina Huanca,Alimentos,"Fruta, verduras, choclo y alfa.",,"63992606 -
71419185",Si,Si
Cochabamba,Municipal,NA,NA,NA,Calle Bolivar entre Ayacucho y Colon - Sacaba,Empresa,ANTONIO LOPEZ RODRIGUEZ,Alimentos,"Venta de Lácteos, cereales, jugos, conservas, productos de limpieza",,"4708052 -
72651661",Si,Si
Cochabamba,Municipal,NA,NA,NA,Av. América esq. Eudoro Galindo,Empresa,Automercados SRL,Alimentos,"Servicio de micromercados, nos especializamos en brindar comodidad a nuestros clientes a traves de un servicio único como es el autoservicio",,"4287811 -
70377717",Si,Si
Cochabamba,Municipal,NA,NA,NA,Calle lindero s/n apote,Empresa,Granja Ecologica Polen y Cerveca Artesanal Legria,Alimentos,Producimos hortalizas y lacteos organicos y tambien cerveza artesanal,,"68514088 -
68514088",Si,Si
Cochabamba,Municipal,NA,NA,NA,Calla Villarroel N20 Pacata Baja,Empresa,Salteñitas,Alimentos,"Elaboración de Salteñas y alimentos, servicios de catering",,"79340103 -
79340103",Si,Si
Cochabamba,Municipal,NA,NA,NA,Av Hernan Cosio #111,Empresa,PROCESADORA ANDINA DE PAPA S.R.L.,Alimentos,Somos una empresa industrializadora de papá. Nuestros productos papas chip  papas congeladas.pizza congelada rellenos,,"4319131 -
77448600",Si,Si
Cochabamba,Municipal,NA,NA,NA,Av. America Esq. Calle Tarija,Empresa,Micromercado SLA,Alimentos,"Micromercado de Alimentos, Alimentos Básicos, Gaseosas, Bebidas, Golosinas e Higiene.",,"4283779 - 69448010 -
72220717",Si,Si
Cochabamba,Municipal,NA,NA,NA,C. Camilo Torres entre Lutherking y Derechos Humanos,Empresa,DHISMAR ROMERO,Alimentos,EMPRESA EMBOTELLADORA DE AGUA DE MESA CON R.S. SENASAG 02-02-03-01-0058  ENTREGA A DOMICILIO,,"4763095 -
67572587",Si,Si
Cochabamba,Municipal,NA,NA,NA,Av. Perú,Empresa,Karina Huanca,Alimentos,"Venta de pan de batalla y pan de Arani al detalle, pan duro molido por kilos. Interior Mercado Ingavi.",,"71433507 -
71433507",Si,Si
Cochabamba,Municipal,NA,NA,NA,C/ La Merced 1668,Empresa,AlquimiA,Alimentos,Servicios relacionados a eventos sociales en general. Servicios de sellado al vacio para carne y otros peoductos,,"77933315 -
77933315",Si,Si
Cochabamba,Municipal,NA,NA,NA,Agustín López #1034 entre punata y Tarata,Empresa,Kalo's restaurante,Alimentos,"Almuerzo con  bufett de ensaladas, platos extras como pique macho, planchitas personales, charque",,"4554291 -
60776470",Si,Si
Cochabamba,Municipal,NA,NA,NA,AV. CAPITÁN VICTOR USTARIZ # 3695 ZONA BILLA BUSCH,Empresa,INDABOL S.R.L.,Alimentos,"PRODUCCIÓN, PROCESAMIENTO Y CONSERVACIÓN DE CARNE Y PRODUCTOS CÁRNICOS AVES",,"4141149 -
74162464",Si,Si
Cochabamba,Municipal,NA,NA,NA,Av. Melchor Urquidi entre Av. America y Calle Buenos Aires,Empresa,Tropical Chicken,Alimentos,Pollo frito y derivados. Fast food - Delivery,,"76400393 -
76400393",Si,Si
Cochabamba,Municipal,NA,NA,NA,Av. America esq Juan de La Rosa,Empresa,Organic Club,Alimentos,Manzana en caja de 25 kg • Royal Gala (Roja) • Granny (Verde).  ENTREGA A DOMICILIO,,"75958772 -
75958772",Si,Si
Cochabamba,Municipal,NA,NA,NA,C. Chipaya casi Av. América oeste,Empresa,Raíz Alfajores Artesanales,Alimentos,Alfajores de chocolate estilo marplatense. Alfajores de maicena.,,"4422356 -
73788840",Si,Si
Cochabamba,Municipal,NA,NA,NA,"Av. B. Galindo km 3,5",Empresa,DULCE PASTEL,Alimentos,"Tortas con diseños personalizados, fondant, buttercream, glace Real y rellenos especiales. 
Pastelería de calidad a precios muy accesibles.",,"4020141 -
70775979",Si,Si
Cochabamba,Municipal,NA,NA,NA,Calle Aniceto Padilla No 530 entre Plaza de Recoleta y Potosí,Empresa,Marquez de la Viña Gourmet,Alimentos,"Agua de mesa en sachet de 500 ml, vinos, singani, licores, quesos, productos sin gluten, conservas",,"4260587 -
70727879",Si,Si
Cochabamba,Municipal,NA,NA,NA,C. Niceto ROdriguez nro.418,Empresa,Industrias Meylin,Alimentos,Salsa soya Toshi. VInagre de Manzana Oshi. Mermelada Sahory. Gelatina Kero.Limonero Limonly,,"4421109-4018340 -
76405692",Si,Si
Cochabamba,Municipal,NA,NA,NA,"Av. Andina Esq. 21 Enero, Zona Sumumpaya Norte",Empresa,WM&C SRL,Alimentos,"Distribuidora de Alimentos y Delivery de Aceite de Oliva, Aceitunas, Papel Aluminio, Mariscos Enlatados, Cereales, Barras y Papel Higienico",,"4510508 - 4223372 -
72201952",Si,Si
Cochabamba,Municipal,NA,NA,NA,"Sacaba Calle Sucre #0283, entre calles Independencia y Perú",Empresa,RIKINIS - ALIMENTOS NATURALES,Alimentos,"Mantequilla de maní Natural (sin azúcar y sal), Llajua de maní, Maní molido crudo,Chocolates, Mermeladas de fruta de temporada.",,"74351188 -
79347994",Si,Si
Cochabamba,Municipal,NA,NA,NA,Calle bibosi,Empresa,Enjoy Life,Alimentos,"Alimentos a base de almendras 100% naturales libres de azúcar, libre de lactosa y gluten Ofrecemos leche, mantequilla harina de almendra etc",,"4799067 -
79711152",Si,Si
Cochabamba,Municipal,NA,NA,NA,"Tiquipaya, c/ Cochabamba y Sucre",Empresa,Apícola JH productos y servicios,Alimentos,"Miel del bosque Chaqueño (Chaco tarijeño) y miel de cabecera de Valles (Cotagaita y Vitichi), en envases de vidrios de 1/2 y 1 kilogramos.",,"72403133 -
68382493",Si,Si
Cochabamba,Municipal,NA,NA,NA,"A.Villavicencio, Cochabamba, Bolivia",Empresa,BloCQ Panaderia Artesanal,Alimentos,"Producción y delivery de productos de panadería (queques, rollos, galletas, empanadas, rollos de canela). FB: Blocq Panadería Artesanal",,"4799722-69497888 -
75947671",Si,Si
Cochabamba,Municipal,NA,NA,NA,Km.12 sud Urbanización Urkupiña,Empresa,GLENDCY,Alimentos,"Reposteria: Tortas, queques, rollos, donas, etc.",,"69529294 -
69529294",Si,Si
Cochabamba,Municipal,NA,NA,NA,Av.Blanco Galindo Km 4 1/2,Empresa,ACERLIFE,Alimentos,Colageno Hidrolizadocon Cloruro de Magnesio (de regalo). Suplementos nutricionales (NUTREXMAC) a base de Maca y Soya. Soja Energy.,,"68582875 -
70730170",Si,Si
Cochabamba,Municipal,NA,NA,NA,Av. Villazon N 3847,Empresa,Coronilla S.A.,Alimentos,"BioXXI, alimentos saludables. Pastas, cereales de desayuno, snacks, galletas, harinas premezcla, comidas deshidratadas de fácil preparación.",,"4717193 -
77999168",Si,Si
Cochabamba,Municipal,NA,NA,NA,Calle Chacarera esq Chovena,Empresa,Gran Quncha,Alimentos,Hamburguesas y albóndigas congeladas libre de conservantes y aditivos,,"4226242 -
69433434",Si,Si
Cochabamba,Municipal,NA,NA,NA,Av. Perú lado mercado Ingavi.,Empresa,Panadería Zahína,Alimentos,Ofrecemos productos de panadería y repostería semi artesanales.,,"4282542 -
79969623",Si,Si
Cochabamba,Municipal,NA,NA,NA,Av Circunvalación Pacata baja,Empresa,Cepas de Camargo,Alimentos,Vino Oporto Vino Tinto Vino Blanco Singani,,"62609029 -
62609029",Si,Si
Cochabamba,Municipal,NA,NA,NA,Melchor urquidi,Empresa,Daadsmarket,Alimentos,Supermercado on line atendiendo 12 años a Cochabamba y a sus mejores restaurantes y tambien desayuno escolar a varios municipios,,"69418282 -
69418224",Si,Si
Cochabamba,Municipal,NA,NA,NA,"Pje Innominado, colcapirhua",Empresa,CAOS SRL,Alimentos,"Alimentos congelados, papa camote y platano de freir prefrita congelada, yuca precocida congelada y otros",,"76455328 -
76455328",Si,Si
Cochabamba,Municipal,NA,NA,NA,Calle Kapac Yupanqui # 2417,Empresa,Frutijugo,Alimentos,"Diferentes sabores  de Néctares, Mix de Néctar y jugos, son a base de frutas frescas. El único tamaño por esta temporada la botella de 2 L",,"70345915 -
70345915",Si,Si
Cochabamba,Municipal,NA,NA,NA,Avenida 6 de Agosto # 529 entre Av. Del Cabildo y C/ General Diaz Zona Jaihuayco,Empresa,Proveedora de Alimentos Tu Amigo Pil,Alimentos,"Venta de Leche, Yogurt, Refrescos, Galletas y productos básicos",,"65660068 -
70650286",Si,Si
Cochabamba,Municipal,NA,NA,NA,Calle Chimpu Ojjllu # 1549 (Paralela a la Simon Lopez),Empresa,Masa Madre - Panadería Artesanal,Alimentos,"Panes saludables a base de MasaMadre, sin levadura, sin grasa, sin azúcar, sin huevo, sin lácteos 100% Natural. Presentación: 1/2 Kg y 1 Kg",,"70767370 -
79751390",Si,Si
Cochabamba,Municipal,NA,NA,NA,"Av. Chapare kilómetro 3, frente a la urb. El castillo",Empresa,Llajteña,Alimentos,Venta de salteñas,,"75485748 -
75485748",Si,Si
Cochabamba,Municipal,NA,NA,NA,C/Homer 3663,Empresa,Empresa Productora de Bebidas y Alimentos BENDATI,Alimentos,"Tenemos todos los productos y derivados de la colmena Miel, propóleos, polen(asociado de Fedac)",,"4470459 -
76960267",Si,Si
Cochabamba,Municipal,NA,NA,NA,Av. Circunvalación y Av. Pachacutek,Empresa,"JR Distribución, distribución de alimentos y bebidas",Alimentos,"Venta de agua alcalina PH10, chocolates Shogetten",,"76442760 -
76442760",Si,Si
Cochabamba,Municipal,NA,NA,NA,Teniente Arevalo 116,Empresa,EcoPura,Alimentos,- Agua Purificada de Mesa y Hielos,,"4527932 -
72748678",Si,Si
Cochabamba,Municipal,NA,NA,NA,Calle Melchor Urquidi entre Ciclovia y América. a media cuadra del sombrero de chola,Empresa,Productos Ecológicos Naturaleza S.A (Frutte),Alimentos,"Infusiones naturales de frutas, te, hierbas aromáticas en presentación clásica séquitos con envoltura y caja.",,"65360900 -
65172111",Si,Si
Cochabamba,Municipal,NA,NA,NA,Av. Melchor Urquide 1314 lojia 14 entre Av. América y Calle Buenos Aires.,Empresa,BRASA VIVA STEAK HOUSE,Alimentos,Empresa especializada en churrasco y eventos familiares o empresariales.,,"67429955 -
67429955",Si,Si
Cochabamba,Municipal,NA,NA,NA,Federico Blanco 831 entre Oquendo y 16 de Julio,Empresa,BOLHISPANIA S.A.,Alimentos,"Empresa dedicada al procesamiento de frutas y vegetales como piña, papaya, mango, palmito en conservas.",,"4 4563011 -
63909202",Si,Si
Cochabamba,Municipal,NA,NA,NA,Daniel Campos n 21,Empresa,Frigourmeat,Alimentos,"Venta de carne al vacio por kilo, con senasag y 4 meses de caducidad",,"44282519 -
77457749",Si,Si
Cochabamba,Municipal,NA,NA,NA,Av Blanco Galindo Km 9.8,Empresa,Avícola Jars,Alimentos,Huevos de codorníz de 50 unidades.  Huevos de codorníz cocidos          Pichones de codorníz. Bandeja de 10 unidades.,,"4262355 -
72284743",Si,Si
Cochabamba,Municipal,NA,NA,NA,Calle Calixto peñaloza zona cementerio quillacollo,Empresa,Productos pipetua,Alimentos,Elaboración de papas fritas,,"4305156 -
77426064",Si,Si
Cochabamba,Municipal,NA,NA,NA,Av. Gabriel Rene Moreno 1040,Empresa,Agua de mesa Fresca,Alimentos,Ofrece producto de excelente calidad bajo normas de SENASAG.,,"4793131 -
67498333",Si,Si
Cochabamba,Municipal,NA,NA,NA,Calle teniente monasterios S/N,Empresa,Gate Gourmet Catering Bolivia S.A.,Alimentos,"Servicio de alimentación, servicio de abastecimiento de insumos alimenticios.",,"79799919 -
79799919",Si,Si
Cochabamba,Municipal,NA,NA,NA,Sacaba -Huayllani,Empresa,Delia Vasquez,Alimentos,Productos agricolas,,"67409940 -
67409940",Si,Si
Cochabamba,Municipal,NA,NA,NA,William Shakespeare esq. Jack london,Empresa,SaWaLife srl,Alimentos,Servicio de potabilización de agua. Venta al granel de agua. Recarga de botellones de agua,,"73793491 -
73793491",Si,Si
Cochabamba,Municipal,NA,NA,NA,calle kollasuyu # 283 zona cala cala,Empresa,GRUPO INDUSTRIAL SAXSAY,Alimentos,"Produccion de snack saludables libre de gluten (mix de cereales y leguminosas, pulpa de frutas, chips de semillas)",,"4790401 -
77215394",Si,Si
Cochabamba,Municipal,NA,NA,NA,Potosi1455,Empresa,Vinoteca V&P,Alimentos,Espacio exclusivo para escoger  variedad de VINOS  y deliciosos maridajes dulces y salados.,,"77491038 -
77491038",Si,Si
Cochabamba,Municipal,NA,NA,NA,"Antezana # 945, entre Ramon Rivero y Oruro",Empresa,FitBar #PowerFIT,Alimentos,Venta y Comercialización de Productos Naturales,,"4401174 -
76909940",Si,Si
Cochabamba,Municipal,NA,NA,NA,Calle Melchor Urquidi entre Ciclovia y América. a media cuadra del sombrero de chola,Empresa,"Productos Ecologicos Naturaleza S.A ""FRUTTE""",Alimentos,"Té, mate, Infusiones naturales de frutas, hierbas aromaticas en presentación clasica saquitos con envoltura y caja.",,"65360900 -
65172111",Si,Si
Cochabamba,Municipal,NA,NA,NA,Pacata Alta - Barrio 10 de Diciembre,Empresa,Authentic Light,Alimentos,Elaboración y distribución de agua de mesa en botellones de 20 litros.,,"77499069 -
77499069",Si,Si
Cochabamba,Municipal,NA,NA,NA,Parque Lincoln y calle Illapa,Empresa,"""La Escarola"" fast-good",Alimentos,Somos una empresa que se dedica al preparado y comercializacion de alimentos 100% saludables.,,"79729991 -
79729991",Si,Si
Cochabamba,Municipal,NA,NA,NA,Calle Runasimi 2113,Empresa,Procesadora de Alimentos Valpergutor S.R.L.,Alimentos,"Alimentos congelados: Papa y camote prefritos, yuca precocida, pulpa de fruta , verduras y hamburguesas de res y pollo.",,"4242188 -
72222923",Si,Si
Cochabamba,Municipal,NA,NA,NA,Calle Buenos Aires # 5,Empresa,Auto///Market,Alimentos,Mercado movil de alimentos e insumos directo al hogar. Pedidos por whatsapp y envíos directo al cliente.,,"75480090 -
75480090",Si,Si
Cochabamba,Municipal,NA,NA,NA,Av. aroma 838 entre c. 16 de Julio y Av. Oquendo.,Empresa,Karin López,Alimentos,"Waffles, masa de harina, huevo, leche. Azúcar. 5 unidades por paquete. Ya hechos, que están congelados. Sirve para la merienda o desayuno.",,"4558406 -
70769100",Si,Si
Cochabamba,Municipal,NA,NA,NA,Calle Juan Capriles S/N casi Pantaleón Dalence,Empresa,Carolina Bustamante Vargas,Alimentos,"Alimenticios, pan",,"4252152 -
69451001",Si,Si
Cochabamba,Municipal,NA,NA,NA,Su sano Azogue 2960,Empresa,Niawa Alimentos,Alimentos,"Empresa Artesanal que se dedica a la producción de productos artesanales como mermeladas, mantequilla de maní y leche de almendra.",,"75466211 -
70712661",Si,Si
Cochabamba,Municipal,NA,NA,NA,J.A. RICO TORO N° 871 PANDO Y MELCHOR URQUIDI,Empresa,AGUA Y HIELO CHACALTAYA,Alimentos,CHACALTAYA esta certificada bajo normas SENASAG para distribuir AGUA PURIFICADA con el mas estricto cumplimientos de las normas de sanidad.,,"4200434 - 4123456 - 4243434 -
70718084",Si,Si
Cochabamba,Municipal,NA,NA,NA,"Carretera a sacaba km 3,5",Empresa,De La Selva LTDA,Alimentos,"Alimentos en conserva: palmitos, piñas al jugo, mermeladas de piña,  papaya, camu camu, spaghetti de palmito, Dips de palmito",,"4719923 -
71733666",Si,Si
Cochabamba,Municipal,NA,NA,NA,Camino a Sacaba km 7.5 sobre la circunvalación y calle sarao,Empresa,Dulces Momentos JaDaSha,Alimentos,"Somos una Reposteria. Que realiza tortas, postres fríos, mesas dulces, mesas saladas y mucho más. Trabajamos con pedidos mediante Internet.",,"76464237 -
76464237",Si,Si
Cochabamba,Municipal,NA,NA,NA,C/Gardenias #111,Empresa,"DISTRIBUIDORA DE POLLOS ""RTR""",Alimentos,Venta de pollo de 1a entregas a OTB-BARRIOS MERCADOS-MICROMERCADOS-DOMICILIO ETC.,,"75007329 -
75007329",Si,Si
Cochabamba,Municipal,NA,NA,NA,Calle Tomás Frias y Pedro Blanco. En plena esquina.,Empresa,Goodman Friendly Market,Alimentos,Un micromercado de productos varios para el hogar. Insumos e higiene.,,"78365315 -
77956151",Si,Si
Cochabamba,Municipal,NA,NA,NA,"España 491, casi Mexico",Empresa,Pastas Todo Listo,Alimentos,"Pastas y masas congeladas sin conservantes, ravioles, capalletis, hojas de lasagna, masa de empanadas o pasteles fritos. FB: Pastastodolisto",,"4224150 -
72717338",Si,Si
Cochabamba,Municipal,NA,NA,NA,calle kollasuyu # 283 zona cala cala,Empresa,GRUPO INDUSTRIAL SAXSAY,Alimentos,"Produccion de snack saludable libre de gluten (mix de cereales y leguminosas, chips de semillas, pulpa de frutas)  con registro SENASAG",,"4790401 -
77215394",Si,Si
Cochabamba,Municipal,NA,NA,NA,c. José Quintín Mendoza 1668. Entre Lucas Mendoza y Alcides Arguedas,Empresa,Industria Alimenticia Lazzo,Alimentos,"Tabueno y Lazzo - Papas fritas clásicas y saborizadas. Platanos, maní y tocinos fritos. Balum, Helados picolés y por Litros-varios sabores.",,"4281112 -
67400164",Si,Si
Cochabamba,Municipal,NA,NA,NA,Av. Ayacucho 282 casi eq. Santivañez,Empresa,Chocolates Baure y El Ceibo Cochabamba,Alimentos,"Venta y distribucion por mayor y menor de chocolates El Ceibo, Baure y Condor",,"4234981 -
72205089",Si,Si
Cochabamba,Municipal,NA,NA,NA,Av circunvalación y calle Sumaj Llajta,Empresa,Frutas & Verduras,Alimentos,Frutas frescas y verduras de primera necesidad para las familias de Cochabamba,,"4883108 -
76457624",Si,Si
Cochabamba,Municipal,NA,NA,NA,Calle Chicopaya s/n Zona sud,Empresa,INDUSTRIAS AQUACORP,Alimentos,Producción de agua purificada de alta calidad y en distintas presentaciones,,"4245055 -
78360300",Si,Si
Cochabamba,Municipal,NA,NA,NA,Avenida circunvalación esquina Sumaj llajta,Empresa,Rocío Rodríguez amurrio,Alimentos,"Venta de verduras, frutas,huevo,condimentos,aceite de soya",,"4883108 -
76414593",Si,Si
Cochabamba,Municipal,NA,NA,NA,Av. Vllazon km 3 sobre la avenida Chapare esquina Perú. Plena esquina,Empresa,Provlop,Alimentos,"Ofrecemos alimentos: verduras, frutas, cereales,arroz, harina, abarrotes, enlatados,azucar",,"69444399 -
69444399",Si,Si
Cochabamba,Municipal,NA,NA,NA,Calle PunataN74,Empresa,Aydee Gabriela Villca Huayta,Alimentos,Comercialización de productos en conserva y otros.,,"77435934 -
77435934",Si,Si
Cochabamba,Municipal,NA,NA,NA,Calle Buganvilias 1479 sauces y palmeras,Empresa,Jose Ramiro Nogales Flores Agua Vertiente,Alimentos,Botellones de 20 litros - entrega a domicilio,,"4797733 - 34 -35 72225561 -
72745363",Si,Si
Cochabamba,Municipal,NA,NA,NA,Avenida Simón López y cruce taquiña,Empresa,Agencia de lácteos cruce taquiñ,Alimentos,Somos una agencia alimenticia que provee lácteos de todo tipo,,"65506690 -
65506690",Si,Si
Cochabamba,Municipal,NA,NA,NA,Av. Innominada s/n esq. Innominada,Empresa,Agua purificada de mesa las nubes,Alimentos,Agua purificada de mesa las nubes,,"79794407 -
79794407",Si,Si
Cochabamba,Municipal,NA,NA,NA,Av. República # 825 zona central Sud,Empresa,Agua Purificada Génesis,Alimentos,"PRODUCCIÓN AGUA PURIFICADA 20 L, 10 L sachets de 500 ml. Realizamos Entregas a Domicilio, Contamos con todos los Permisos exigidos por Ley",,"4553463 -
76454066",Si,Si
Cochabamba,Municipal,NA,NA,NA,Av. Andina s/n esquina Av. 21 de enero,Empresa,INBOLCER SRL,Alimentos,producimos cereales y snacks como barritas de cereal energéticas libre de gluten en base a Quinua (todos nuestros productos),,"4223372 -
72201952",Si,Si
Cochabamba,Municipal,NA,NA,NA,Quillacollo zona central,Empresa,Natural Life,Alimentos,"Mantequillas Naturales de mani, almendra y nueces",,"70343918 -
70343917",Si,Si
Cochabamba,Municipal,NA,NA,NA,Urpi,Empresa,Activa tu Sistema inmunológico,Alimentos,"Productos orgánicos para estimular el sistema inmunológico , kefir , combucha ,insulina , probióticos , súper chicha",,"75957601 -
75957601",Si,Si
Cochabamba,Municipal,NA,NA,NA,Av. Gabriel Rene Moreno 1040,Empresa,Agua purificada de mesa Fresca,Alimentos,"PRODUCTOS DE ALTA CALIDAD E INCLUYE EN SU PROCESO OSNOSIS INVERSA, CUENTA CON REGI. SANIT. SENASAG. SE HACE ENTREGA A  DOMICILIO.",,"4793131 -
67498333",Si,Si
Cochabamba,Municipal,NA,NA,NA,Calle En rique Salnas 521,Empresa,CAPRA SRL,Alimentos,Pulpas congeladas naturales tropicales y de Vall sin químicos ( Maracuya piña frutilla mandarina camucamu cítricos tumbo mango) y fruta al j,,"4540488 -
71721835",Si,Si
Cochabamba,Municipal,NA,NA,NA,Av. Teofilo vargas #759,Empresa,Aguas del eden,Alimentos,Ofrecemos agua purificada embotellada de 20 litros,,"4405776 -
67425050",Si,Si
Cochabamba,Municipal,NA,NA,NA,Avenida peru 0460,Empresa,Parlawi cafe & lab,Alimentos,Tostadores de cafe en grano y molido y productos secundarios de cafe. Compramos de productores y vendemos localmente en mercados artesanales,,"71428523 -
71428523",Si,Si
Cochabamba,Municipal,NA,NA,NA,Av. Decima y calle8( altura km6 a sacaba),Empresa,Sra. Magui( frutera),Alimentos,"Vendo frutas: manzanas , naranja, mandarina ,platano, platano de freir, sandia, papaya ,limon..",,"72272646 -
72701462",Si,Si
Cochabamba,Municipal,NA,NA,NA,"Avenida Miguel Mercado, Vinto",Empresa,Marcelo Castelo Quiroga,Alimentos,Producción y comercialización de cereales. Comercialización de Arroz. Producción de harina de arroz y sémola amarilla de maiz,,"4358638 -
79788568",Si,Si
Cochabamba,Municipal,NA,NA,NA,AV. SEGUNDA SN ENTRE ARQUÍMEDES Y ALEXANDER FLEMING,Empresa,IMBA S.A.,Alimentos,"PRODUCCIÓN, PROCESAMIENTO Y CONSERVACIÓN DE CARNE Y PRODUCTOS CÁRNICOS AVES",,"4434500 -
74162475",Si,Si
Cochabamba,Municipal,NA,NA,NA,"Av. Andina S/N. Esq. 21 Enero, Zuna Sumumpaya Norte",Empresa,Industria Boliviana de Cereales SRL,Alimentos,"Industria Productora y Distribuidora de Cereales, Barras, Snacks y Harinas Premezcladas a Base de Quinua, Amaranto y Cañahua.",,"4510508 - 4223372 -
61678665",Si,Si
Cochabamba,Municipal,NA,NA,NA,Av Blanco Galindo km 6,Empresa,Dimadetar SRL,Alimentos,"Comercializamos galletas, agua mineral y gaseosas",,"4485043 -
75010187",Si,Si
Cochabamba,Municipal,NA,NA,NA,c/Tocopilla Esq. Casto Rojas Nro 1401,Empresa,Aguas Del Nilo,Alimentos,Venta de agua de mesa,,"4433175 -
78329878",Si,Si
Cochabamba,Municipal,NA,NA,NA,Junín 324,Empresa,Innovando Tecnologías,Alimentos,Contamos con un invernadero de producción de tomates hidropónicos y a punto de cosechar papa para el mercado local con proyección nacional.,,"+59167743837 -
67743837",Si,Si
Cochabamba,Municipal,NA,NA,NA,Rio Blanco. Km 258 carretera Cochabamba- Santa Cruz,Empresa,APAJ (ASOCIACION DE PRODUCTORES AGRICOLAS JUVENIL),Alimentos,"Pulpa de Frutas congeladas de camu camu, copoazu, piña en presentaciones de baldes de 18kg, 1kg, 500 gr",,"67503790 -
67503790",Si,Si
Cochabamba,Municipal,NA,NA,NA,Calle Chimpu Ojjllu #1549 (Paralela a la Simon Lopez),Empresa,Jukur Alimentos,Alimentos,"Venta de Salsa de tomate, Chimichurri y Chucrut. Productos 100% Naturales.",,"70767370 -
79751390",Si,Si
Cochabamba,Municipal,NA,NA,NA,Calle Lanza entre Venezuela y Ecuador edificio ceflor#317,Empresa,Dxn Cochabamba,Alimentos,"Proctos Nutricionales Derivados de Ganoderma y Spirulina, Café 2e1, 3en1, Cocozhi, Vita Café, Te Latte, etc",,"44234409 -
77488838",Si,Si
Cochabamba,Municipal,NA,NA,NA,"Av. Pando pasaje portales, entrando frente al Hupermall",Empresa,GRUPO DUO SRL / mandarina,Alimentos,"16 años de experiencia en el rubro de alimentos y bebidas, catering, organización de eventos, consultoría y Asesoramiento gastronomico.",,"4798613 -
77900019",Si,Si
Cochabamba,Municipal,NA,NA,NA,"Calle sucre #492, esq. Av. San Martín",Empresa,"Industria de alimentos piñami srl, productos VIGOR",Alimentos,"Productos lácteos y sus derivados, especialidad en queso fresco, yogurt bebible, frutado, miel de abeja, néctar de fruta, agua en botellas",,"44501017 -
76402354",Si,Si
Cochabamba,Municipal,NA,NA,NA,c/ Pedro Blanco 351,Empresa,Criollita,Alimentos,Producción y comercialización de salsas listas para cocinar comida criolla.,,"4242616 -
78311988",Si,Si
Cochabamba,Municipal,NA,NA,NA,Rafael Méndez,Empresa,Lácteos Moo,Alimentos,"Yogurt griego normal, yogurt griego light, dulce de leche",,"63827201 -
72708760",Si,Si
Cochabamba,Municipal,NA,NA,NA,Pasaje La Tablada#1378 y Portales,Empresa,"REFRIGERIOS&SNACK'S ""MI DULZURA""",Alimentos,"Proveer refrigerios, plato servido, almuerzos y atención eventos a nivel empresarial y social. Calidad y puntualidad. Servicio Facturado.",,"79957090 -
79957090",Si,Si
Cochabamba,Municipal,NA,NA,NA,"República, antezana honduras",Empresa,Comercial lizvania,Alimentos,"Harina (adelia maria, victoria)Tipo 000 Arroz(oquinawa primera y segunda)  azucar(Bélgica)  fideo(famosa, lazaroni, la suprema) aceite(fino)",,"76452699 -
76452699",Si,Si
Cochabamba,Municipal,NA,NA,NA,Av. Salamanca 860,Empresa,CAPRESSO S.R.L.,Alimentos,"Productos de panadería y repostería; bebidas naturales, café, frutas, lácteos, azucar, verduras y otros de primera necesidad.",,"79966266 -
79966266",Si,Si
Cochabamba,Municipal,NA,NA,NA,C.Camilo Torres s/n,Empresa,AQUAVIP,Alimentos,Empresa embotelladora de agua purificada,,"4763095 -
67572587",Si,Si
Cochabamba,Municipal,NA,NA,NA,Calle Francisco Viedma #263,Empresa,Dxn vital,Alimentos,"Proctos Nutricionales Derivados de Ganoderma y Spirulina, Café, chocolate, té, café 2e1, café 3en1, Cocozhi, Vita Café, Te Latte, etc...",,"60771999 -
70342954",Si,Si
Cochabamba,Municipal,NA,NA,NA,"Av America O-989, casi Gabriel Rene Moreno y Manchaypuito",Empresa,Helados FRAGOLA,Alimentos,"Helado Artesanal Italiano, helado premium dietetico - zero azucar - zero gluten, venta en envaces de medio y cuarto kilo.",,"4121010 -
72235555",Si,Si
Cochabamba,Municipal,NA,NA,NA,Calle Julián de Los Ríos N°1948 - Zona Tupuraya,Empresa,Bolivian Beer Company - Cerveza Candelaria,Alimentos,Cerveza Artesanal hecha en Cochabamba,,"69413000 -
69413000",Si,Si
Cochabamba,Municipal,NA,NA,NA,Av. República # 825,Empresa,Agua Purificada Génesis,Alimentos,"Venta agua purificada 20 L, 10 L sachets de 500 ml. Contamos con todos los Permisos exigidos por Ley",,"4553463 -
76454066",Si,Si
Cochabamba,Municipal,NA,NA,NA,Juan capriles #170 entre Libertador Bolívar y tupac amaru,Empresa,Apthapi,Alimentos,Almuerzo familiar a medio día 12:30-14:30 comida la paso todo el día 12:30 - 22:30 comida callejera del mundo 18:00-22:30,,"67426557 -
67426557",Si,Si
Cochabamba,Municipal,NA,NA,NA,Av. Heroínas 531casi Falsuri,Empresa,IOGO Yogurt Griego,Alimentos,Somos una industria procesadora de productos lácteos de carácter artesanal. Producimos Yogurt tipo Griego y jaleas en diferentes tamaños.,,"72220255 -
72150000",Si,Si
Cochabamba,Municipal,NA,NA,NA,Av. Melchor Pérez de Olguín 1084 entre parque ex combatientes casi pasaje zoológico,Empresa,Frial PigShop,Alimentos,"Venta de carne de pollo, res, cerdo, productos congelados: papas fritas, pizzas, hamburguesas, enlatados y condimentos",,"4439045 -
70750787",Si,Si
Cochabamba,Municipal,NA,NA,NA,Plazuela Ubaldo Anze Recoleta,Empresa,GRAN HOTEL COCHABAMBA,Alimentos,Servicio Hotelero 5 estrellas y Centro de Eventos y Convenciones,,"4480520 -
77491416",Si,Si
Cochabamba,Municipal,NA,NA,NA,Pje. La Chaime #6,Empresa,NATUREZA SRL,Alimentos,"AGUA PURIFICADA EMBOTELLADA 20L y 620cc, IceTea 620cc, hielo en cubitos y equipamiento.  Servicio de entrega a domicilio.",,"4470476 4453531 -
70700891",Si,Si
Cochabamba,Municipal,NA,NA,NA,Av Ballivian Esquina Oruro,Empresa,GENEVA SRL,Alimentos,Venta de Helados artesanales premium,,"4567758 -
72220023",Si,Si
Cochabamba,Municipal,NA,NA,NA,Heroínas esquina belzu,Empresa,Pescadería surubi,Alimentos,Venta de pescado,,"4534669 -
60372311",Si,Si
Cochabamba,Municipal,NA,NA,NA,Av. oquendo N°1080,Empresa,FABOPAL S.A.,Alimentos,VENTA DE DURAZNO ENLATADO Y PALMITOS ENLATADOS,,"4117044 -
70370757",Si,Si
Cochabamba,Municipal,NA,NA,NA,Av. Chilimarca # 394,Empresa,Industria de alimentos el tonel,Alimentos,"Fábrica de vinagre, salsa de soya, limonero y esencia de vainilla",,"4311542 -
70771112",Si,Si
Cochabamba,Municipal,NA,NA,NA,CALLE ULUNCHU. CONDOMINIO SAN SILVESTRE IV,Empresa,SOYRICA,Alimentos,"PASTELERIA SALUDABLE PARA DIABÉTICOS, CELIACOS Y VEGANOS",,"XXXX -
71772044",Si,Si
Cochabamba,Municipal,NA,NA,NA,Calle tito yupanqui,Empresa,Alaska SRL,Alimentos,Botellones de agua de 20 litros,,"4374473 -
69512713",Si,Si
Cochabamba,Municipal,NA,NA,NA,Avenida chapare zona chacacollo,Empresa,Pescaderia surubi,Alimentos,Venta y comercializacion de pescado,,"4660421 -
79356623",Si,Si
Cochabamba,Municipal,NA,NA,NA,Zona temporal,Empresa,Herbalife,Alimentos,"Suplementos de nutrición celular. Nutrición deportiva.Nutrición específica (diabetes, preción alta, ostioporosis, prob. cardio vasculares.",,"73320150 -
73320150",Si,Si
Cochabamba,Municipal,NA,NA,NA,Av. Petrolera Km9,Empresa,Micromercado RAMOS,Alimentos,"Carne de res, abarrotes, lácteos, verduras, frutas, cereales, huevo, jugos, conservas, embutidos, detergentes, librería.",,"4764003 -
70719607",Si,Si
Cochabamba,Municipal,NA,NA,NA,Av siles,Empresa,Alnat industrias alimenticias,Alimentos,"Elaboramos mermeladas, sales parrilleras y condimentos molidos",,"77993385 -
77993385",Si,Si
Cochabamba,Municipal,NA,NA,NA,Pasaje Boulevard o Av. Uyuni,Empresa,La Estancia S.R.L.,Alimentos,"Diferentes tipos de carne a la parrilla (res, pollo, pescado, cerdo, cordero y mariscos) con buffet de ensaladas y guarniciones a elección.",,"4249262 -
77433340",Si,Si
Cochabamba,Municipal,NA,NA,NA,Av. Centenario media cuadra al sur de la circunvalacion (Zona Cruce taquiña),Empresa,La Bodega,Alimentos,Venta de insumos de abastecimiento básico a las familias,,"60781631 -
60781631",Si,Si
Cochabamba,Municipal,NA,NA,NA,"Colombia Nro 524, entre San Martin y Lanza, frente a la entrada al pasaje San Rafael, acerca sud",Empresa,Sain sin gluten,Alimentos,"Panadería, repostería y pastelería sin gluten, sin azúcar y sin lácteos, para celíacos, intolerantes y alérgicos al gluten, diabéticos.",,"62622010 -
68450550",Si,Si
Cochabamba,Municipal,NA,NA,NA,Calle joaquin salcedo s/n,Empresa,AQUAPURA,Alimentos,Agua embotellada de mesa 20lts,,"71496981 -
67407771",Si,Si
Cochabamba,Municipal,NA,NA,NA,Juan Capriles casi esquina tupac Amaru. Edificio kantuta,Empresa,GreenMama,Alimentos,"Greenmama es una pequeño restaurante de comida  rápida, saludable y orgánica. Creemos que las decisiones",,"70724413 -
70724413",Si,Si
Cochabamba,Municipal,NA,NA,NA,"Localidad de Pihusi, Apote",Empresa,Casa Venturini,Alimentos,Empresa dedicada a la elaboración de quesos madurados y embutidos,,"71522782 -
71522782",Si,Si
Cochabamba,Municipal,NA,NA,NA,Calle Sucre entre Antezana y 16 de Julio acera sud nro 730,Empresa,PANADERIA Y REPOSTERIA HORNERITO,Alimentos,"Elaboración de productos de panadería, pastelería y repostería",,"4500612 -
60398157",Si,Si