type,id,geometry,geometry_name,properties/Nombre,properties/Direccion,properties/Zona,properties/Tipo,properties/ActividadEconomica,properties/MacroDistrito,properties/DistritoChar,properties/distrito,properties/owner,properties/usuario,properties/fechaActual,properties/observaciones,geometry/type,geometry/coordinates/0,geometry/coordinates/1
Feature,agenciasviajes.1,,geom,Fox Tours & Travels,C. Linares #1017,SAN PEDRO BELEN,Comercio y Servicios,AGENCIAS DE VIAJE Y ORGANIZACION DE VIAJES EN GRUP,COTAHUMA,DISTRITO 6,6,,brenda.zuniga,2016-06-07T18:47:53.150Z,,,,
Feature,agenciasviajes.2,,geom,Inday Tours,C. Illampu #742,ROSARIO,Comercio y Servicios,AGENCIAS DE VIAJE Y ORGANIZACION DE VIAJES EN GRUP,CENTRO,DISTRITO 1,1,,brenda.zuniga,2016-06-03T15:24:32.810Z,,,,
Feature,agenciasviajes.3,,geom,Big Trax Tours,Av. Baltazar de Salas #1083,VINO TINTO,Comercio y Servicios,AGENCIAS DE VIAJE Y ORGANIZACION DE VIAJES EN GRUP,PERIFERICA,DISTRITO 11,11,,brenda.zuniga,2016-06-03T15:31:12.727Z,,,,
Feature,agenciasviajes.4,,geom,Mirella Tours,Av. Simón Bolivar #1922,MIRAFLORES,Comercio y Servicios,AGENCIAS DE VIAJE Y ORGANIZACION DE VIAJES EN GRUP,CENTRO,DISTRITO 2,2,,brenda.zuniga,2016-06-03T15:56:53.530Z,,,,
Feature,agenciasviajes.5,,geom,Mundi Tours,Av. Arequipa #8221 Edif. Centro Empresarial La Florida,La Florida,Comercio y Servicios,AGENCIAS DE VIAJE Y ORGANIZACION DE VIAJES EN GRUP,SUR,DISTRITO 19,0,,brenda.zuniga,2016-06-03T15:42:40.693Z,,,,
Feature,agenciasviajes.6,,geom,Seagull Travel,Av. Villazón Edif. Villazón #1958,SOPOCACHI BAJO,Comercio y Servicios,AGENCIAS DE VIAJE Y ORGANIZACION DE VIAJES EN GRUP,COTAHUMA,DISTRITO 3,3,,brenda.zuniga,2016-06-03T16:09:05.490Z,,Point,-68.13079005,-16.50472945
Feature,agenciasviajes.7,,geom,Organización y Venta de Paquetes Turísticos,C. Sagaranaga #189,SAN PEDRO BELEN,Comercio y Servicios,AGENCIAS DE VIAJE Y ORGANIZACION DE VIAJES EN GRUP,COTAHUMA,DISTRITO 6,6,,brenda.zuniga,2016-06-03T16:01:57.890Z,,,,
Feature,agenciasviajes.8,,geom,Bolivian Niji Tour Operator,C. Linares # 947,ROSARIO(COTAHUMA),Comercio y Servicios,AGENCIAS DE VIAJE Y ORGANIZACION DE VIAJES EN GRUP,COTAHUMA,DISTRITO 6,6,,brenda.zuniga,2016-06-03T16:15:48.803Z,,,,
Feature,agenciasviajes.9,,geom,Victoria Andina,C. Illampu #867,ROSARIO,Comercio y Servicios,AGENCIAS DE VIAJE Y ORGANIZACION DE VIAJES EN GRUP,CENTRO,DISTRITO 1,1,,brenda.zuniga,2016-06-03T16:16:45.413Z,,,,
Feature,agenciasviajes.10,,geom,Bolivia Japan Tour,Av. Gobles Edif. Riveros Pb. #156,BAJO IRPAVI,Comercio y Servicios,AGENCIAS DE VIAJE Y ORGANIZACION DE VIAJES EN GRUP,SUR,DISTRITO 18,0,,brenda.zuniga,2016-06-03T16:19:04.970Z,,,,
Feature,agenciasviajes.11,,geom,Viajes Planeta S.R.L.,"Av. Montenegro, Edif. San Miguel #1420 Edif. Arcangel",SAN MIGUEL,Comercio y Servicios,ACT.AGENCIAS DE VIAJES Y ASISTENCIA A TURISTAS NCP,SUR,DISTRITO 19,18,,brenda.zuniga,2016-06-07T18:48:01.203Z,,Point,-68.0786324,-16.54044093
Feature,agenciasviajes.12,,geom,Arriba Ltda.,C. Rene Moreno Boq. C6 #1328,SAN MIGUEL,Comercio y Servicios,AGENCIAS DE VIAJE Y ORGANIZACION DE VIAJES EN GRUP,SUR,DISTRITO 19,0,,brenda.zuniga,2016-06-03T19:00:30.223Z,,Point,-68.07935356,-16.54108127
Feature,agenciasviajes.13,,geom,Agencia de viajes y turismo,C. Gabriel Rene Moreno #1328,SAN MIGUEL,Comercio y Servicios,AGENCIAS DE VIAJE Y ORGANIZACION DE VIAJES EN GRUP,SUR,DISTRITO 19,19,,brenda.zuniga,2016-06-03T19:02:48.770Z,,Point,-68.07935285,-16.54109202
Feature,agenciasviajes.14,,geom,Santa Barbara Tours,C. 21 de Calacoto #8350,CALACOTO,Comercio y Servicios,AGENCIAS DE VIAJE Y ORGANIZACION DE VIAJES EN GRUP,SUR,DISTRITO 19,18,,clara.revollo,2016-06-13T19:42:34.527Z,Nombre actual de la empresa AGENCIA DE PASAJES ACUARIO S.R.L.,Point,-68.07748934,-16.54230685
Feature,agenciasviajes.15,,geom,Agencia de viaje,C. Sagárnaga #363,ROSARIO,Comercio y Servicios,AGENCIAS DE VIAJE Y ORGANIZACION DE VIAJES EN GRUP,COTAHUMA,DISTRITO 6,6,,brenda.zuniga,2016-06-03T20:22:16.903Z,,,,
Feature,agenciasviajes.16,,geom,Andes Amazonia Operador de Turismo,CA Sagárnaga #189,SAN PEDRO BELEN,Comercio y Servicios,AGENCIAS DE VIAJE Y ORGANIZACION DE VIAJES EN GRUP,COTAHUMA,DISTRITO 6,6,,brenda.zuniga,2016-06-03T20:28:37.117Z,,Point,-68.13752595,-16.49714675
Feature,agenciasviajes.17,,geom,Bolivia Victour Travel & Bureau,C. Sagárnaga #288 Edif.  Galería Las Brujas Piso 1 Of. 21,ROSARIO,Comercio y Servicios,AGENCIAS DE VIAJE Y ORGANIZACION DE VIAJES EN GRUP,CENTRO,DISTRITO 1,6,,brenda.zuniga,2016-06-07T18:49:32.147Z,,Point,-68.13829253,-16.49721212
Feature,agenciasviajes.18,,geom,Arco Travel Bolivia,C. Sagárnaga #213 Edif. Galería Chuquiago Piso 1 Of. 11,ROSARIO(COTAHUMA),Comercio y Servicios,AGENCIAS DE VIAJE Y ORGANIZACION DE VIAJES EN GRUP,COTAHUMA,DISTRITO 6,6,,brenda.zuniga,2016-06-03T20:37:35.527Z,,,,
Feature,agenciasviajes.19,,geom,Golf and Tours Bolivia,C. Valentín Abecia #1751,TEMBLADERANI,Comercio y Servicios,AGENCIAS DE VIAJE Y ORGANIZACION DE VIAJES EN GRUP,COTAHUMA,DISTRITO 4,0,,brenda.zuniga,2016-06-03T20:51:09.933Z,,,,
Feature,agenciasviajes.20,,geom,Gravity Assisted Mountain Biking S.R.L.,C. Linares #940 Galería Pachamama Of. 5,SAN PEDRO BAJO,Comercio y Servicios,AGENCIAS DE VIAJE Y ORGANIZACION DE VIAJES EN GRUP,COTAHUMA,DISTRITO 6,6,,brenda.zuniga,2016-06-07T23:40:13.463Z,,Point,-68.13793168,-16.49813046
Feature,agenciasviajes.21,,geom,Alma Turismo S.R.L.,Av. Arce #2355 Edif. Cobija Piso 5 Of. 501,SAN JORGE,Comercio y Servicios,AGENCIAS DE VIAJE Y ORGANIZACION DE VIAJES EN GRUP,CENTRO,DISTRITO 1,1,,brenda.zuniga,2016-06-03T21:18:48.513Z,,Point,-68.12565872,-16.50805141
Feature,agenciasviajes.22,,geom,Super Tour,C. Villalobos #625 Edif. Girasoles Piso 3 Of. 5B,MIRAFLORES,Comercio y Servicios,AGENCIAS DE VIAJE Y ORGANIZACION DE VIAJES EN GRUP,CENTRO,DISTRITO 2,2,,brenda.zuniga,2016-06-03T21:26:55.963Z,,,,
Feature,agenciasviajes.23,,geom,Jireh Turismo,C. Sagárnaga #288 Edif. Galería Las Brujas,ROSARIO,Comercio y Servicios,AGENCIAS DE VIAJE Y ORGANIZACION DE VIAJES EN GRUP,CENTRO,DISTRITO 1,1,,brenda.zuniga,2016-06-03T21:28:32.113Z,,,,
Feature,agenciasviajes.24,,geom,Agencia de viajes y turismo,C. Sagárnaga #189 Edif. Michel Galería Doryan,SAN PEDRO BELEN,Comercio y Servicios,AGENCIAS DE VIAJE Y ORGANIZACION DE VIAJES EN GRUP,COTAHUMA,DISTRITO 6,6,,brenda.zuniga,2016-06-03T21:37:21.250Z,,Point,-68.13760077,-16.49697922
Feature,agenciasviajes.25,,geom,Waranica: Agencia de Servicios Turísticos para el Adulto Mayor,Av. 20 de Octubre #2223,SOPOCACHI,Comercio y Servicios,AGENCIAS DE VIAJE Y ORGANIZACION DE VIAJES EN GRUP,COTAHUMA,DISTRITO 3,3,,brenda.zuniga,2016-06-03T21:39:58.690Z,,,,
Feature,agenciasviajes.26,,geom,Portour Bolivia,C. Cuatro #608,OBRAJES,Comercio y Servicios,AGENCIAS DE VIAJE Y ORGANIZACION DE VIAJES EN GRUP,SUR,DISTRITO 21,21,,brenda.zuniga,2016-06-03T21:45:21.230Z,,,,
Feature,agenciasviajes.27,,geom,Bolivia Tourism Destinations,Av. Ballivián #720,CALACOTO,Comercio y Servicios,AGENCIAS DE VIAJE Y ORGANIZACION DE VIAJES EN GRUP,SUR,DISTRITO 19,19,,brenda.zuniga,2016-06-03T21:47:10.243Z,,,,
Feature,agenciasviajes.28,,geom,Bolivien Reisen Touristik,C. Jimenez #799,ROSARIO,Comercio y Servicios,AGENCIAS DE VIAJE Y ORGANIZACION DE VIAJES EN GRUP,CENTRO,DISTRITO 1,1,,brenda.zuniga,2016-06-03T21:50:05.553Z,,,,
Feature,agenciasviajes.29,,geom,Julivan Travel Tours Ltda.,C. Loayza #677 Edif. San Andres II Bloque C Piso Pb Of. 1,CENTRAL,Comercio y Servicios,AGENCIAS DE VIAJE Y ORGANIZACION DE VIAJES EN GRUP,CENTRO,DISTRITO 1,1,,brenda.zuniga,2016-06-03T21:51:57.937Z,,,,
Feature,agenciasviajes.30,,geom,Student Travel,Av. 14 de Semtiembre #4620 Edif. Señor de la Exaltación Piso Pb Of. 6-C,OBRAJES,Comercio y Servicios,AGENCIAS DE VIAJE Y ORGANIZACION DE VIAJES EN GRUP,SUR,DISTRITO 21,21,,brenda.zuniga,2016-06-03T22:09:53.753Z,,Point,-68.11336928,-16.52265794
Feature,agenciasviajes.31,,geom,Eliana Tours S.R.L.,C. Sagárnaga #189,ROSARIO(COTAHUMA),Comercio y Servicios,AGENCIAS DE VIAJE Y ORGANIZACION DE VIAJES EN GRUP,COTAHUMA,DISTRITO 6,6,,brenda.zuniga,2016-06-03T22:18:32.720Z,,,,
Feature,agenciasviajes.32,,geom,Parabas Tours,C. Figueroa #800 Edif. Rodal Piso P.b.,ROSARIO,Comercio y Servicios,AGENCIAS DE VIAJE Y ORGANIZACION DE VIAJES EN GRUP,CENTRO,DISTRITO 1,1,,brenda.zuniga,2016-06-03T22:25:10.530Z,,Point,-68.13798041,-16.49502056
Feature,agenciasviajes.33,,geom,Zafiro Travel & Tours ,"C. Mercado, Edif. Torre Centro Piso 2 Of. 202",ROSARIO(COTAHUMA),Comercio y Servicios,ACT.AGENCIAS DE VIAJES Y ASISTENCIA A TURISTAS NCP,COTAHUMA,DISTRITO 6,6,,brenda.zuniga,2016-06-07T18:47:43.993Z,,Point,-68.13317874,-16.49827162
Feature,agenciasviajes.34,,geom,Hubble,C. Man Cesped #80,LA FLORIDA,Comercio y Servicios,AGENCIAS DE VIAJE Y ORGANIZACION DE VIAJES EN GRUP,SUR,DISTRITO 19,19,,brenda.zuniga,2016-06-03T22:37:47.883Z,,,,
Feature,agenciasviajes.35,,geom,Yanawara viajes operador turístico,C. Jimenez #831,ROSARIO,Comercio y Servicios,AGENCIAS DE VIAJE Y ORGANIZACION DE VIAJES EN GRUP,CENTRO,DISTRITO 1,1,,brenda.zuniga,2016-06-03T22:44:24.877Z,,,,
Feature,agenciasviajes.36,,geom,Motorcycle Tours Bolivia,Av. Florida #609,MALLASA,Comercio y Servicios,AGENCIAS DE VIAJE Y ORGANIZACION DE VIAJES EN GRUP,MALLASA,DISTRITO 20,20,,brenda.zuniga,2016-06-03T22:46:40.060Z,,,,
Feature,agenciasviajes.37,,geom,Reg Travel S.R.L.,C. Loayza #250 Edif. Castilla Piso 3 - 303.304,CENTRAL,Comercio y Servicios,AGENCIAS DE VIAJE Y ORGANIZACION DE VIAJES EN GRUP,CENTRO,DISTRITO 1,1,,brenda.zuniga,2016-06-03T22:53:40.420Z,,Point,-68.13298296,-16.49888661
Feature,agenciasviajes.38,,geom,Unión Bolivia S.R.L. - Representaciones en General,Av. Sanchez Bustamante #487,CALACOTO,Comercio y Servicios,AGENCIAS DE VIAJE Y ORGANIZACION DE VIAJES EN GRUP,SUR,DISTRITO 19,19,,brenda.zuniga,2016-06-03T22:59:18.417Z,,,,
Feature,agenciasviajes.39,,geom,Consejeros de viajes Tour Operador Agencia de viajes y Representaciones S.R.L.,C. Potosí #1008 Edif. Centro Comercial Cristal Piso 3 Of. 308,CENTRAL,Comercio y Servicios,AGENCIAS DE VIAJE Y ORGANIZACION DE VIAJES EN GRUP,CENTRO,DISTRITO 1,1,,brenda.zuniga,2016-06-06T13:34:25.537Z,,Point,-68.13537048,-16.49626556
Feature,agenciasviajes.40,,geom,Quimbaya Tours S.R.L.,A. 6 de Agosto #2700,SOPOCACHI,Comercio y Servicios,AGENCIAS DE VIAJE Y ORGANIZACION DE VIAJES EN GRUP,COTAHUMA,DISTRITO 3,3,,brenda.zuniga,2016-06-06T13:40:59.630Z,,Point,-68.12267945,-16.51278332
Feature,agenciasviajes.41,,geom,Mayeli Tours,Av. Perú #338,CHALLAPAMPA,Comercio y Servicios,AGENCIAS DE VIAJE Y ORGANIZACION DE VIAJES EN GRUP,PERIFERICA,DISTRITO 11,11,,brenda.zuniga,2016-06-06T13:45:08.020Z,,,,
Feature,agenciasviajes.42,,geom,Yan`s Tourism,C. Illampu #850.,ROSARIO,Comercio y Servicios,AGENCIAS DE VIAJE Y ORGANIZACION DE VIAJES EN GRUP,CENTRO,DISTRITO 1,1,,brenda.zuniga,2016-06-06T13:49:25.210Z,,,,
Feature,agenciasviajes.43,,geom,Diana Tours S.R.L.,C. Sagárnaga #328,ROSARIO,Comercio y Servicios,AGENCIAS DE VIAJE Y ORGANIZACION DE VIAJES EN GRUP,CENTRO,DISTRITO 1,1,,brenda.zuniga,2016-06-06T13:53:56.187Z,,Point,-68.13862244,-16.49750328
Feature,agenciasviajes.44,,geom,Mountain & Jungle Travel-Expedition,C. Sagárnaga #363,ROSARIO(COTAHUMA),Comercio y Servicios,AGENCIAS DE VIAJE Y ORGANIZACION DE VIAJES EN GRUP,COTAHUMA,DISTRITO 6,6,,brenda.zuniga,2016-06-06T14:02:06.540Z,,Point,-68.13907086,-16.497986
Feature,agenciasviajes.45,,geom,Brastour ,Av. Ballivián #1063  Edif. Horizonte Piso Pb Of. 3,CALACOTO,Comercio y Servicios,AGENCIAS DE VIAJE Y ORGANIZACION DE VIAJES EN GRUP,SUR,DISTRITO 19,19,,brenda.zuniga,2016-06-06T14:07:09.780Z,,Point,-68.08193935,-16.53859839
Feature,agenciasviajes.46,,geom,Peru Bolivian Tours Ltda.,Av. Ballivián C. 23 #7875 Edif. Magnolia Piso Pb Oficina 1,CENTRAL,Comercio y Servicios,AGENCIAS DE VIAJE Y ORGANIZACION DE VIAJES EN GRUP,CENTRO,DISTRITO 1,19,,brenda.zuniga,2016-06-06T14:15:32.600Z,,Point,-68.07560396,-16.53860016
Feature,agenciasviajes.47,,geom,Agencia de viaje,C. Sagárnaga #288,ROSARIO,Comercio y Servicios,AGENCIAS DE VIAJE Y ORGANIZACION DE VIAJES EN GRUP,CENTRO,DISTRITO 1,1,,brenda.zuniga,2016-06-06T14:42:47.740Z,"Falta Información de la empresa, es muy probable que ya no exista",,,
Feature,agenciasviajes.48,,geom,Luna Tours,C. Sagárnaga #380,ROSARIO,Comercio y Servicios,AGENCIAS DE VIAJE Y ORGANIZACION DE VIAJES EN GRUP,CENTRO,DISTRITO 1,1,,brenda.zuniga,2016-06-06T14:50:46.903Z,,,,
Feature,agenciasviajes.49,,geom,Freedom Travel Service,C. Linares #1013,SAN PEDRO BELEN,Comercio y Servicios,AGENCIAS DE VIAJE Y ORGANIZACION DE VIAJES EN GRUP,COTAHUMA,DISTRITO 6,6,,brenda.zuniga,2016-06-06T14:52:30.137Z,,,,
Feature,agenciasviajes.50,,geom,Fortaleza Tours,C. Sagárnaga #348,ROSARIO,Comercio y Servicios,AGENCIAS DE VIAJE Y ORGANIZACION DE VIAJES EN GRUP,CENTRO,DISTRITO 1,1,,brenda.zuniga,2016-06-06T15:00:52.013Z,,Point,-68.13881314,-16.49768376
Feature,agenciasviajes.51,,geom,Keimmy Tours,Av 20 de Octubre #2473,SOPOCACHI,Comercio y Servicios,ACT.AGENCIAS DE VIAJES Y ASISTENCIA A TURISTAS NCP,COTAHUMA,DISTRITO 3,3,,brenda.zuniga,2016-06-06T15:57:28.160Z,,Point,-68.12613307,-16.51031018
Feature,agenciasviajes.52,,geom,Servicios agencia de viajes,Av. Montenegro #778,SAN MIGUEL,Comercio y Servicios,AGENCIAS DE VIAJE Y ORGANIZACION DE VIAJES EN GRUP,SUR,DISTRITO 19,19,,brenda.zuniga,2016-06-06T15:59:06.947Z,,,,
Feature,agenciasviajes.53,,geom,Bus Pack,C. 21 #8361,CALACOTO,Comercio y Servicios,AGENCIAS DE VIAJE Y ORGANIZACION DE VIAJES EN GRUP,SUR,DISTRITO 19,18,,brenda.zuniga,2016-06-06T16:01:07.247Z,,Point,-68.07698825,-16.54286079
Feature,agenciasviajes.54,,geom,Bolivian Sun Travel,Av. Arce #2177 Hotel Radisson,SOPOCACHI (CENTRO),Comercio y Servicios,AGENCIAS DE VIAJE Y ORGANIZACION DE VIAJES EN GRUP,CENTRO,DISTRITO 1,1,,brenda.zuniga,2016-06-06T16:01:16.707Z,,Point,-68.12741588,-16.50677247
Feature,agenciasviajes.55,,geom,Agencia Operadora de Turismo,Av Buenos Aires #1561,TEMBLADERANI,Comercio y Servicios,AGENCIAS DE VIAJE Y ORGANIZACION DE VIAJES EN GRUP,COTAHUMA,DISTRITO 4,4,,brenda.zuniga,2016-06-06T16:07:11.200Z,Registrado con otro nombre Tierra Infinita,,,
Feature,agenciasviajes.56,,geom,IndigenaTours S.R.L.,C. Sagárnaga #380,CENTRAL,,AGENCIAS DE VIAJE Y ORGANIZACION DE VIAJES EN GRUP,CENTRO,DISTRITO 1,1,,brenda.zuniga,2016-06-06T16:14:08.453Z,,,,
Feature,agenciasviajes.57,,geom,Mamani Travel S.R.L.,C. Sagárnaga #189,ROSARIO(COTAHUMA),Comercio y Servicios,AGENCIAS DE VIAJE Y ORGANIZACION DE VIAJES EN GRUP,COTAHUMA,DISTRITO 6,6,,brenda.zuniga,2016-06-06T16:17:12.577Z,,,,
Feature,agenciasviajes.58,,geom,Mud no Limits S.R.L.,C. Sagárnaga #288 Galería Las Brujas Piso Pb Of. 20,ROSARIO,Comercio y Servicios,AGENCIAS DE VIAJE Y ORGANIZACION DE VIAJES EN GRUP,CENTRO,DISTRITO 1,1,,brenda.zuniga,2016-06-06T16:23:13.837Z,,Point,-68.13828764,-16.49727917
Feature,agenciasviajes.59,,geom,Ernie Travel,C. 2 Tarabillo #21,SANTA ROSA,Comercio y Servicios,AGENCIAS DE VIAJE Y ORGANIZACION DE VIAJES EN GRUP,PERIFERICA,DISTRITO 12,12,,brenda.zuniga,2016-06-06T19:09:11.317Z,,,,
Feature,agenciasviajes.60,,geom,A & D group S.R.L.,C. Mariscal Santa Cruz #265,ROSARIO,Comercio y Servicios,AGENCIAS DE VIAJE Y ORGANIZACION DE VIAJES EN GRUP,CENTRO,DISTRITO 1,1,,brenda.zuniga,2016-06-06T19:09:51.620Z,,,,
Feature,agenciasviajes.61,,geom,BCD Travel,C. Gabriel Rene Moreno #1072,SAN MIGUEL,Comercio y Servicios,AGENCIAS DE VIAJE Y ORGANIZACION DE VIAJES EN GRUP,SUR,DISTRITO 19,18,,brenda.zuniga,2016-06-06T19:30:27.050Z,,Point,-68.07985864,-16.54344003
Feature,agenciasviajes.62,,geom,Breze High,C. Linares #837,ROSARIO,Comercio y Servicios,AGENCIAS DE VIAJE Y ORGANIZACION DE VIAJES EN GRUP,CENTRO,DISTRITO 1,1,,brenda.zuniga,2016-06-06T19:33:55.563Z,,,,
Feature,agenciasviajes.63,,geom,Fluvial Tours,C. Illampu #670,ROSARIO,Comercio y Servicios,AGENCIAS DE VIAJE Y ORGANIZACION DE VIAJES EN GRUP,CENTRO,DISTRITO 1,1,,brenda.zuniga,2016-06-06T19:36:08.763Z,,,,
Feature,agenciasviajes.64,,geom,Honney Tours,C. Comercio #1431,CENTRAL,Comercio y Servicios,AGENCIAS DE VIAJE Y ORGANIZACION DE VIAJES EN GRUP,CENTRO,DISTRITO 1,1,,brenda.zuniga,2016-06-06T19:57:46.130Z,,Point,-68.13153124,-16.49730022
Feature,agenciasviajes.65,,geom,Servimaster Tours S.R.L.,C. Sagárnaga #271 A,ROSARIO(COTAHUMA),Comercio y Servicios,AGENCIAS DE VIAJE Y ORGANIZACION DE VIAJES EN GRUP,COTAHUMA,DISTRITO 6,6,,brenda.zuniga,2016-06-06T20:46:13.493Z,,Point,-68.13806912,-16.49773076
Feature,agenciasviajes.66,,geom,Sankayu Giant Adventures,C. Evaristo Valle #235,SAN SEBASTIAN,Comercio y Servicios,AGENCIAS DE VIAJE Y ORGANIZACION DE VIAJES EN GRUP,CENTRO,DISTRITO 1,0,,brenda.zuniga,2016-06-06T20:04:22.430Z,,,,
Feature,agenciasviajes.67,,geom,Terra Andina Bolivia S.R.L.,Av. Ecuador #2682,SOPOCACHI,Comercio y Servicios,AGENCIAS DE VIAJE Y ORGANIZACION DE VIAJES EN GRUP,COTAHUMA,DISTRITO 3,3,,brenda.zuniga,2016-06-06T20:19:28.847Z,El anterior nombre ORGANIZACION DE VIAJES es la denominación del rubro para el sistema de registro de licencia de funcionamiento el nombre de la empresa es TERRA ANDINA BOLIVIA S.R.L.,Point,-68.12847739,-16.51342326
Feature,agenciasviajes.68,,geom,Servimaster Tours S.R.L.,C. Linares #947,ROSARIO(COTAHUMA),Comercio y Servicios,AGENCIAS DE VIAJE Y ORGANIZACION DE VIAJES EN GRUP,COTAHUMA,DISTRITO 6,6,,brenda.zuniga,2016-06-06T20:38:10.043Z,SUCURSAL Nº 2,Point,-68.13819678,-16.49733772
Feature,agenciasviajes.69,,geom,Discover the World marketing bolivia Ltda.,Av. Sanchez Bustamante #7979,CALACOTO,Comercio y Servicios,AGENCIAS DE VIAJE Y ORGANIZACION DE VIAJES EN GRUP,SUR,DISTRITO 19,19,,brenda.zuniga,2016-06-06T20:55:53.327Z,DTWMB : DISCOVER THE WORLD MARKETING BOLIVIA LTDA.,Point,-68.09039375,-16.54177581
Feature,agenciasviajes.70,,geom,Catacora Tour,C. Pucarani #161,SAN SEBASTIAN,Comercio y Servicios,AGENCIAS DE VIAJE Y ORGANIZACION DE VIAJES EN GRUP,CENTRO,DISTRITO 1,1,,brenda.zuniga,2016-06-06T21:16:22.953Z,,Point,-68.14119013,-16.49114711
Feature,agenciasviajes.71,,geom,Sacred Lake Travel & Tours,Av. Ecuador #2496 Edif. San Felipe  Esq. Belisario Salinas,SOPOCACHI,Comercio y Servicios,AGENCIAS DE VIAJE Y ORGANIZACION DE VIAJES EN GRUP,COTAHUMA,DISTRITO 3,3,,brenda.zuniga,2016-06-06T23:33:53.720Z,,Point,-68.12951559,-16.51241521
Feature,agenciasviajes.72,,geom,Mayl Tours Ltda.,C. Loayza #147  Edif.  Paulinas Piso Pb Of. 147,CENTRAL,Comercio y Servicios,AGENCIAS DE VIAJE Y ORGANIZACION DE VIAJES EN GRUP,CENTRO,DISTRITO 1,1,,brenda.zuniga,2016-06-06T23:34:04.460Z,AGENCIA DE VIAJES Y TURISMO,Point,-68.13370393,-16.49969773
Feature,agenciasviajes.73,,geom,Thaki S.R.L.,C. Chaco #738,SOPOCACHI,Comercio y Servicios,AGENCIAS DE VIAJE Y ORGANIZACION DE VIAJES EN GRUP,COTAHUMA,DISTRITO 3,3,,brenda.zuniga,2016-06-06T23:34:58.927Z,,,,
Feature,agenciasviajes.74,,geom,Mania Tours y Consultoria,C. Sagárnaga #173,ROSARIO(COTAHUMA),Comercio y Servicios,AGENCIAS DE VIAJE Y ORGANIZACION DE VIAJES EN GRUP,COTAHUMA,DISTRITO 6,6,,brenda.zuniga,2016-06-06T23:38:03.127Z,,,,
Feature,agenciasviajes.75,,geom,Living Learning Travel,Av. Sanchez Bustamante #8009,CALACOTO,Comercio y Servicios,AGENCIAS DE VIAJE Y ORGANIZACION DE VIAJES EN GRUP,SUR,DISTRITO 19,18,,brenda.zuniga,2016-06-06T23:38:31.313Z,,Point,-68.08593939,-16.5409577
Feature,agenciasviajes.76,,geom,Vidatur S.R.L.,C. Loayza Esq. Mercado #273,CENTRAL,Comercio y Servicios,AGENCIAS DE VIAJE Y ORGANIZACION DE VIAJES EN GRUP,CENTRO,DISTRITO 1,1,,brenda.zuniga,2016-06-06T23:38:57.280Z,,Point,-68.13292425,-16.49863846
Feature,agenciasviajes.77,,geom,Mountain & Jungle Travel - Expedition,C. Sagárnaga #392,ROSARIO,Comercio y Servicios,AGENCIAS DE VIAJE Y ORGANIZACION DE VIAJES EN GRUP,CENTRO,DISTRITO 1,0,,brenda.zuniga,2016-06-06T23:43:09.963Z,SE REPITE SOLO TIENE UNA SUCURSAL,,,
Feature,agenciasviajes.78,,geom,Turismo Kolla S.R.L.,Av. Camacho Edif.  Villanueva #1323,CENTRAL,Comercio y Servicios,AGENCIAS DE VIAJE Y ORGANIZACION DE VIAJES EN GRUP,CENTRO,DISTRITO 1,1,,brenda.zuniga,2016-06-06T23:43:19.843Z,,Point,-68.13395418,-16.49887182
Feature,agenciasviajes.79,,geom,Boltur,Pza. Murillo #511,CENTRAL,Comercio y Servicios,ACT.AGENCIAS DE VIAJES Y ASISTENCIA A TURISTAS NCP,CENTRO,DISTRITO 1,1,,brenda.zuniga,2016-06-06T23:43:31.603Z,,Point,-68.13392276,-16.49538052
Feature,agenciasviajes.80,,geom,Agencia de viajes y organizadores de viajes,C. Murillo #S/N,SAN PEDRO BELEN,Comercio y Servicios,AGENCIAS DE VIAJE Y ORGANIZACION DE VIAJES EN GRUP,COTAHUMA,DISTRITO 6,6,,brenda.zuniga,2016-06-06T23:45:20.977Z,,,,
Feature,agenciasviajes.81,,geom,Adventure on Wheels Bolivia,C. Sagárnaga #368,ROSARIO,Comercio y Servicios,AGENCIAS DE VIAJE Y ORGANIZACION DE VIAJES EN GRUP,CENTRO,DISTRITO 1,1,,brenda.zuniga,2016-06-06T23:53:04.807Z,,,,
Feature,agenciasviajes.82,,geom,Nine Tours,Av. Sanchez Lima #2329,SOPOCACHI,Comercio y Servicios,ACT.AGENCIAS DE VIAJES Y ASISTENCIA A TURISTAS NCP,COTAHUMA,DISTRITO 3,3,,brenda.zuniga,2016-06-06T23:57:19.200Z,,,,
Feature,agenciasviajes.83,,geom,Natural Custom Outventures S.R.L.,Av. 21 de Junio Las Lomas #9,ACHUMANI,Comercio y Servicios,AGENCIAS DE VIAJE Y ORGANIZACION DE VIAJES EN GRUP,SUR,DISTRITO 18,18,,brenda.zuniga,2016-06-07T00:00:15.260Z,SERVICIOS TURÍTICOS,,,
Feature,agenciasviajes.84,,geom,Groben Turismo S.R.L.,"C. 5, Y C. 50 #253",CHASQUIPAMPA,Comercio y Servicios,AGENCIAS DE VIAJE Y ORGANIZACION DE VIAJES EN GRUP,SUR,DISTRITO 19,19,,brenda.zuniga,2016-06-07T00:01:31.267Z,,,,
Feature,agenciasviajes.85,,geom,Cade S.R.L.,Av. 16 de Julio #1490,SAN PEDRO BAJO,Comercio y Servicios,AGENCIAS DE VIAJE Y ORGANIZACION DE VIAJES EN GRUP,COTAHUMA,DISTRITO 6,3,,brenda.zuniga,2016-06-07T00:04:23.697Z,,Point,-68.13314509,-16.5015039
Feature,agenciasviajes.86,,geom,Agencia de viaje,C. Illampu #867,ROSARIO,Comercio y Servicios,AGENCIAS DE VIAJE Y ORGANIZACION DE VIAJES EN GRUP,CENTRO,DISTRITO 1,1,,brenda.zuniga,2016-06-07T13:06:47.770Z,,,,
Feature,agenciasviajes.87,,geom,Valtours Ltda.,C. Fernando Guachalla #662,SOPOCACHI,Comercio y Servicios,AGENCIAS DE VIAJE Y ORGANIZACION DE VIAJES EN GRUP,COTAHUMA,DISTRITO 3,3,,brenda.zuniga,2016-06-07T13:14:43.087Z,,,,
Feature,agenciasviajes.88,,geom,Gravity Asisted Mountain Biking S.R.L.,C. Linares #940 Galería Pachamama,ROSARIO(COTAHUMA),Comercio y Servicios,AGENCIAS DE VIAJE Y ORGANIZACION DE VIAJES EN GRUP,COTAHUMA,DISTRITO 6,6,,brenda.zuniga,2016-06-07T23:38:55.780Z,"SE REPITE, SÓLO TIENE UNA SUCURSAL",,,
Feature,agenciasviajes.89,,geom,Etno Tours S.R.L.,Av. Hernan Siles Suazo #4363,MALLASA,Comercio y Servicios,AGENCIAS DE VIAJE Y ORGANIZACION DE VIAJES EN GRUP,MALLASA,DISTRITO 20,20,,brenda.zuniga,2016-06-07T14:40:39.123Z,,Point,-68.08585674,-16.56969988
Feature,agenciasviajes.90,,geom,Servicios - venta de pasajes,Av. Ballivián e Inofuentes #7854,CALACOTO,Comercio y Servicios,AGENCIAS DE VIAJE Y ORGANIZACION DE VIAJES EN GRUP,SUR,DISTRITO 19,19,,brenda.zuniga,2016-06-07T14:51:48.127Z,,,,
Feature,agenciasviajes.91,,geom,Vicuña Tours Travel & Bureau Zegarra,C. Sagárnaga,ROSARIO,Comercio y Servicios,AGENCIAS DE VIAJE Y ORGANIZACION DE VIAJES EN GRUP,CENTRO,DISTRITO 1,6,,brenda.zuniga,2016-06-07T14:52:00.180Z,,Point,-68.13882237,-16.497823
Feature,agenciasviajes.92,,geom,"Late Bolivia el Corazón de Sudamérica""",C. Juan de Vargas #2319,SOPOCACHI,Comercio y Servicios,AGENCIAS DE VIAJE Y ORGANIZACION DE VIAJES EN GRUP,COTAHUMA,DISTRITO 3,2,,brenda.zuniga,2016-06-07T15:15:08.227Z,OPERADORA DE TURISMO,Point,-68.1218622,-16.50688475
Feature,agenciasviajes.93,,geom,Confortours Travel Agency,C. Sagárnaga #227,ROSARIO(COTAHUMA),Comercio y Servicios,AGENCIAS DE VIAJE Y ORGANIZACION DE VIAJES EN GRUP,COTAHUMA,DISTRITO 6,6,,brenda.zuniga,2016-06-07T15:19:25.527Z,,,,
Feature,agenciasviajes.94,,geom,Travel Access 1337,C. Sagárnaga #380,ROSARIO,Comercio y Servicios,ACT.AGENCIAS DE VIAJES Y ASISTENCIA A TURISTAS NCP,CENTRO,DISTRITO 1,6,,brenda.zuniga,2016-06-07T15:22:14.190Z,,,,
Feature,agenciasviajes.95,,geom,Bolivian Footprints,C. Illampu #678,ROSARIO,,AGENCIAS DE VIAJE Y ORGANIZACION DE VIAJES EN GRUP,CENTRO,DISTRITO 1,1,,brenda.zuniga,2016-06-07T15:25:24.680Z,,,,
Feature,agenciasviajes.96,,geom,Agencia de viajes (intermediario),Av. America #183,SAN SEBASTIAN,Comercio y Servicios,ACT.AGENCIAS DE VIAJES Y ASISTENCIA A TURISTAS NCP,CENTRO,DISTRITO 1,1,,brenda.zuniga,2016-06-07T15:30:33.103Z,,,,
Feature,agenciasviajes.97,,geom,Vicuña Tours & Travel Bureau Zegarra,C. Antofagasta #2117 Terminal de Buses La Paz,CENTRAL,Comercio y Servicios,AGENCIAS DE VIAJE Y ORGANIZACION DE VIAJES EN GRUP,CENTRO,DISTRITO 1,1,,brenda.zuniga,2016-06-07T15:32:05.087Z,,Point,-68.14120644,-16.48852636
Feature,agenciasviajes.98,,geom,"Operadora de Turismo Receptivo ""Amazing Kingdom""",C. Sagárnaga #189,ROSARIO(COTAHUMA),Comercio y Servicios,AGENCIAS DE VIAJE Y ORGANIZACION DE VIAJES EN GRUP,COTAHUMA,DISTRITO 6,6,,brenda.zuniga,2016-06-07T16:09:20.417Z,,,,
Feature,agenciasviajes.99,,geom,Ar - Bol Tours,C. México #1774,SAN PEDRO BAJO,Comercio y Servicios,AGENCIAS DE VIAJE Y ORGANIZACION DE VIAJES EN GRUP,COTAHUMA,DISTRITO 6,6,,brenda.zuniga,2016-06-07T15:38:59.627Z,,,,
Feature,agenciasviajes.100,,geom,Madidi Travel S.R.L.,C. Linares #947,ROSARIO(COTAHUMA),Comercio y Servicios,AGENCIAS DE VIAJE Y ORGANIZACION DE VIAJES EN GRUP,COTAHUMA,DISTRITO 6,6,,brenda.zuniga,2016-06-07T16:08:53.553Z,,Point,-68.13805255,-16.49776957
Feature,agenciasviajes.101,,geom,Bolivia Camino Real S.R.L.,C. Illampu #852 Edif.  Hostal Illampu Piso Pb Of. 1,ROSARIO,Comercio y Servicios,ACT.AGENCIAS DE VIAJES Y ASISTENCIA A TURISTAS NCP,CENTRO,DISTRITO 1,1,,brenda.zuniga,2016-06-07T16:07:45.783Z,,,,
Feature,agenciasviajes.102,,geom,Julius Tours,C. Illampu Esq. Aroma #716,ROSARIO,Comercio y Servicios,AGENCIAS DE VIAJE Y ORGANIZACION DE VIAJES EN GRUP,CENTRO,DISTRITO 1,1,,brenda.zuniga,2016-06-07T16:08:23.480Z,,Point,-68.14004977,-16.49566112
Feature,agenciasviajes.103,,geom,Lipiko Tours,Pedro Salazar casi Esq. 6 de agosto,ROSARIO(COTAHUMA),Comercio y Servicios,AGENCIAS DE VIAJE Y ORGANIZACION DE VIAJES EN GRUP,COTAHUMA,DISTRITO 6,3,,brenda.zuniga,2016-06-07T16:07:52.583Z,,Point,-68.12555691,-16.51052299
Feature,agenciasviajes.104,,geom,Lipiko Tours,C. #150,LOS PINOS,Comercio y Servicios,AGENCIAS DE VIAJE Y ORGANIZACION DE VIAJES EN GRUP,SUR,DISTRITO 19,18,,brenda.zuniga,2016-06-07T16:07:55.463Z,,Point,-68.07231367,-16.5454121
Feature,agenciasviajes.105,,geom,Llama trek,C. Illampu Esq. Sagárnaga,ROSARIO(COTAHUMA),Comercio y Servicios,AGENCIAS DE VIAJE Y ORGANIZACION DE VIAJES EN GRUP,COTAHUMA,DISTRITO 6,6,,brenda.zuniga,2016-06-07T16:07:58.170Z,,Point,-68.13927007,-16.49830621
Feature,agenciasviajes.106,,geom,Andean Venture Bolivia Ltda.,Av. Sanchez Lima #2512,SOPOCACHI,Comercio y Servicios,AGENCIAS DE VIAJE Y ORGANIZACION DE VIAJES EN GRUP,COTAHUMA,DISTRITO 3,0,,brenda.zuniga,2016-06-07T15:52:58.657Z,,,,
Feature,agenciasviajes.107,,geom,Coca Travels,C. Sagárnaga #139,ROSARIO(COTAHUMA),Comercio y Servicios,AGENCIAS DE VIAJE Y ORGANIZACION DE VIAJES EN GRUP,COTAHUMA,DISTRITO 6,6,,brenda.zuniga,2016-06-07T16:19:04.367Z,,,,
Feature,agenciasviajes.108,,geom,Bolivientura S.R.L.,Av. Busch Edif. Los Cisnes #1415,MIRAFLORES,Comercio y Servicios,AGENCIAS DE VIAJE Y ORGANIZACION DE VIAJES EN GRUP,CENTRO,DISTRITO 2,2,,brenda.zuniga,2016-06-07T16:20:08.393Z,,,,
Feature,agenciasviajes.109,,geom,Zafiro travel & tours,C. Mercado Edif.  Torre Centro #P2-202,CENTRAL,Comercio y Servicios,AGENCIAS DE VIAJE Y ORGANIZACION DE VIAJES EN GRUP,CENTRO,DISTRITO 1,1,,brenda.zuniga,2016-06-07T18:49:49.230Z,,Point,-68.13515078,-16.49723288
Feature,agenciasviajes.110,,geom,Travel in - out,C. Illampu Esq.. Sagárnaga #867,ROSARIO,Comercio y Servicios,AGENCIAS DE VIAJE Y ORGANIZACION DE VIAJES EN GRUP,CENTRO,DISTRITO 1,6,,brenda.zuniga,2016-06-07T18:49:56.123Z,,Point,-68.13915961,-16.49809167
Feature,agenciasviajes.111,,geom,Turisbus La Paz Cuzco Tours S.R.L.,C. Illampu #704,ROSARIO,Comercio y Servicios,AGENCIAS DE VIAJE Y ORGANIZACION DE VIAJES EN GRUP,CENTRO,DISTRITO 1,1,,brenda.zuniga,2016-06-07T16:24:17.433Z,,Point,-68.14021117,-16.49543517
Feature,agenciasviajes.112,,geom,Alberth Bolivia Tours,C. Illampu #750,ROSARIO,Comercio y Servicios,AGENCIAS DE VIAJE Y ORGANIZACION DE VIAJES EN GRUP,CENTRO,DISTRITO 1,1,,brenda.zuniga,2016-06-07T22:34:10.680Z,,,,
Feature,agenciasviajes.113,,geom,Crillon Tours S.A.,Av. Camacho #1223,CENTRAL,Comercio y Servicios,AGENCIAS DE VIAJE Y ORGANIZACION DE VIAJES EN GRUP,CENTRO,DISTRITO 1,1,,brenda.zuniga,2016-06-07T22:33:52.053Z,,Point,-68.13462279,-16.49852442
Feature,agenciasviajes.114,,geom,Andean Base Camp,Av. Mariscal Santa Cruz #938,ROSARIO(COTAHUMA),Comercio y Servicios,AGENCIAS DE VIAJE Y ORGANIZACION DE VIAJES EN GRUP,COTAHUMA,DISTRITO 6,6,,brenda.zuniga,2016-06-07T22:41:28.830Z,,,,
Feature,agenciasviajes.115,,geom,Macro Tours,C. Rosendo Gutierrez #373,SOPOCACHI,Comercio y Servicios,AGENCIAS DE VIAJE Y ORGANIZACION DE VIAJES EN GRUP,COTAHUMA,DISTRITO 3,3,,brenda.zuniga,2016-06-07T22:59:36.797Z,,,,
Feature,agenciasviajes.116,,geom,Kanoo Tours,C. Illampu #828,ROSARIO,Comercio y Servicios,AGENCIAS DE VIAJE Y ORGANIZACION DE VIAJES EN GRUP,CENTRO,DISTRITO 1,1,,brenda.zuniga,2016-06-07T23:00:25.373Z,,,,
Feature,agenciasviajes.117,,geom,Barracuda Biking,C. Linares #971,ROSARIO(COTAHUMA),Comercio y Servicios,AGENCIAS DE VIAJE Y ORGANIZACION DE VIAJES EN GRUP,COTAHUMA,DISTRITO 6,21,,brenda.zuniga,2016-06-07T23:04:55.627Z,,,,
Feature,agenciasviajes.118,,geom,Travel Solutions,C. 16 de Obrajes #220 Edif.  Centro de Negocios Obrajes Piso 5 Of. 505,OBRAJES,Comercio y Servicios,AGENCIAS DE VIAJE Y ORGANIZACION DE VIAJES EN GRUP,SUR,DISTRITO 21,21,,brenda.zuniga,2016-06-07T23:09:16.533Z,,,,
Feature,agenciasviajes.119,,geom,Agencia de viaje,C. Ayacucho #207 Edif.  Sociedad Inmobiliaria Piso 1 Of. 102,CENTRAL,Comercio y Servicios,AGENCIAS DE VIAJE Y ORGANIZACION DE VIAJES EN GRUP,CENTRO,DISTRITO 1,1,,brenda.zuniga,2016-06-07T23:18:41.500Z,"NOMBRE DE LA EMPRESA ""VIAJES ESTELAR"", SIN EMBARGO ESTA REGISTRADO COMO AGENCIA DE VIAJES EN LA LICENCIA",Point,-68.13478264,-16.49822592
Feature,agenciasviajes.120,,geom,Cosmos Travel and Services S.R.L.,C. Juan Loza #120,MIRAFLORES,Comercio y Servicios,AGENCIAS DE VIAJE Y ORGANIZACION DE VIAJES EN GRUP,CENTRO,DISTRITO 2,2,,brenda.zuniga,2016-06-07T23:24:32.223Z,,,,
Feature,agenciasviajes.121,,geom,Betour S.R.L.,Av. Mariscal Santa Cruz #1392,SAN PEDRO BAJO,Comercio y Servicios,AGENCIAS DE VIAJE Y ORGANIZACION DE VIAJES EN GRUP,COTAHUMA,DISTRITO 6,6,,brenda.zuniga,2016-06-07T23:25:18.843Z,,,,
Feature,agenciasviajes.122,,geom,Ollantay Travel Tour Operator & Travel Agency S.R.L.,C. Illampu #745,ROSARIO,Comercio y Servicios,AGENCIAS DE VIAJE Y ORGANIZACION DE VIAJES EN GRUP,CENTRO,DISTRITO 1,1,,brenda.zuniga,2016-06-07T23:27:40.700Z,,,,
Feature,agenciasviajes.123,,geom,Red Cap,C. Linares #940 Galería Pachamama,ROSARIO(COTAHUMA),Comercio y Servicios,ACT.AGENCIAS DE VIAJES Y ASISTENCIA A TURISTAS NCP,COTAHUMA,DISTRITO 6,6,,brenda.zuniga,2016-06-07T23:38:06.750Z,,Point,-68.13795144,-16.49811235
Feature,agenciasviajes.124,,geom,San Jose S.R.L.,C. Mercado Edif.  Mariscal Ballivian #1328,CENTRAL,Comercio y Servicios,AGENCIAS DE VIAJE Y ORGANIZACION DE VIAJES EN GRUP,CENTRO,DISTRITO 1,1,,brenda.zuniga,2016-06-07T23:49:10.830Z,,,,
Feature,agenciasviajes.125,,geom,Colibri Agence Adventure Dans Le Monde S.R.L.,C. Juan Manuel Caceres #1891,SOPOCACHI ALTO,Comercio y Servicios,AGENCIAS DE VIAJE Y ORGANIZACION DE VIAJES EN GRUP,COTAHUMA,DISTRITO 3,3,,brenda.zuniga,2016-06-07T23:50:15.013Z,,,,
Feature,agenciasviajes.126,,geom,La Paz Travel,C. Yanacocha #860,NORTE,Comercio y Servicios,ACT.AGENCIAS DE VIAJES Y ASISTENCIA A TURISTAS NCP,PERIFERICA,DISTRITO 11,1,,brenda.zuniga,2016-06-08T14:05:41.653Z,,,,
Feature,agenciasviajes.127,,geom,Zingara Travel,Av. Montenegro #724,SAN MIGUEL,Comercio y Servicios,AGENCIAS DE VIAJE Y ORGANIZACION DE VIAJES EN GRUP,SUR,DISTRITO 19,19,,brenda.zuniga,2016-06-08T14:06:03.473Z,,,,
Feature,agenciasviajes.128,,geom,Tropero Tours,C. Díaz Romero #1311,MIRAFLORES,Comercio y Servicios,AGENCIAS DE VIAJE Y ORGANIZACION DE VIAJES EN GRUP,CENTRO,DISTRITO 2,2,,brenda.zuniga,2016-06-08T14:12:38.943Z,,Point,-68.12262503,-16.50144087
Feature,agenciasviajes.129,,geom,Condoriri,C. Francisco Bedregal #675,SOPOCACHI BAJO,Comercio y Servicios,AGENCIAS DE VIAJE Y ORGANIZACION DE VIAJES EN GRUP,COTAHUMA,DISTRITO 3,3,,brenda.zuniga,2016-06-08T14:54:27.570Z,,,,
Feature,agenciasviajes.130,,geom,Turismo Balas Limitada,C. 18 Domingo Flores #8027,CALACOTO,Comercio y Servicios,AGENCIAS DE VIAJE Y ORGANIZACION DE VIAJES EN GRUP,SUR,DISTRITO 19,19,,brenda.zuniga,2016-06-08T14:57:01.050Z,,,,
Feature,agenciasviajes.131,,geom,Kuma Tours,Pje. Bernando Trigo N°:447 Edif.  Arrieta Piso 2 Of. 1,CENTRAL,Comercio y Servicios,ACT.AGENCIAS DE VIAJES Y ASISTENCIA A TURISTAS NCP,CENTRO,DISTRITO 1,1,,brenda.zuniga,2016-06-08T15:08:46.177Z,,Point,-68.13057711,-16.50400848
Feature,agenciasviajes.132,,geom,Canopy Extremo,C. Illampu #850,ROSARIO,Comercio y Servicios,AGENCIAS DE VIAJE Y ORGANIZACION DE VIAJES EN GRUP,CENTRO,DISTRITO 1,1,,brenda.zuniga,2016-06-08T15:39:56.240Z,,,,
Feature,agenciasviajes.133,,geom,Rivers Tours S.R.L.,C. Sagárnaga #189 Edif.  Michel Galería Doryan Piso 2 Of. 24,ROSARIO(COTAHUMA),Comercio y Servicios,AGENCIAS DE VIAJE Y ORGANIZACION DE VIAJES EN GRUP,COTAHUMA,DISTRITO 6,6,,brenda.zuniga,2016-06-08T15:42:15.417Z,,Point,-68.13757696,-16.49699148
Feature,agenciasviajes.134,,geom,Jungla & Pampa Hotel Resort,Av. Montenegro #1350,SAN MIGUEL,Comercio y Servicios,AGENCIAS DE VIAJE Y ORGANIZACION DE VIAJES EN GRUP,SUR,DISTRITO 19,19,,brenda.zuniga,2016-06-08T18:48:49.480Z,,,,
Feature,agenciasviajes.135,,geom,Operadora de Turismo Receptivo - Adolfo Andino,C. Sagárnaga #384,CENTRAL,Comercio y Servicios,AGENCIAS DE VIAJE Y ORGANIZACION DE VIAJES EN GRUP,CENTRO,DISTRITO 1,1,,brenda.zuniga,2016-06-08T19:03:30.383Z,,Point,-68.13913901,-16.49791729
Feature,agenciasviajes.136,,geom,Harpy Eagle Reisen,Av. Illampu #750 Edif.  Hostal Gloria Piso Pb Oficina 3,ROSARIO,Comercio y Servicios,AGENCIAS DE VIAJE Y ORGANIZACION DE VIAJES EN GRUP,CENTRO,DISTRITO 1,1,,brenda.zuniga,2016-06-08T19:06:01.570Z,,,,
Feature,agenciasviajes.137,,geom,Breze High,C. Linares #837,ROSARIO,Comercio y Servicios,AGENCIAS DE VIAJE Y ORGANIZACION DE VIAJES EN GRUP,CENTRO,DISTRITO 1,1,,brenda.zuniga,2016-06-08T20:08:07.143Z,,,,
Feature,agenciasviajes.138,,geom,Lauretana Ltda.,C. Ballivián #1211,CENTRAL,Comercio y Servicios,AGENCIAS DE VIAJE Y ORGANIZACION DE VIAJES EN GRUP,CENTRO,DISTRITO 1,1,,brenda.zuniga,2016-06-08T20:09:11.273Z,,,,
Feature,agenciasviajes.139,,geom,Inca land Tours Ltda.,C. Sagárnaga #233 Edif.  Galería Gladys Piso Mezanine Oficina 03,ROSARIO,Comercio y Servicios,AGENCIAS DE VIAJE Y ORGANIZACION DE VIAJES EN GRUP,CENTRO,DISTRITO 1,1,,brenda.zuniga,2016-06-08T20:17:44.097Z,,Point,-68.1380159,-16.49724575
Feature,agenciasviajes.140,,geom,Maya tours,C. Linares #971,ROSARIO(COTAHUMA),Comercio y Servicios,AGENCIAS DE VIAJE Y ORGANIZACION DE VIAJES EN GRUP,COTAHUMA,DISTRITO 6,6,,brenda.zuniga,2016-06-08T20:35:25.473Z,,Point,-68.13789512,-16.4980115
Feature,agenciasviajes.141,,geom,Maya Tours,C. Illampu #775,ROSARIO(COTAHUMA),Comercio y Servicios,AGENCIAS DE VIAJE Y ORGANIZACION DE VIAJES EN GRUP,COTAHUMA,DISTRITO 6,6,,brenda.zuniga,2016-06-08T20:36:27.210Z,,Point,-68.1398092,-16.49600727
Feature,agenciasviajes.142,,geom,Explorandes Tours & Travel S.R.L.,Av. Ballivian Esq. C. 11 #504,CALACOTO,Comercio y Servicios,AGENCIAS DE VIAJE Y ORGANIZACION DE VIAJES EN GRUP,SUR,DISTRITO 19,18,,brenda.zuniga,2016-06-08T20:59:35.810Z,,Point,-68.08814062,-16.54053126
Feature,agenciasviajes.143,,geom,The Line Adventure,C. Loayza #406,CENTRAL,Comercio y Servicios,ACT.AGENCIAS DE VIAJES Y ASISTENCIA A TURISTAS NCP,CENTRO,DISTRITO 1,1,,brenda.zuniga,2016-06-08T20:59:11.247Z,,,,
Feature,agenciasviajes.144,,geom,Abotour Ltda.,Av. 16 de Julio #1440 Edif.  Hermann Piso 12 Oficina 1202,SAN PEDRO BAJO,Comercio y Servicios,AGENCIAS DE VIAJE Y ORGANIZACION DE VIAJES EN GRUP,COTAHUMA,DISTRITO 6,6,,brenda.zuniga,2016-06-08T21:02:12.017Z,,Point,-68.13377004,-16.50085857
Feature,agenciasviajes.145,,geom,"Servicios Turísticos ""Buho´s Tours""",C.  Sagárnaga #242,ROSARIO(COTAHUMA),Comercio y Servicios,AGENCIAS DE VIAJE Y ORGANIZACION DE VIAJES EN GRUP,COTAHUMA,DISTRITO 6,6,,brenda.zuniga,2016-06-08T21:05:19.653Z,,Point,-68.13813728,-16.49717509
Feature,agenciasviajes.146,,geom,Millenium Adventure Expeditions S.R.L.,C. Sagárnaga #229 Edif.  Hotel Happy Days Piso Pb. Oficina 1 y 2,ROSARIO(COTAHUMA),Comercio y Servicios,AGENCIAS DE VIAJE Y ORGANIZACION DE VIAJES EN GRUP,COTAHUMA,DISTRITO 6,6,,brenda.zuniga,2016-06-08T21:35:08.517Z,,Point,-68.13788947,-16.49715319
Feature,agenciasviajes.147,,geom,Travel Tracks ,C. Sagárnaga #362,ROSARIO,Comercio y Servicios,AGENCIAS DE VIAJE Y ORGANIZACION DE VIAJES EN GRUP,CENTRO,DISTRITO 1,1,,brenda.zuniga,2016-06-08T21:36:13.753Z,,,,
Feature,agenciasviajes.148,,geom,Ambar S.R.L. Representaciones en General,Av. Mariscal Santa Cruz #1322 Edif.  Mariscal Santa Cruz Piso 1 Oficina 1,SAN PEDRO BAJO,Comercio y Servicios,AGENCIAS DE VIAJE Y ORGANIZACION DE VIAJES EN GRUP,COTAHUMA,DISTRITO 6,1,,brenda.zuniga,2016-06-08T21:43:15.463Z,,Point,-68.13450969,-16.50000933
Feature,agenciasviajes.149,,geom,Actividades de viajes y actividades publicitarias.,C. Sucre #949,NORTE,Comercio y Servicios,AGENCIAS DE VIAJE Y ORGANIZACION DE VIAJES EN GRUP,PERIFERICA,DISTRITO 11,11,,brenda.zuniga,2016-06-08T21:46:21.473Z,,,,
Feature,agenciasviajes.150,,geom,Miramar Tours,Av. Bustamante C. 15 #7791 Edif.  Torre Super Mercado Ketal Oficina 4,CALACOTO,Comercio y Servicios,AGENCIAS DE VIAJE Y ORGANIZACION DE VIAJES EN GRUP,SUR,DISTRITO 19,19,,brenda.zuniga,2016-06-08T21:50:30.753Z,,Point,-68.08380325,-16.53983608
Feature,agenciasviajes.151,,geom,Travel Pal,Av. Montenegro #S/N,CALACOTO,Comercio y Servicios,AGENCIAS DE VIAJE Y ORGANIZACION DE VIAJES EN GRUP,SUR,DISTRITO 19,19,,brenda.zuniga,2016-06-08T21:52:30.723Z,,,,
Feature,agenciasviajes.152,,geom,Alaya Adventura S.R.L.,C. Luis Uría de la Oliva #2661 Edif.  Hermanos Gonzales Piso 1 Oficina 4,SOPOCACHI,Comercio y Servicios,AGENCIAS DE VIAJE Y ORGANIZACION DE VIAJES EN GRUP,COTAHUMA,DISTRITO 3,3,,brenda.zuniga,2016-06-08T21:59:04.793Z,,Point,-68.12785995,-16.51431482
Feature,agenciasviajes.153,,geom,Top Tours,C. Bueno #159,CENTRAL,Comercio y Servicios,AGENCIAS DE VIAJE Y ORGANIZACION DE VIAJES EN GRUP,CENTRO,DISTRITO 1,1,,brenda.zuniga,2016-06-08T22:07:03.910Z,,Point,-68.13237595,-16.50071938
Feature,agenciasviajes.154,,geom,Bolivia Pachamama Travel Consultants,C. Sagárnaga #316,ROSARIO,Comercio y Servicios,AGENCIAS DE VIAJE Y ORGANIZACION DE VIAJES EN GRUP,CENTRO,DISTRITO 1,1,,brenda.zuniga,2016-06-08T22:03:29.900Z,,,,
Feature,agenciasviajes.155,,geom,Turismo el Solario,C. Sagárnaga #213,ROSARIO(COTAHUMA),Comercio y Servicios,AGENCIAS DE VIAJE Y ORGANIZACION DE VIAJES EN GRUP,COTAHUMA,DISTRITO 6,6,,brenda.zuniga,2016-06-08T22:10:07.623Z,,,,
Feature,agenciasviajes.156,,geom,Wiñaymarka,C. Sagárnaga #237 Edif.  Galería Gladys Piso Mezanine Oficina 12,ROSARIO(COTAHUMA),Comercio y Servicios,AGENCIAS DE VIAJE Y ORGANIZACION DE VIAJES EN GRUP,COTAHUMA,DISTRITO 6,6,,brenda.zuniga,2016-06-08T22:21:33.437Z,,Point,-68.13803161,-16.49725828
Feature,agenciasviajes.157,,geom,Nayra Tours,C. Illampu #863,ROSARIO,Comercio y Servicios,AGENCIAS DE VIAJE Y ORGANIZACION DE VIAJES EN GRUP,CENTRO,DISTRITO 1,1,,brenda.zuniga,2016-06-08T22:25:25.613Z,,,,
Feature,agenciasviajes.158,,geom,Vagary Adventure Travel ,C. Sagárnaga #339 Edif.  Hostal Maya Piso 1 Oficina 1,ROSARIO(COTAHUMA),Comercio y Servicios,AGENCIAS DE VIAJE Y ORGANIZACION DE VIAJES EN GRUP,COTAHUMA,DISTRITO 6,1,,brenda.zuniga,2016-06-08T22:27:30.967Z,,Point,-68.13900236,-16.49782732
Feature,agenciasviajes.159,,geom,Extreme Expeditions Of Urbi Et Orbi S.R.L.,C. Comercio #1435 C. Sagárnaga N°:177 Edif. :GALA CENTRO PISO:2 OFICINA:10,CENTRAL,Comercio y Servicios,AGENCIAS DE VIAJE Y ORGANIZACION DE VIAJES EN GRUP,CENTRO,DISTRITO 1,1,,brenda.zuniga,2016-06-08T22:37:37.530Z,,,,
Feature,agenciasviajes.160,,geom,Expeditours Bolivia,C. Segundo Crucero #1324,NORTE,Comercio y Servicios,AGENCIAS DE VIAJE Y ORGANIZACION DE VIAJES EN GRUP,PERIFERICA,DISTRITO 11,11,,brenda.zuniga,2016-06-08T22:39:43.210Z,,,,
Feature,agenciasviajes.161,,geom,Travel Agency El Collao,Av. I. de Las Muñecas #145,SAN SEBASTIAN,Comercio y Servicios,AGENCIAS DE VIAJE Y ORGANIZACION DE VIAJES EN GRUP,CENTRO,DISTRITO 1,1,,brenda.zuniga,2016-06-08T23:00:45.823Z,,,,
Feature,agenciasviajes.162,,geom,Fremen Tours La Paz,Av. 20 de Octubre #2396,SOPOCACHI,Comercio y Servicios,AGENCIAS DE VIAJE Y ORGANIZACION DE VIAJES EN GRUP,COTAHUMA,DISTRITO 3,3,,brenda.zuniga,2016-06-08T22:43:01.843Z,,,,
Feature,agenciasviajes.163,,geom,Agencia de viajes y organizadores,Av. Sanchez Bustamant #7979,CALACOTO,Comercio y Servicios,AGENCIAS DE VIAJE Y ORGANIZACION DE VIAJES EN GRUP,SUR,DISTRITO 19,0,,brenda.zuniga,2016-06-08T22:45:32.473Z,"SE REPITE, SÓLO TIENE UNA SUCURSAL",,,
Feature,agenciasviajes.164,,geom,Tusoco Viajes S.R.L. ,C. Sagárnaga #227 Edif.  Galería El Paraizo Piso Pb Oficina 1,ROSARIO(COTAHUMA),Comercio y Servicios,AGENCIAS DE VIAJE Y ORGANIZACION DE VIAJES EN GRUP,COTAHUMA,DISTRITO 6,3,,brenda.zuniga,2016-06-08T22:48:40.167Z,,Point,-68.13792766,-16.49718319
Feature,agenciasviajes.165,,geom,Detour S.R.L.,C. Montenegro #1094,SAN MIGUEL,Comercio y Servicios,AGENCIAS DE VIAJE Y ORGANIZACION DE VIAJES EN GRUP,SUR,DISTRITO 19,19,,brenda.zuniga,2016-06-08T22:52:20.760Z,,,,
Feature,agenciasviajes.166,,geom,Turismo Colque S.R.L.,Av. Mariscal Santa Cruz #1003 Edif.  Casanovas Piso Mezanine Oficina 205,CENTRAL,Comercio y Servicios,AGENCIAS DE VIAJE Y ORGANIZACION DE VIAJES EN GRUP,CENTRO,DISTRITO 1,1,,brenda.zuniga,2016-06-08T23:03:48.157Z,,Point,-68.13608707,-16.49695603
Feature,agenciasviajes.167,,geom,Sanvitur,C. Mercado #1335 Edif.  América Piso 8 Oficina 802,CENTRAL,Comercio y Servicios,AGENCIAS DE VIAJE Y ORGANIZACION DE VIAJES EN GRUP,CENTRO,DISTRITO 1,1,,brenda.zuniga,2016-06-08T23:17:56.303Z,,Point,-68.13311932,-16.49829908
Feature,agenciasviajes.168,,geom,Trans World Travel Agency Ltda.,Av. Arequipa Shopping Sur #8221,LA FLORIDA,Comercio y Servicios,AGENCIAS DE VIAJE Y ORGANIZACION DE VIAJES EN GRUP,SUR,DISTRITO 19,19,,brenda.zuniga,2016-06-08T23:20:37.600Z,,Point,-68.09135906,-16.54500762
Feature,agenciasviajes.169,,geom,Carambola Tours,C. Pinilla #598,SOPOCACHI,Comercio y Servicios,AGENCIAS DE VIAJE Y ORGANIZACION DE VIAJES EN GRUP,COTAHUMA,DISTRITO 3,3,,brenda.zuniga,2016-06-08T23:23:30.213Z,,,,
Feature,agenciasviajes.170,,geom,Moor Representaciones,Av. Julio Patiño #1366 Edif.  Lopez Azero Piso 1 Oficina 13,CALACOTO,Comercio y Servicios,AGENCIAS DE VIAJE Y ORGANIZACION DE VIAJES EN GRUP,SUR,DISTRITO 19,19,,brenda.zuniga,2016-06-08T23:32:58.970Z,,,,
Feature,agenciasviajes.171,,geom,Magri Turismo,C. 20 #1383,CALACOTO,Comercio y Servicios,AGENCIAS DE VIAJE Y ORGANIZACION DE VIAJES EN GRUP,SUR,DISTRITO 19,18,,brenda.zuniga,2016-06-08T23:44:32.003Z,,Point,-68.07882851,-16.53942815
Feature,agenciasviajes.172,,geom,V & M Agencia,C. 24 Av. Ballivián #1578 Edif.  Torre Cesur Piso 4 Oficina 406,CALACOTO,Comercio y Servicios,AGENCIAS DE VIAJE Y ORGANIZACION DE VIAJES EN GRUP,SUR,DISTRITO 19,19,,brenda.zuniga,2016-06-08T23:40:47.450Z,,Point,-68.07556652,-16.53971296
Feature,agenciasviajes.173,,geom,Magri Turismo Limitada,C. Capitán Ravelo #2101 Edif.  Capital Ravelo Piso Pb. Oficina 1,SOPOCACHI BAJO(CENTRO),Comercio y Servicios,AGENCIAS DE VIAJE Y ORGANIZACION DE VIAJES EN GRUP,CENTRO,DISTRITO 1,1,,brenda.zuniga,2016-06-08T23:43:45.533Z,,Point,-68.1276156,-16.50541594
Feature,agenciasviajes.174,,geom,Emete Mayorista de viajes Ltda.,C. Capitán Ravelo #2101 Edif.  Capital Ravelo Piso Pb. Oficina 1,SOPOCACHI BAJO(CENTRO),Comercio y Servicios,AGENCIAS DE VIAJE Y ORGANIZACION DE VIAJES EN GRUP,CENTRO,DISTRITO 1,1,,brenda.zuniga,2016-06-08T23:42:57.377Z,,Point,-68.12755906,-16.50548341
Feature,agenciasviajes.175,,geom,Gloria Tours S.R.L.,C. Potosí #909,CENTRAL,Comercio y Servicios,ACT.AGENCIAS DE VIAJES Y ASISTENCIA A TURISTAS NCP,CENTRO,DISTRITO 1,1,,brenda.zuniga,2016-06-08T23:45:53.513Z,,Point,-68.13590096,-16.49564663
Feature,agenciasviajes.176,,geom,Magri Tour Operator Ltda.,C. Capitán Ravelo #2101,SOPOCACHI (CENTRO),Comercio y Servicios,AGENCIAS DE VIAJE Y ORGANIZACION DE VIAJES EN GRUP,CENTRO,DISTRITO 1,1,,clara.revollo,2016-06-06T13:38:28.083Z,,Point,-68.1276876,-16.50529653
Feature,agenciasviajes.177,,geom,Agencia de viaje,PA JIMENEZ #818,ROSARIO,Comercio y Servicios,AGENCIAS DE VIAJE Y ORGANIZACION DE VIAJES EN GRUP,CENTRO,DISTRITO 1,1,,brenda.zuniga,2016-06-08T23:47:32.747Z,"COCA ADVENTURE TRAVEL AGENCY ""CATA"" ERROR AL TRANSCRIBIR EL NOMBRE DE LA EMPRESA",,,
Feature,agenciasviajes.178,,geom,Carmoar Tours Bolivia S.R.L.,C. Murillo #902 Edif.  Galería Chuquiago Oficina 902,ROSARIO(COTAHUMA),Comercio y Servicios,AGENCIAS DE VIAJE Y ORGANIZACION DE VIAJES EN GRUP,COTAHUMA,DISTRITO 6,3,,brenda.zuniga,2016-06-08T23:53:51.650Z,,,,
Feature,agenciasviajes.179,,geom,Agencia de viaje,C. Menendez y Pelayo #1019 Edif.  Elena Piso 1 Oficina 1,CRISTO REY,Comercio y Servicios,AGENCIAS DE VIAJE Y ORGANIZACION DE VIAJES EN GRUP,COTAHUMA,DISTRITO 3,3,,brenda.zuniga,2016-06-09T00:03:42Z,"ANDEAN EXPEDITIONS DIRNINGER, ERROR AL TRANSFERIR LOS NOMBRES PARA LA LICENCIA DE FUNCIONAMIENTO",Point,-68.13454446,-16.51406213
Feature,agenciasviajes.180,,geom,Taypi Tours ,C. Linares #922,ROSARIO(COTAHUMA),Comercio y Servicios,AGENCIAS DE VIAJE Y ORGANIZACION DE VIAJES EN GRUP,COTAHUMA,DISTRITO 6,6,,brenda.zuniga,2016-06-09T00:06:29.233Z,,,,
Feature,agenciasviajes.181,,geom,Skywalk Adventure Agencia de Turismo,C. Linares #303,SAN PEDRO ALTO,Comercio y Servicios,ACT.AGENCIAS DE VIAJES Y ASISTENCIA A TURISTAS NCP,COTAHUMA,DISTRITO 6,6,,brenda.zuniga,2016-06-09T00:09:06.960Z,,Point,-68.13769027,-16.49871516
Feature,agenciasviajes.182,,geom,Skorpios Cargo,Av. 6 de Agosto #2464,SOPOCACHI,Comercio y Servicios,AGENCIAS DE VIAJE Y ORGANIZACION DE VIAJES EN GRUP,COTAHUMA,DISTRITO 3,3,,brenda.zuniga,2016-06-09T00:12:42.287Z,,,,
Feature,agenciasviajes.183,,geom,Hanaqpacha Travel,C. Apolinar Jaen #734,CENTRAL,Comercio y Servicios,AGENCIAS DE VIAJE Y ORGANIZACION DE VIAJES EN GRUP,CENTRO,DISTRITO 1,1,,brenda.zuniga,2016-06-09T00:16:45.307Z,,,,
Feature,agenciasviajes.184,,geom,Agencia de viaje,C. Sagárnaga #288,ROSARIO,Comercio y Servicios,ACT.AGENCIAS DE VIAJES Y ASISTENCIA A TURISTAS NCP,CENTRO,DISTRITO 1,1,,brenda.zuniga,2016-06-09T00:17:48.030Z,NO SE ENCUENTRA POR EL NOMBRE,,,
Feature,agenciasviajes.185,,geom,Atlas Tours Bolivia S.R.L.,C. Mercado #1362,CENTRAL,Comercio y Servicios,AGENCIAS DE VIAJE Y ORGANIZACION DE VIAJES EN GRUP,CENTRO,DISTRITO 1,1,,brenda.zuniga,2016-06-09T00:19:58.337Z,,,,
Feature,agenciasviajes.186,,geom,Taqui Travel,C. Mururata #889,VILLA FATIMA,Comercio y Servicios,AGENCIAS DE VIAJE Y ORGANIZACION DE VIAJES EN GRUP,PERIFERICA,DISTRITO 13,13,,brenda.zuniga,2016-06-09T00:22:31.480Z,,,,
Feature,agenciasviajes.187,,geom,Magical Journey,C. Tarija #210,SAN PEDRO BELEN,Comercio y Servicios,AGENCIAS DE VIAJE Y ORGANIZACION DE VIAJES EN GRUP,COTAHUMA,DISTRITO 6,6,,brenda.zuniga,2016-06-09T00:21:05.507Z,,,,
Feature,agenciasviajes.188,,geom,Pure Bolivia S.R.L.,C. Lisímaco Gutierrez #481,SOPOCACHI,Comercio y Servicios,AGENCIAS DE VIAJE Y ORGANIZACION DE VIAJES EN GRUP,COTAHUMA,DISTRITO 3,3,,brenda.zuniga,2016-06-09T00:27:34.310Z,,,,
Feature,agenciasviajes.189,,geom,Tincuta Aventura Travel,C. Murillo #776,ROSARIO,Comercio y Servicios,AGENCIAS DE VIAJE Y ORGANIZACION DE VIAJES EN GRUP,CENTRO,DISTRITO 1,1,,brenda.zuniga,2016-06-09T00:28:22.223Z,,,,
Feature,agenciasviajes.190,,geom,Atlantis Bolivia,Av. 16 de Julio #1566,SAN PEDRO BAJO,Comercio y Servicios,AGENCIAS DE VIAJE Y ORGANIZACION DE VIAJES EN GRUP,COTAHUMA,DISTRITO 6,6,,brenda.zuniga,2016-06-09T00:33:25.440Z,,Point,-68.13310908,-16.50153658
Feature,agenciasviajes.191,,geom,Free Bikes Mountain Biking Tour Operator,C. Sagárnaga #271,SAN PEDRO BELEN,Comercio y Servicios,ACT.AGENCIAS DE VIAJES Y ASISTENCIA A TURISTAS NCP,COTAHUMA,DISTRITO 6,6,,brenda.zuniga,2016-06-09T12:49:15.217Z,,,,
Feature,agenciasviajes.192,,geom,Corandina Travel & Tour,Av. Ecuador #2458,SOPOCACHI,Comercio y Servicios,ACT.AGENCIAS DE VIAJES Y ASISTENCIA A TURISTAS NCP,COTAHUMA,DISTRITO 3,3,,brenda.zuniga,2016-06-09T12:50:16.653Z,,,,
Feature,agenciasviajes.193,,geom,Bolivian Premiun Tours,C. Cordero #976 Edif.  Terranova Piso 1 Oficina 5,SAN MIGUEL,Comercio y Servicios,AGENCIAS DE VIAJE Y ORGANIZACION DE VIAJES EN GRUP,SUR,DISTRITO 19,19,,brenda.zuniga,2016-06-09T12:52:24.957Z,,Point,-68.0776657,-16.54460843
Feature,agenciasviajes.194,,geom,Cuellarrd Turismo,C. Potosí Esq. Loayza #1375 Edif.  Fenix Piso Pb Oficina 3A,CENTRAL,Comercio y Servicios,AGENCIAS DE VIAJE Y ORGANIZACION DE VIAJES EN GRUP,CENTRO,DISTRITO 1,1,,brenda.zuniga,2016-06-09T12:55:04.160Z,,Point,-68.1324208,-16.49770055
Feature,agenciasviajes.195,,geom,Ritz Travel s.a.,Pza. Isabel la Católica #2478,SOPOCACHI BAJO(CENTRO),Comercio y Servicios,AGENCIAS DE VIAJE Y ORGANIZACION DE VIAJES EN GRUP,CENTRO,DISTRITO 1,1,,brenda.zuniga,2016-06-09T12:56:52.213Z,,Point,-68.12477616,-16.50927028
Feature,agenciasviajes.196,,geom,R.T.M. ,C. Adrian Patiño #8317 Edif.  Hugo Piso 5 oficina 5A,CALACOTO,Comercio y Servicios,AGENCIAS DE VIAJE Y ORGANIZACION DE VIAJES EN GRUP,SUR,DISTRITO 19,19,,brenda.zuniga,2016-06-09T13:00:57.217Z,,Point,-68.07698404,-16.54140017
Feature,agenciasviajes.197,,geom,Definitely Bolivia S.R.L.,C. 21 Francisco Pinedo #4,ACHUMANI,Comercio y Servicios,AGENCIAS DE VIAJE Y ORGANIZACION DE VIAJES EN GRUP,SUR,DISTRITO 18,18,,brenda.zuniga,2016-06-09T13:02:21.320Z,,,,
Feature,agenciasviajes.198,,geom,Agencia de viaje,C. Rene Moreno #18,SAN MIGUEL,Comercio y Servicios,AGENCIAS DE VIAJE Y ORGANIZACION DE VIAJES EN GRUP,SUR,DISTRITO 19,19,,brenda.zuniga,2016-06-09T13:04:58.840Z,PANTUR S.R.L.,,,
Feature,agenciasviajes.199,,geom,Free Bikes Mountain Biking Tour Operator,C. Illampu #867,ROSARIO,Comercio y Servicios,AGENCIAS DE VIAJE Y ORGANIZACION DE VIAJES EN GRUP,CENTRO,DISTRITO 1,1,,brenda.zuniga,2016-06-09T13:06:27.327Z,,,,
Feature,agenciasviajes.200,,geom,El Lobo,C. Illampu #807 .,ROSARIO,Comercio y Servicios,ACT.AGENCIAS DE VIAJES Y ASISTENCIA A TURISTAS NCP,CENTRO,DISTRITO 1,1,,brenda.zuniga,2016-06-09T13:09:07.740Z,,Point,-68.1395608,-16.49670009
Feature,agenciasviajes.201,,geom,Bolivia Hop,C. Santa Cruz #265,ROSARIO,Comercio y Servicios,AGENCIAS DE VIAJE Y ORGANIZACION DE VIAJES EN GRUP,CENTRO,DISTRITO 1,1,,brenda.zuniga,2016-06-09T13:10:33.303Z,,,,
Feature,agenciasviajes.202,,geom,Inca Trail Yungas Takesi,C. Pedro Padilla #20,VILLA EL CARMEN,Comercio y Servicios,AGENCIAS DE VIAJE Y ORGANIZACION DE VIAJES EN GRUP,PERIFERICA,DISTRITO 13,13,,brenda.zuniga,2016-06-09T13:15:52.663Z,,,,
Feature,agenciasviajes.203,,geom,Emira Turismo,C. Rene Moreno Esq. Jaime Mendoza #12,SAN MIGUEL,Comercio y Servicios,AGENCIAS DE VIAJE Y ORGANIZACION DE VIAJES EN GRUP,SUR,DISTRITO 19,19,,brenda.zuniga,2016-06-09T13:18:16.537Z,,Point,-68.08021888,-16.54281305
Feature,agenciasviajes.204,,geom,Blaugrana Tours,Av. Saavedra #2094 Edif.  Bella Flor Piso 3,MIRAFLORES,Comercio y Servicios,AGENCIAS DE VIAJE Y ORGANIZACION DE VIAJES EN GRUP,CENTRO,DISTRITO 2,2,,brenda.zuniga,2016-06-09T13:20:57.387Z,,Point,-68.12178394,-16.50310616
Feature,agenciasviajes.205,,geom,Geo - Trek,C. Sagárnaga #189,ROSARIO(COTAHUMA),Comercio y Servicios,AGENCIAS DE VIAJE Y ORGANIZACION DE VIAJES EN GRUP,COTAHUMA,DISTRITO 6,3,,brenda.zuniga,2016-06-09T13:22:08.063Z,,Point,-68.13752929,-16.49694469
Feature,agenciasviajes.206,,geom,Agencia de viajes y Turismo,C. Sagárnaga #189,SAN PEDRO BELEN,Comercio y Servicios,AGENCIAS DE VIAJE Y ORGANIZACION DE VIAJES EN GRUP,COTAHUMA,DISTRITO 6,6,,brenda.zuniga,2016-06-09T13:24:42.837Z,,,,
Feature,agenciasviajes.207,,geom,Bj Travel,C. Los Alamos #157,SAN ISIDRO,Comercio y Servicios,ACT.AGENCIAS DE VIAJES Y ASISTENCIA A TURISTAS NCP,SAN ANTONIO,DISTRITO 17,17,,brenda.zuniga,2016-06-09T13:25:47.007Z,,,,
Feature,agenciasviajes.208,,geom,Nine Tours S.R.L.,Av. Arce #2656 Edif.  Milan P2-OF3,SAN JORGE,Comercio y Servicios,AGENCIAS DE VIAJE Y ORGANIZACION DE VIAJES EN GRUP,CENTRO,DISTRITO 1,1,,brenda.zuniga,2016-06-09T13:30:10.910Z,,,,
Feature,agenciasviajes.209,,geom,Zig Zag Eco Tours & Treks,C. Illampu #775 Galería Sajama,ROSARIO,Comercio y Servicios,AGENCIAS DE VIAJE Y ORGANIZACION DE VIAJES EN GRUP,CENTRO,DISTRITO 1,1,,brenda.zuniga,2016-06-09T13:32:00.100Z,,Point,-68.13980679,-16.49603144
Feature,agenciasviajes.210,,geom,Queen Travel,C. Julio Patiño #1366,CALACOTO,Comercio y Servicios,AGENCIAS DE VIAJE Y ORGANIZACION DE VIAJES EN GRUP,SUR,DISTRITO 19,19,,brenda.zuniga,2016-06-09T13:33:52.027Z,,,,
Feature,agenciasviajes.211,,geom,Hi Bol Travel & Tours,Av. Arce #2631 Multicine,SAN JORGE,Comercio y Servicios,AGENCIAS DE VIAJE Y ORGANIZACION DE VIAJES EN GRUP,CENTRO,DISTRITO 1,1,,brenda.zuniga,2016-06-09T13:41:25.470Z,,Point,-68.12234709,-16.51088718
Feature,agenciasviajes.212,,geom,Etno Tours S.R.L.,C. Illampu #775,ROSARIO,Comercio y Servicios,AGENCIAS DE VIAJE Y ORGANIZACION DE VIAJES EN GRUP,CENTRO,DISTRITO 1,1,,brenda.zuniga,2016-06-09T13:41:58.567Z,,,,
Feature,agenciasviajes.213,,geom,Agencia de viaje,C. 21 de Calacoto #8227,CALACOTO,Comercio y Servicios,AGENCIAS DE VIAJE Y ORGANIZACION DE VIAJES EN GRUP,SUR,DISTRITO 19,19,,clara.revollo,2016-06-13T19:43:14.270Z,CHECK LIST TRAVEL S.R.L.,Point,-68.07649787,-16.54537175
Feature,agenciasviajes.214,,geom,Travel Club,C. Rosendo Gutierrez #583,SOPOCACHI,Comercio y Servicios,AGENCIAS DE VIAJE Y ORGANIZACION DE VIAJES EN GRUP,COTAHUMA,DISTRITO 3,3,,brenda.zuniga,2016-06-09T13:47:26.880Z,,,,
Feature,agenciasviajes.215,,geom,Servicios de Agencia de viajes,C. Claudio Aliaga #1223,SAN MIGUEL,Comercio y Servicios,AGENCIAS DE VIAJE Y ORGANIZACION DE VIAJES EN GRUP,SUR,DISTRITO 19,19,,brenda.zuniga,2016-06-09T13:47:56.450Z,,,,
Feature,agenciasviajes.216,,geom,Next Travel S.R.L.,Av. Montenegro #810,SAN MIGUEL,Comercio y Servicios,AGENCIAS DE VIAJE Y ORGANIZACION DE VIAJES EN GRUP,SUR,DISTRITO 19,19,,brenda.zuniga,2016-06-09T13:51:08.653Z,,,,
Feature,agenciasviajes.217,,geom,IAT,C. Cuba #1589,MIRAFLORES,Comercio y Servicios,AGENCIAS DE VIAJE Y ORGANIZACION DE VIAJES EN GRUP,CENTRO,DISTRITO 2,2,,brenda.zuniga,2016-06-09T13:51:23.220Z,,,,
Feature,agenciasviajes.218,,geom,Libra Tours ,C.  23 #7727,CALACOTO,Comercio y Servicios,AGENCIAS DE VIAJE Y ORGANIZACION DE VIAJES EN GRUP,SUR,DISTRITO 19,19,,brenda.zuniga,2016-06-09T13:54:46.617Z,,,,
Feature,agenciasviajes.219,,geom,Ver Bolivia S.R.L.,Av. Saavedra #1059,MIRAFLORES,Comercio y Servicios,AGENCIAS DE VIAJE Y ORGANIZACION DE VIAJES EN GRUP,CENTRO,DISTRITO 2,2,,brenda.zuniga,2016-06-09T13:55:39.110Z,,,,
Feature,agenciasviajes.220,,geom,Uniworld Travel Representations,A. 16 de Julio #1495,CENTRAL,Comercio y Servicios,AGENCIAS DE VIAJE Y ORGANIZACION DE VIAJES EN GRUP,CENTRO,DISTRITO 1,1,,brenda.zuniga,2016-06-09T14:00:56.413Z,,Point,-68.13266487,-16.50097841
Feature,agenciasviajes.221,,geom,Viajes rutas y recuerdos,C. Aroma Edif.  Diamante Azul #40,ROSARIO,Comercio y Servicios,AGENCIAS DE VIAJE Y ORGANIZACION DE VIAJES EN GRUP,CENTRO,DISTRITO 1,1,,brenda.zuniga,2016-06-09T14:02:10.153Z,,Point,-68.14025377,-16.49575022
Feature,agenciasviajes.222,,geom,Big Sun Travel,C. Illampu #726,ROSARIO,Comercio y Servicios,AGENCIAS DE VIAJE Y ORGANIZACION DE VIAJES EN GRUP,CENTRO,DISTRITO 1,1,,brenda.zuniga,2016-06-09T14:03:11.280Z,,,,
Feature,agenciasviajes.223,,geom,Vip Tour Ltda.,Av. Mariscal Santa Cruz #1392 Edif.  Cámara Nacional de Comercio,SAN PEDRO BAJO,Comercio y Servicios,AGENCIAS DE VIAJE Y ORGANIZACION DE VIAJES EN GRUP,COTAHUMA,DISTRITO 6,1,,brenda.zuniga,2016-06-09T14:05:38.570Z,,Point,-68.13428069,-16.5003367
Feature,agenciasviajes.224,,geom,Intercontinental Travel S.R.L.,Av. 16 de julio #1636 Edif.  Centro de huespedes Jhon Wesley,SAN PEDRO BAJO,Comercio y Servicios,AGENCIAS DE VIAJE Y ORGANIZACION DE VIAJES EN GRUP,COTAHUMA,DISTRITO 6,1,,brenda.zuniga,2016-06-09T14:08:23.757Z,,Point,-68.13264805,-16.50227694
Feature,agenciasviajes.225,,geom,Viacha Tours,C. Sagárnaga #315,SAN PEDRO BELEN,Comercio y Servicios,AGENCIAS DE VIAJE Y ORGANIZACION DE VIAJES EN GRUP,COTAHUMA,DISTRITO 6,6,,brenda.zuniga,2016-06-09T14:09:09.327Z,,,,
Feature,agenciasviajes.226,,geom,Empresa Operadora de Turismo Receptivo Hiking Bolivia Tours,C. Illampu #750,ROSARIO,Comercio y Servicios,AGENCIAS DE VIAJE Y ORGANIZACION DE VIAJES EN GRUP,CENTRO,DISTRITO 1,1,,brenda.zuniga,2016-06-09T14:09:46.357Z,,,,
Feature,agenciasviajes.227,,geom,Travel Store Bolivia,C. Sagárnaga #229,SAN PEDRO,Comercio y Servicios,ACT.AGENCIAS DE VIAJES Y ASISTENCIA A TURISTAS NCP,COTAHUMA,DISTRITO 6,1,,brenda.zuniga,2016-06-09T14:10:35.057Z,,Point,-68.13795748,-16.49719418
Feature,agenciasviajes.228,,geom,Ride on Bolivia Biking S.R.L.,C. Casimiro Corrales #1067,MIRAFLORES,Comercio y Servicios,AGENCIAS DE VIAJE Y ORGANIZACION DE VIAJES EN GRUP,CENTRO,DISTRITO 2,2,,brenda.zuniga,2016-06-09T14:12:17.380Z,,,,
Feature,agenciasviajes.229,,geom,Viatori Rours S.R.L.,C. Sanchez Lima #2329,SOPOCACHI,Comercio y Servicios,ACT.AGENCIAS DE VIAJES Y ASISTENCIA A TURISTAS NCP,COTAHUMA,DISTRITO 3,3,,brenda.zuniga,2016-06-09T14:22:28.840Z,,,,
Feature,agenciasviajes.230,,geom,Ideal Tours S.R.L.,C. Mercado #1328,CENTRAL,Comercio y Servicios,AGENCIAS DE VIAJE Y ORGANIZACION DE VIAJES EN GRUP,CENTRO,DISTRITO 1,1,,brenda.zuniga,2016-06-09T14:23:20.977Z,,Point,-68.13328971,-16.49855679
Feature,agenciasviajes.231,,geom,Victoria Travel,C.  Sagárnaga #309,SAN PEDRO BELEN,Comercio y Servicios,AGENCIAS DE VIAJE Y ORGANIZACION DE VIAJES EN GRUP,COTAHUMA,DISTRITO 6,6,,brenda.zuniga,2016-06-09T14:24:22.930Z,,,,
Feature,agenciasviajes.232,,geom,Bolivia Chacana Travel,C. Linares #947,SAN PEDRO BELEN,Comercio y Servicios,AGENCIAS DE VIAJE Y ORGANIZACION DE VIAJES EN GRUP,COTAHUMA,DISTRITO 6,6,,brenda.zuniga,2016-06-09T14:27:22.700Z,,Point,-68.13801784,-16.49772074
Feature,agenciasviajes.233,,geom,John Travel S.R.L.,Av. Montenegro #724,SAN MIGUEL,Comercio y Servicios,AGENCIAS DE VIAJE Y ORGANIZACION DE VIAJES EN GRUP,SUR,DISTRITO 19,19,,brenda.zuniga,2016-06-09T14:31:38.647Z,,,,
Feature,agenciasviajes.234,,geom,Nuevo Continente - Bolivia,C. Sagárnaga  #342,ROSARIO,Comercio y Servicios,AGENCIAS DE VIAJE Y ORGANIZACION DE VIAJES EN GRUP,CENTRO,DISTRITO 1,1,,brenda.zuniga,2016-06-09T14:35:35.413Z,,,,
Feature,agenciasviajes.235,,geom,Sun Island Tours,Av. Arce #2652 Ed.Mila,SOPOCACHI BAJO(CENTRO),Comercio y Servicios,AGENCIAS DE VIAJE Y ORGANIZACION DE VIAJES EN GRUP,CENTRO,DISTRITO 1,1,,brenda.zuniga,2016-06-09T14:41:26.403Z,,,,
Feature,agenciasviajes.236,,geom,Bolivia Huayruru Tours,C. Illampu #761 H.Berlina,ROSARIO,Comercio y Servicios,AGENCIAS DE VIAJE Y ORGANIZACION DE VIAJES EN GRUP,CENTRO,DISTRITO 1,1,,brenda.zuniga,2016-06-09T14:43:49.507Z,,Point,-68.13971584,-16.49621646
Feature,agenciasviajes.237,,geom,Sendas Altas - Operadores en Turismo S.R.L.,C. Indaburo  #710,CENTRAL,Comercio y Servicios,AGENCIAS DE VIAJE Y ORGANIZACION DE VIAJES EN GRUP,CENTRO,DISTRITO 1,1,,brenda.zuniga,2016-06-09T14:45:25.967Z,,,,
Feature,agenciasviajes.238,,geom,Falinu Tours Ltda.,Av. 16 De Julio #1655,CENTRAL,,AGENCIAS DE VIAJE Y ORGANIZACION DE VIAJES EN GRUP,CENTRO,DISTRITO 1,1,,brenda.zuniga,2016-06-09T14:49:14.843Z,,Point,-68.13204905,-16.5021903
Feature,agenciasviajes.239,,geom,ELizabeth Travel & Tours,C. Murillo  #764,ROSARIO,Comercio y Servicios,ACT.AGENCIAS DE VIAJES Y ASISTENCIA A TURISTAS NCP,CENTRO,DISTRITO 1,1,,brenda.zuniga,2016-06-09T14:51:50.070Z,,Point,-68.13862456,-16.49529206
Feature,agenciasviajes.240,,geom,Olympia Travel S.R.L.,Av. 6 de Agosto #2216,SOPOCACHI,,AGENCIAS DE VIAJE Y ORGANIZACION DE VIAJES EN GRUP,COTAHUMA,DISTRITO 3,6,,brenda.zuniga,2016-06-09T14:52:54.483Z,,,,
Feature,agenciasviajes.241,,geom,Almudena Tours La Paz,C. Carlos Medinacelli  #1022,SOPOCACHI,Comercio y Servicios,ACT.AGENCIAS DE VIAJES Y ASISTENCIA A TURISTAS NCP,COTAHUMA,DISTRITO 3,3,,brenda.zuniga,2016-06-09T14:54:49.593Z,,,,
Feature,agenciasviajes.242,,geom,Vitrum Representaciones S.R.L.,Av. Arce #2871 Prisila  L1,SAN JORGE,Comercio y Servicios,ACT.AGENCIAS DE VIAJES Y ASISTENCIA A TURISTAS NCP,CENTRO,DISTRITO 1,1,,brenda.zuniga,2016-06-09T14:57:31.840Z,,,,
Feature,agenciasviajes.243,,geom,Travel Store Bolivia,Av. Montes #641,CENTRAL,Comercio y Servicios,AGENCIAS DE VIAJE Y ORGANIZACION DE VIAJES EN GRUP,CENTRO,DISTRITO 1,1,,brenda.zuniga,2016-06-09T14:59:38.603Z,,,,
Feature,agenciasviajes.244,,geom,Extreme Expeditions of Urbi Et Orbi S.R.L.,C. Sagárnaga #177 Edif. Gala Centro,CENTRAL,Comercio y Servicios,AGENCIAS DE VIAJE Y ORGANIZACION DE VIAJES EN GRUP,CENTRO,DISTRITO 1,1,,brenda.zuniga,2016-06-09T15:06:41.300Z,,,,
Feature,agenciasviajes.245,,geom,Extreme Expeditions of Urbi Et Orbi S.R.L.,C. Comercio #1476,CENTRAL,Comercio y Servicios,AGENCIAS DE VIAJE Y ORGANIZACION DE VIAJES EN GRUP,CENTRO,DISTRITO 1,1,,brenda.zuniga,2016-06-09T15:08:48.963Z,,Point,-68.13106338,-16.4977237
Feature,agenciasviajes.246,,geom,Agencia de viajes El Lobo,C. Loayza  #317,CENTRAL,Comercio y Servicios,AGENCIAS DE VIAJE Y ORGANIZACION DE VIAJES EN GRUP,CENTRO,DISTRITO 1,1,,brenda.zuniga,2016-06-09T15:13:33.590Z,,,,
Feature,agenciasviajes.247,,geom,Viajes del Sur,C. Yanacocha  Edif. Shop norte L701 No.,CENTRAL,Comercio y Servicios,AGENCIAS DE VIAJE Y ORGANIZACION DE VIAJES EN GRUP,CENTRO,DISTRITO 1,1,,brenda.zuniga,2016-06-09T15:15:24.497Z,,Point,-68.13491702,-16.4965547
Feature,agenciasviajes.248,,geom,Overdose Bolivia,C. Comercio #1435,CENTRAL,Comercio y Servicios,AGENCIAS DE VIAJE Y ORGANIZACION DE VIAJES EN GRUP,CENTRO,DISTRITO 1,1,,brenda.zuniga,2016-06-09T15:17:54.997Z,,,,
Feature,agenciasviajes.249,,geom,Esencia viajes y turismo,Pa. Mendes Arcos #103,SOPOCACHI,,AGENCIAS DE VIAJE Y ORGANIZACION DE VIAJES EN GRUP,COTAHUMA,DISTRITO 3,3,,brenda.zuniga,2016-06-09T15:21:09.327Z,,,,
Feature,agenciasviajes.250,,geom,J-Xtreme Bolivia,C. Murillo  #951,SAN PEDRO BELEN,Comercio y Servicios,AGENCIAS DE VIAJE Y ORGANIZACION DE VIAJES EN GRUP,COTAHUMA,DISTRITO 6,6,,brenda.zuniga,2016-06-09T15:22:01.440Z,,,,
Feature,agenciasviajes.251,,geom,Vidaurre Reisen Und Investitionen,C. Murillo  #755,ROSARIO,Comercio y Servicios,ACT.AGENCIAS DE VIAJES Y ASISTENCIA A TURISTAS NCP,CENTRO,DISTRITO 1,1,,brenda.zuniga,2016-06-09T15:23:26.847Z,,,,
Feature,agenciasviajes.252,,geom,Solhorizonte,C. Sagárnaga  #189 Edif. Micheles,ROSARIO(COTAHUMA),Comercio y Servicios,AGENCIAS DE VIAJE Y ORGANIZACION DE VIAJES EN GRUP,COTAHUMA,DISTRITO 6,6,,brenda.zuniga,2016-06-09T15:27:50.763Z,,,,
Feature,agenciasviajes.253,,geom,Diplomatic Tours,Av. 16 de Julio  #1506,SAN PEDRO,Comercio y Servicios,AGENCIAS DE VIAJE Y ORGANIZACION DE VIAJES EN GRUP,COTAHUMA,DISTRITO 6,6,,brenda.zuniga,2016-06-09T15:29:28.023Z,,,,
Feature,agenciasviajes.254,,geom,lta Travel Agency S.R.L.,Pza. Alonzo de Mendoza #SN Edif. Hotel Montero,SAN SEBASTIAN,Comercio y Servicios,ACT.AGENCIAS DE VIAJES Y ASISTENCIA A TURISTAS NCP,CENTRO,DISTRITO 1,1,,brenda.zuniga,2016-06-09T15:32:23.993Z,,Point,-68.13906092,-16.49340751
Feature,agenciasviajes.255,,geom,Agencia organizacion de viajes,C. Linares #940,SAN PEDRO BELEN,Comercio y Servicios,AGENCIAS DE VIAJE Y ORGANIZACION DE VIAJES EN GRUP,COTAHUMA,DISTRITO 6,6,,brenda.zuniga,2016-06-09T15:44:56.490Z,,,,
Feature,agenciasviajes.256,,geom,Castillo Servitur Travel,C. Belisario Salinas #383 Edif.  Vilamari,SOPOCACHI,Comercio y Servicios,AGENCIAS DE VIAJE Y ORGANIZACION DE VIAJES EN GRUP,COTAHUMA,DISTRITO 3,3,,brenda.zuniga,2016-06-09T16:23:44.917Z,,Point,-68.12638003,-16.50964872
Feature,agenciasviajes.257,,geom,Jhonatan Bernard Guarachi Jemio,Av. Camacho #1377,CENTRAL,Comercio y Servicios,ACT.AGENCIAS DE VIAJES Y ASISTENCIA A TURISTAS NCP,CENTRO,DISTRITO 1,1,,brenda.zuniga,2016-06-09T16:27:07.470Z,,,,
Feature,agenciasviajes.258,,geom,Btgroup S.R.L.,Psj. Jauregui #2255,SOPOCACHI,Comercio y Servicios,AGENCIAS DE VIAJE Y ORGANIZACION DE VIAJES EN GRUP,COTAHUMA,DISTRITO 3,3,,brenda.zuniga,2016-06-09T19:19:28.680Z,,,,
Feature,agenciasviajes.259,,geom,Carlson Wagonlit Travel - Retbo S.A.,C.Cordero Esq. Av. Arce #150 Edif.  El Escorial Piso 1 Oficina 102,SAN JORGE,Comercio y Servicios,AGENCIAS DE VIAJE Y ORGANIZACION DE VIAJES EN GRUP,CENTRO,DISTRITO 1,1,,brenda.zuniga,2016-06-09T19:22:42.853Z,,Point,-68.12096858,-16.51314131
Feature,agenciasviajes.260,,geom,Adis W.G. Travel,C. Tejada Sorzano #414 Edif.  Casa Blanca Piso 3 Oficina 3A,VILLA FATIMA,Comercio y Servicios,AGENCIAS DE VIAJE Y ORGANIZACION DE VIAJES EN GRUP,PERIFERICA,DISTRITO 13,13,,brenda.zuniga,2016-06-09T19:26:45.557Z,,,,
Feature,agenciasviajes.261,,geom,Magic Bolivia,Av. 16 de Julio #1490,SAN PEDRO BAJO,Comercio y Servicios,AGENCIAS DE VIAJE Y ORGANIZACION DE VIAJES EN GRUP,COTAHUMA,DISTRITO 6,1,,brenda.zuniga,2016-06-09T19:29:35.653Z,,,,
Feature,agenciasviajes.262,,geom,Agencia de viajes y turismo,Av. Mariscal Santa Cruz #1351 Edif.  Litoral,CENTRAL,Comercio y Servicios,AGENCIAS DE VIAJE Y ORGANIZACION DE VIAJES EN GRUP,CENTRO,DISTRITO 1,1,,brenda.zuniga,2016-06-09T19:32:55.223Z,"VASTOUR S.R.L., ERROR AL INTRODUCIR EL NOMBRE DE LA EMPRESA PARA LA LICENCIA DE FUNCIONAMIENTO",,,
Feature,agenciasviajes.263,,geom,Gina Tours Ltda.,Av Illimani #1697,MIRAFLORES,Comercio y Servicios,AGENCIAS DE VIAJE Y ORGANIZACION DE VIAJES EN GRUP,CENTRO,DISTRITO 2,2,,brenda.zuniga,2016-06-09T19:35:05.400Z,,,,
Feature,agenciasviajes.264,,geom,Agencia de viaje,C. Illampu #773,ROSARIO,Comercio y Servicios,AGENCIAS DE VIAJE Y ORGANIZACION DE VIAJES EN GRUP,CENTRO,DISTRITO 1,1,,brenda.zuniga,2016-06-09T19:35:57.680Z,,,,
Feature,agenciasviajes.265,,geom,Olympia travel,C. 21 #8398,SAN MIGUEL,Comercio y Servicios,AGENCIAS DE VIAJE Y ORGANIZACION DE VIAJES EN GRUP,SUR,DISTRITO 19,19,,brenda.zuniga,2016-06-09T19:40:15.350Z,,Point,-68.07724351,-16.54402991
Feature,agenciasviajes.266,,geom,Agencia de viaje,Pza. Isabel La Católica #S/N MZ OF2,SOPOCACHI (CENTRO),Comercio y Servicios,AGENCIAS DE VIAJE Y ORGANIZACION DE VIAJES EN GRUP,CENTRO,DISTRITO 1,1,,brenda.zuniga,2016-06-09T19:46:05.893Z,,,,
Feature,agenciasviajes.267,,geom,Viajar bolivia,C. 3 #820,SEGUENCOMA ALTO,Comercio y Servicios,AGENCIAS DE VIAJE Y ORGANIZACION DE VIAJES EN GRUP,SUR,DISTRITO 21,21,,brenda.zuniga,2016-06-09T19:46:29.717Z,,,,
Feature,agenciasviajes.268,,geom,Agencia de viajes y asistencia a turistas,C. Illampu #1124,SAN PEDRO BELEN,Comercio y Servicios,ACT.AGENCIAS DE VIAJES Y ASISTENCIA A TURISTAS NCP,COTAHUMA,DISTRITO 6,6,,brenda.zuniga,2016-06-09T19:47:47.010Z,,,,
Feature,agenciasviajes.269,,geom,Agencia de viaje,C. Sagárnaga #229,ROSARIO(COTAHUMA),Comercio y Servicios,AGENCIAS DE VIAJE Y ORGANIZACION DE VIAJES EN GRUP,COTAHUMA,DISTRITO 6,6,,brenda.zuniga,2016-06-09T19:51:06.970Z,"ORIGENES DEL INKA, ERROR AL MOMENTO DE REGISTRAR EL NOMBRE PARA LA LICENCIA DE FUNCIONAMIENTO",,,
Feature,agenciasviajes.270,,geom,BTG,Av. Montenegro #850,SAN MIGUEL,Comercio y Servicios,AGENCIAS DE VIAJE Y ORGANIZACION DE VIAJES EN GRUP,SUR,DISTRITO 19,19,,brenda.zuniga,2016-06-09T19:57:39.937Z,,,,
Feature,agenciasviajes.271,,geom,Astur,Av. Jose Aguirre Acha C. 6 #80 Edif.  Bloque 80 Piso 5 Oficina 500,LOS PINOS,Comercio y Servicios,AGENCIAS DE VIAJE Y ORGANIZACION DE VIAJES EN GRUP,SUR,DISTRITO 19,19,,brenda.zuniga,2016-06-09T20:00:37.300Z,,,,
Feature,agenciasviajes.272,,geom,TC Consulting & Travel Group S.R.L.,C. Clavijo Edif.  San Patricio #S/N,SAN JORGE,Comercio y Servicios,AGENCIAS DE VIAJE Y ORGANIZACION DE VIAJES EN GRUP,CENTRO,DISTRITO 1,2,,brenda.zuniga,2016-06-09T20:02:42.100Z,,,,
Feature,agenciasviajes.273,,geom,Transturin Ltda.,C. 6 Jose Parada #100,ACHUMANI,Comercio y Servicios,AGENCIAS DE VIAJE Y ORGANIZACION DE VIAJES EN GRUP,SUR,DISTRITO 18,18,,brenda.zuniga,2016-06-09T20:03:54.620Z,,,,
Feature,agenciasviajes.274,,geom,Oasis Odysseys Tours,C. Sagárnaga #363,SAN PEDRO BELEN,Comercio y Servicios,AGENCIAS DE VIAJE Y ORGANIZACION DE VIAJES EN GRUP,COTAHUMA,DISTRITO 6,6,,brenda.zuniga,2016-06-09T20:05:21.580Z,,,,
Feature,agenciasviajes.275,,geom,Turismo Bolivia - Peru S.R.L.,C. Linares #947,ROSARIO,Comercio y Servicios,AGENCIAS DE VIAJE Y ORGANIZACION DE VIAJES EN GRUP,CENTRO,DISTRITO 1,1,,brenda.zuniga,2016-06-09T20:06:24.777Z,,,,
Feature,agenciasviajes.276,,geom,Tour Operator S.R.L.,C. Illampu #717,ROSARIO,Comercio y Servicios,AGENCIAS DE VIAJE Y ORGANIZACION DE VIAJES EN GRUP,CENTRO,DISTRITO 1,6,,brenda.zuniga,2016-06-09T20:10:32.020Z,"JUMP BOLIVIA S.R.L., ERROR AL INTRODUCIR EL NOMBRE DE LA EMPRESA PARA LA LICENCIA DE FUNCIONAMIENTO",,,
Feature,agenciasviajes.277,,geom,Todo Turismo S.R.L.,Av. Uruguay #102,CENTRAL,Comercio y Servicios,AGENCIAS DE VIAJE Y ORGANIZACION DE VIAJES EN GRUP,CENTRO,DISTRITO 1,1,,brenda.zuniga,2016-06-09T20:12:57.787Z,,,,
Feature,agenciasviajes.278,,geom,Jiwaki Bolivia Travel,C. Sagárnaga #380,ROSARIO,Comercio y Servicios,ACT.AGENCIAS DE VIAJES Y ASISTENCIA A TURISTAS NCP,CENTRO,DISTRITO 1,6,,brenda.zuniga,2016-06-09T20:13:49.747Z,,,,
Feature,agenciasviajes.280,,geom,La Gran Muralla S.R.L.,Av. Arce #2177 Edif.  Ex Radisson,SAN JORGE,Comercio y Servicios,AGENCIAS DE VIAJE Y ORGANIZACION DE VIAJES EN GRUP,CENTRO,DISTRITO 1,1,,brenda.zuniga,2016-06-09T20:16:57.983Z,,Point,-68.12762313,-16.50664135
Feature,agenciasviajes.281,,geom,Agencia de viaje,C. Linares #956,ROSARIO(COTAHUMA),Comercio y Servicios,AGENCIAS DE VIAJE Y ORGANIZACION DE VIAJES EN GRUP,COTAHUMA,DISTRITO 6,6,,brenda.zuniga,2016-06-09T20:17:17.407Z,,,,
Feature,agenciasviajes.283,,geom,Kendeke Tours,C. Linares #906,ROSARIO(COTAHUMA),Comercio y Servicios,ACT.AGENCIAS DE VIAJES Y ASISTENCIA A TURISTAS NCP,COTAHUMA,DISTRITO 6,0,,brenda.zuniga,2016-06-09T20:20:08.930Z,,,,
Feature,agenciasviajes.284,,geom,Bolivia Autentica Travel Agency & Tour Operator,C. Sagárnaga #189,SAN PEDRO BELEN,Comercio y Servicios,AGENCIAS DE VIAJE Y ORGANIZACION DE VIAJES EN GRUP,COTAHUMA,DISTRITO 6,6,,brenda.zuniga,2016-06-09T20:20:00.847Z,,Point,-68.1375191,-16.49697205
Feature,agenciasviajes.285,,geom,No Fear Adventure S.R.L.,C. Mariscal Santa Cruz #242,ROSARIO,Comercio y Servicios,AGENCIAS DE VIAJE Y ORGANIZACION DE VIAJES EN GRUP,CENTRO,DISTRITO 1,1,,brenda.zuniga,2016-06-09T20:20:38.693Z,,,,
Feature,agenciasviajes.286,,geom,Infotur ,"Av.  Mariscal Santa Cruz Esq. C. Colombia, Edif.  Técnico Planta Baja",COTAHUMA,,,,,6,brenda.zuniga,brenda.zuniga,2016-06-09T21:11:53.673Z,CENTRO DE INFORMACIÓN TURÍSTICA,Point,-68.13416065,-16.50043742
Feature,agenciasviajes.287,,geom,Infotur Prado,Av. 16 de Julio Esq. C. México,COTAHUMA,,,,,6,brenda.zuniga,brenda.zuniga,2016-06-09T21:11:43.023Z,CENTRO DE INFORMACIÓN TURÍSTICA,Point,-68.1314489,-16.5038616
Feature,agenciasviajes.288,,geom,Infotur Tomás Katari,"Pza. Tomás Katari, frente al Cementerio General",MAX PAREDES,,,,,8,brenda.zuniga,brenda.zuniga,2016-06-09T21:15:13.893Z,CENTRO DE INFORMACIÓN TURÍSTICA,Point,-68.15124581,-16.49523478
Feature,agenciasviajes.289,,geom,Infotur Terminal de Buses,"Av. Uruguay, Terminal de Buses",PERIFERICA,,,,,11,brenda.zuniga,brenda.zuniga,2016-06-09T21:22:39.947Z,CENTRO DE INFORMACIÓN TURÍSTICA,Point,-68.14095695,-16.48854901
Feature,agenciasviajes.290,,geom,Infotur Museo Costumbrista,Av. Sucre Esq. C. Jaen,CENTRO,,,,,1,brenda.zuniga,brenda.zuniga,2016-06-09T21:28:36.380Z,CENTRO DE INFORMACIÓN TURÍSTICA,Point,-68.13575538,-16.49167018
Feature,agenciasviajes.291,,geom,Infotur Mirador Killi Killi,Av. La Bandera Esq. Heroinas 16 de Julio,PERIFERICA,,,,,11,brenda.zuniga,brenda.zuniga,2016-06-13T15:32:12.213Z,"CENTRO DE INFORMACIÓN TURÍSTICA, CERRADO TEMPORALMENTE",Point,-68.12744204,-16.49460465
Feature,agenciasviajes.292,,geom,Infotur Pérez Velazco,Av. Mariscal Santa Cruz y Comercio,CENTRO,,,,,1,brenda.zuniga,brenda.zuniga,2016-06-13T15:31:42.473Z,"CENTRO DE INFORMACIÓN TURÍSTICA, CERRADO TEMPORALMENTE",Point,-68.13658371,-16.49475971
Feature,agenciasviajes.293,,geom,Infotur Museo Tambo Quirquincho,Pza. Alonso de Mendoza,CENTRO,,,,,1,brenda.zuniga,brenda.zuniga,2016-06-09T21:36:28.720Z,CENTRO DE INFORMACIÓN TURÍSTICA,Point,-68.13803348,-16.49353515
Feature,agenciasviajes.294,,geom,Infotur Chiaraque - Muela del  Diablo,Zona Pedregal (NO FUNCIONA).,PEDREGAL,,,,,20,brenda.zuniga,brenda.zuniga,2016-06-13T15:31:22.290Z,"CENTRO DE INFORMACIÓN TURÍSTICA, CERRADO TEMPORALMENTE",Point,-68.05657849,-16.55758988
Feature,agenciasviajes.295,,geom,Infotur Laicacota,Av. del Ejercito Parque Mirador Laikakota,MIRAFLORES,,,,,2,brenda.zuniga,brenda.zuniga,2016-06-13T15:30:52.797Z,"CENTRO DE INFORMACIÓN TURÍSTICA, CERRADO TEMPORALMENTE",Point,-68.1247694,-16.50262936
Feature,agenciasviajes.296,,geom,Tropical Tours,C. Enrique Peñaranda # 1026 Edificio Torre T. Bloque M.,SAN MIGUEL,,,,,18,clara.revollo,clara.revollo,2016-07-25T23:10:03.880Z,,Point,-68.07934688,-16.54368237
Feature,agenciasviajes.297,,geom,Tropical Tours,"Av. Arce Edificio Illimani 1, Planta Baja",SAN JORGE,,,,,1,clara.revollo,clara.revollo,2016-07-25T23:10:18.787Z,,Point,-68.12150802,-16.51191031
