type,id,geometry/type,geometry/coordinates/0,geometry/coordinates/1,geometry_name,properties/codigoSIE,properties/ue1,properties/ue2,properties/ue3,properties/ue4,properties/ue5,properties/Nombre,properties/Direccion,properties/CodMacro,properties/CodDistrito,properties/Zona,properties/IdTipo,properties/distrito,properties/owner,properties/usuario,properties/fechaActual,properties/observaciones
Feature,educacionpublica.1,Point,-68.05663334,-16.55801277,geom,60730038,Chiaraque,,,,,CHIARAQUE,Camino Principal a Chiaraque (MUELA DEL DIABLO),6,20,,,20,,clara.revollo,2016-06-06T21:26:58.590Z,
Feature,educacionpublica.2,Point,-68.1250699,-16.51594774,geom,80730148,Nazario Pardo Valle,,,,,NAZARIO PARDO VALLE,C. Presbítero Medina,3,3,SOPOCACHI,,3,,clara.revollo,2016-06-08T20:07:09.593Z,
Feature,educacionpublica.3,Point,-68.12083417,-16.49675063,geom,80730128,Boliviano Noruego B,,,,,BOLIVIANO NORUEGO B,C. Panamá,1,2,MIRAFLORES,,2,,clara.revollo,2016-06-08T20:12:25.050Z,
Feature,educacionpublica.4,Point,-68.07457625,-16.58942516,geom,60730008,Jupapina,,,,,JUPAPINA,Av. Principal de Mallasa. C. 2,6,20,Mallasa,,20,,clara.revollo,2016-06-06T21:25:05.667Z,
Feature,educacionpublica.5,Point,-68.13979964,-16.52274171,geom,80730003,Raul Salmón de la Barra,,,,,RAUL SALMON DE LA BARRA,C. Loreto,3,4,LAS LOMAS,,4,,clara.revollo,2016-06-08T20:11:04.447Z,
Feature,educacionpublica.6,Point,-68.13550885,-16.53459396,geom,80730443,Jorge Vargas Bozo,,,,,JORGE VARGAS BOZO,Av. Mario Mercado,3,4,"Llojeta ""El Rosal""",,4,,clara.revollo,2016-06-08T20:10:06.100Z,
Feature,educacionpublica.7,Point,-68.12353617,-16.5277905,geom,80730426,Boliviano Japones,,,,,BOLIVIANO JAPONES,Av. Mario Mercado,3,4,bajo llojeta,,4,,clara.revollo,2016-06-08T20:12:38.550Z,
Feature,educacionpublica.8,Point,-68.0498447,-16.5582158,geom,60730039,Huacallani,,,,,HUACALLANI,Carretera principal de Huacallani,6,20,Comunidad Huacallani,,19,,clara.revollo,2016-06-06T21:27:46.080Z,
Feature,educacionpublica.9,Point,-68.14004604,-16.49222425,geom,80730137,Germán Busch A,Germán Busch B,Germán Busch C,,,GERMAN BUSH A,C. Chuquisaca,1,1,Centro,,1,,clara.revollo,2016-07-01T21:40:53.323Z,
Feature,educacionpublica.10,Point,-68.15144664,-16.48723032,geom,80730044,Corazón de Jesús Fé y Alegría,San Javier Fé y Alegría,,,,CORAZON DE JESUS FE Y ALEGRIA,C. 1,7,10,PURA PURA,,10,,clara.revollo,2016-07-01T21:35:57.840Z,
Feature,educacionpublica.11,Point,-68.0982145,-16.56634931,geom,80730163,Aldeas Infantiles,Herman Gmeiner,,,,ALDEAS INFANTILES,Av. Avaroa,6,20,MALLASA,,20,,clara.revollo,2016-06-06T21:26:31.917Z,
Feature,educacionpublica.12,Point,-68.08742208,-16.57045314,geom,70730057,Mallasa,,,,,MALLASA,C. 2 de Febrero,6,20,MALLASA,,20,,clara.revollo,2016-06-08T20:17:04.767Z,
Feature,educacionpublica.13,Point,-68.14602144,-16.4922654,geom,80730041,Fabril 18 de Mayo III - CEA,Fabril 18 de Mayo III,,,,CEA FABRIL 18 DE MAYO III,Av. República,7,10,PURA PURA,5,10,,clara.revollo,2016-06-08T20:18:16.173Z,
Feature,educacionpublica.14,Point,-68.11241947,-16.50927492,geom,80730088,Paz Nery Nava I,,,,,PAZ NERY NAVA I,C. 17 de Mayo,2,17,KUPINI,,17,,clara.revollo,2016-06-08T20:19:23.300Z,
Feature,educacionpublica.15,Point,-68.15004575,-16.49940096,geom,80730037,Pedro Smeters,,,,,PEDRO SMETSERS,C. Nueva York,7,7,LOS ANDES,,7,,clara.revollo,2016-06-08T20:22:01.580Z,
Feature,educacionpublica.16,Point,-68.10154543,-16.50026858,geom,80730354,San José,,,,,SAN JOSE III,C. Juan Pablo,2,16,BAJO SALOME,,16,,clara.revollo,2016-06-08T20:24:13.257Z,
Feature,educacionpublica.17,Point,-68.13619782,-16.53861131,geom,80730409,San Miguel de Alpacoma,,,,,SAN MIGUEL DE ALPACOMA,C. Pedro Domingo Murillo,3,4,ALPACOMA,,4,,clara.revollo,2016-06-08T20:25:22.057Z,
Feature,educacionpublica.18,Point,-68.07805214,-16.53822742,geom,80730422,Julio Cesar Patiño A,Julio Cesar Patiño D,,,,JULIO CESAR PATIOO A,C. Inofuentes Esq. C. 21,5,19,CALACOTO,,18,,clara.revollo,2016-06-08T20:26:39.007Z,
Feature,educacionpublica.19,Point,-68.10584329,-16.52719358,geom,80730111,Juan Herschel A,Juan Herschel B,Luxemburgo,,,JUAN HERSCHEL A,C. Hernando Siles,5,21,Obrajes,,21,,clara.revollo,2016-06-08T20:27:49.050Z,
Feature,educacionpublica.20,Point,-68.10505527,-16.52263993,geom,80730097,Jesús Divino Maestro A,Jesus Divino Maestro B,,,,JESUS DIVINO MAESTRO,C. Alfredo Guillén Pinto,5,21,Alto Obrajes,,21,,clara.revollo,2016-06-08T23:12:04.170Z,
Feature,educacionpublica.21,Point,-68.07013561,-16.53845442,geom,80730105,San Andrés A,San Andrés B,,,,SAN ANDRES A,C. 26 Gavino Villanueva,5,19,COTA COTA,,0,,clara.revollo,2016-06-08T19:33:30.777Z,
Feature,educacionpublica.22,Point,-67.68488064,-15.70623974,geom,70680072,Buenos Aires,,,,,BUENOS AIRES,Comunidad Buenos Aires,9,23,,,24,,gustavo.nao,2016-06-08T18:47:56.353Z,
Feature,educacionpublica.23,Point,-68.16438451,-16.48919467,geom,80730035,Copacabana Fé y Alegría,Santo Tomas Primaria,,,,COPACABANA FE Y ALEGRIA,Av. Juan Mendoza Gonzales,7,9,LA PORTADA,,9,,clara.revollo,2016-06-08T23:26:36.423Z,
Feature,educacionpublica.24,Point,-67.70599111,-15.72668961,geom,70680066,Eduardo Avaroa,,,,,EDUARDO AVAROA (YURUMANI),Comunidad Yurumani,9,23,ZONGO TROPICAL,,24,,gustavo.nao,2016-06-08T18:52:55.567Z,
Feature,educacionpublica.25,Point,-67.98565402,-16.04529642,geom,80730307,Huaji,,,,,HUAJI,Comunidad Huaji,9,23,,,23,,gustavo.nao,2016-06-08T20:24:47.677Z,
Feature,educacionpublica.26,Point,-68.08979307,-16.49976302,geom,80730415,Villa Callapa,,,,,VILLA CALLAPA,Campo Deportivo de Villa Callapa,2,17,CALLAPA,,17,,clara.revollo,2016-06-09T13:13:51.090Z,
Feature,educacionpublica.27,Point,-68.15828759,-16.46106426,geom,80730043,Lucio Velasco Flores,,,,,LUCIO VELASCO FLORES,Av. 3 y C. 6,7,10,San Francisco,,10,,clara.revollo,2016-06-09T13:15:24.747Z,
Feature,educacionpublica.28,Point,-68.00344825,-16.04670482,geom,80730308,Huaylipaya,,,,,HUALIPAYA,Comunidad Huaylipaya,9,23,,,23,,gustavo.nao,2016-06-08T20:22:57.737Z,
Feature,educacionpublica.29,Point,-67.67000936,-15.76834897,geom,80730312,Zongo Choro,,,,,ZONGO CHORO,Comunidad Monte Verde,9,23,,,24,,gustavo.nao,2016-06-08T16:19:10.080Z,
Feature,educacionpublica.30,Point,-68.15323175,-16.50711744,geom,80730027,Alfonso Pardo Uzueda,Sagrado Corazón de Jesús,,,,ALFONZO PARDO UZUEDA,C. Hermanos Artola,3,5,ALTO CHIJINI,,5,,carlos.medrano,2016-07-12T22:48:33.537Z,
Feature,educacionpublica.31,Point,-68.13965184,-16.19228838,geom,80730310,Llaullini,,,,,LLAULLINI,Comunidad Llaullini,9,23,,,23,,gustavo.nao,2016-06-08T20:39:05.167Z,No Funciona por Falta de Alumnos
Feature,educacionpublica.32,Point,-67.7066703,-15.6677784,geom,70680065,Kelequelera,,,,,KELEQUELERA,Comunidad Kelequelera,9,23,,,24,,gustavo.nao,2016-06-08T18:56:14.243Z,
Feature,educacionpublica.33,Point,-68.04424914,-16.09265377,geom,80730311,Villa Harca,,,,,VILLA ARCA,Comunidad Islani Bajo,9,23,,,23,,gustavo.nao,2016-06-08T20:34:36.210Z,
Feature,educacionpublica.34,Point,-68.01979415,-16.0626762,geom,80730616,Cahua Grande,,,,,CAHUA GRANDE,Comunidad Cahua,9,23,,,23,,gustavo.nao,2016-06-08T20:29:06.983Z,
Feature,educacionpublica.35,Point,-68.02570506,-16.067607,geom,80730309,Kahua,,,,,KAHUA,Comunidad Cahua,9,23,,,23,,clara.revollo,2016-07-01T19:48:45.043Z,
Feature,educacionpublica.36,Point,-68.10787362,-16.50129919,geom,80730093,Federico Jofre Salinas,Genoveva Rios,,,,FEDERICO JOFRRE SALINAS,Av. Josefa Mujía,2,15,SAN ANTONIO ALTO,,15,,clara.revollo,2016-06-09T13:18:38.487Z,
Feature,educacionpublica.37,Point,-68.14605562,-16.52533581,geom,80730416,Alto Pasankeri Sur,,,,,ALTO PASANKERI SUR,C. Aroma,3,4,ALTO PASANKERI,,4,,clara.revollo,2016-06-09T13:19:18.077Z,
Feature,educacionpublica.38,Point,-68.14814284,-16.48322898,geom,80730398,Aprecia La Paz,,,,,APRECIA LA PAZ,Av. Vasquez,7,10,PURA PURA,,10,,clara.revollo,2016-06-09T13:19:56Z,
Feature,educacionpublica.39,Point,-68.10076618,-16.49582337,geom,80730316,Armando Escobar Uría A,Armando Escobar Uría B,,,,ARMANDO ESCOBAR URIA A,C. 5,2,16,VILLA SALOME,,16,,clara.revollo,2016-06-09T13:23:25.537Z,
Feature,educacionpublica.40,Point,-68.14463703,-16.49663841,geom,80730022,Carlos Bravo,Eduardo Avaroa III,Victor muñoz Reyes,,,CARLOS BRAVO,Av. Buenos Aires,7,7,14 DE SEPTIEMBRE,,7,,clara.revollo,2016-06-09T13:26:06.560Z,
Feature,educacionpublica.41,Point,-68.16772666,-16.4863313,geom,80730040,Marien Garten A,Marien Garten C,,,,MARIEN GARTEN A,C. Bellavista,7,9,MUNAYPATA,,9,,clara.revollo,2016-06-09T13:53:59.797Z,
Feature,educacionpublica.42,Point,-68.15610751,-16.48732058,geom,80730039,25 de Mayo,,,,,25 DE MAYO,Av. Naciones Unidas,7,9,MUNAYPATA,,9,,clara.revollo,2016-06-09T13:56:26.050Z,
Feature,educacionpublica.43,Point,-68.11002989,-16.52703014,geom,80730639,Obrajes - CEA,,,,,CEA OBRAJES,C. 7 Antonio Diaz Villamil,5,21,OBRAJES,5,21,,clara.revollo,2016-06-22T22:27:48.227Z,
Feature,educacionpublica.44,Point,-68.16684415,-16.49563532,geom,80730429,Antofagasta Noruego I,Antofagasta Noruego II,,,,ANTOFAGASTA NORUEGO I,Av. Panorámica,7,9,PACAJES,,9,,clara.revollo,2016-06-09T13:59:08.567Z,
Feature,educacionpublica.45,Point,-68.15062307,-16.45782137,geom,80730023,Ciudadela Ferroviaria - CEA,Ferroviario,Gil Tapia Rada,,,CEA CIUDADELA FERROVIARIA,C. 1,7,10,Ciudadela Ferroviaria,5,10,,clara.revollo,2016-06-09T14:00:19.053Z,
Feature,educacionpublica.46,Point,-68.10876425,-16.51968291,geom,80730190,Gran Bretaña A,Gran Bretaña B,,,,GRAN BRETANA,Av. Integración,5,21,ALTO OBRAJES,,21,,clara.revollo,2016-06-09T14:01:58.953Z,
Feature,educacionpublica.47,Point,-68.09146153,-16.54595137,geom,80730110,Santa Rosa de Florida A,Santa Rosa de Florida B,,,,SANTA ROSA LA FLORIDA A,Av. Los Alamos,5,19,LA FLORIDA,,18,,clara.revollo,2016-06-09T14:06:25.907Z,
Feature,educacionpublica.48,Point,-68.11810469,-16.52668436,geom,80730431,Rosario,,,,,ROSARIO,Av. Los Sargentos,5,21,BAJO LLOJETA,,21,,clara.revollo,2016-06-09T14:07:10.807Z,
Feature,educacionpublica.49,Point,-68.14951363,-16.51283227,geom,80730491,Artemio Camargo,,,,,ARTEMIO CAMARGO,C. Kishuarani,3,5,ALTO TACAHUA,,5,,clara.revollo,2016-06-09T14:09:00.407Z,
Feature,educacionpublica.50,Point,-68.14316372,-16.511904,geom,80730424,Las Nieves,,,,,LAS NIEVES,Av. Landaeta,3,4,LAS NIEVES,,4,,clara.revollo,2016-06-09T14:09:58.083Z,
Feature,educacionpublica.51,Point,-68.14811928,-16.51135119,geom,80730339,Jaime Zenobio Escalante,,,,,JAIME ZENOBIO ESCALANTE,Av. Julio Tellez,3,5,ALTO TACAGUA,,5,,clara.revollo,2016-06-09T14:10:29.677Z,
Feature,educacionpublica.52,Point,-68.128075,-16.52718428,geom,80730004,San José I,,,,,SAN JOSE I,C. 16 Los Eucaliptos,3,4,BAJO LLOJETA,,4,,clara.revollo,2016-07-01T21:31:13.430Z,
Feature,educacionpublica.53,Point,-68.13114423,-16.50775558,geom,80730144,República Oriental del Uruguay,Uruguay,,,,REPUBLICA ORIENTAL DEL URUGUAY,C. Ecuador,3,3,SOPOCACHI,,3,,clara.revollo,2016-06-09T14:11:46.240Z,
Feature,educacionpublica.54,Point,-68.15981756,-16.49467551,geom,80730021,Club de Leones 1,Club de Leones 2,,,,CLUB DE LEONES 1,Av. Entre Ríos,7,9,ALTO TEJAR,,9,,clara.revollo,2016-06-09T14:13:11.407Z,
Feature,educacionpublica.55,Point,-68.16495168,-16.48780447,geom,80730034,Carola Itiguez,Estanislao Pascual,,,,CAROLA ITIGUEZ,Av. Aguirre,7,9,LA PORTADA,,9,,clara.revollo,2016-06-09T14:14:03.580Z,
Feature,educacionpublica.56,Point,-68.14950552,-16.50060492,geom,80730518,Ladislao Cabrera,Libertad I,,,,LADISLAO CABRERA,C. Fernando Marquina,7,7,OBISPO INDABURO,,7,,clara.revollo,2016-06-09T14:14:34.517Z,
Feature,educacionpublica.57,Point,-68.16162655,-16.45912715,geom,80730356,20 de Octubre I,,,,,20 DE OCTUBRE I,C. 27 de Noviembre,7,10,SAN FRANCISCO,,10,,clara.revollo,2016-06-09T14:15:13.117Z,
Feature,educacionpublica.58,Point,-68.12955782,-16.50779453,geom,80730326,Agustín Aspiazu,Bolivia II,Claudio Sanjinez,Luis Severo Crespo,,AGUSTIN ASPIAZU,Av. Aspizu Esq. Av. 20 de Octubre,3,3,SOPOCACHI,,3,,clara.revollo,2016-07-01T19:43:44.770Z,
Feature,educacionpublica.59,Point,-68.13075682,-16.51112144,geom,80730146,Bolivia III,Bolivia IV,,,,BOLIVIA III,C. Fernando Guachalla,3,3,SOPOCACHI,,3,,clara.revollo,2016-06-09T14:17:19.250Z,
Feature,educacionpublica.60,Point,-68.14672001,-16.51463398,geom,80730006,Alto Tembladerani,,,,,ALTO TEMBLADERANI,C. 5 de Agosto,3,5,SAN JUAN TEMBLADERANI,,5,,clara.revollo,2016-06-09T14:17:59.697Z,
Feature,educacionpublica.61,Point,-68.11600825,-16.49800975,geom,80730094,Gral. de San Martín Inicial,,,,,GRAL JOSE DE SAN MARTIN INICIAL,Pza. Luis Tapia,2,15,Bajo San Antonio,,15,,clara.revollo,2016-06-09T14:19:55.617Z,
Feature,educacionpublica.62,Point,-68.14183732,-16.53248484,geom,80730002,José Santos Vargas Turno Mañana,José Santos Vargas Turno Tarde,,,,JOSE SANTOS VARGAS TURNO MASANA,Av. Max Fernandez,3,4,ALTO LLOJETA,,4,,clara.revollo,2016-07-01T21:37:07.923Z,
Feature,educacionpublica.63,Point,-68.15321175,-16.51136211,geom,40730010,Faro Murillo,Jorge Cabrera Acusa,,,,FARO MURILLO,C. 9 de Abril,3,5,FARO MURILLO,,5,,clara.revollo,2016-06-09T14:22:11.820Z,
Feature,educacionpublica.64,Point,-68.14052935,-16.51228506,geom,80730013,Fátima - CEA,Humberto Vasquez Machicado,José Carrasco Torrico,Puerto Rico,,CEA FATIMA,Av. José Saravia,3,4,TEMBLADERANI,5,4,,clara.revollo,2016-06-09T15:10:54.040Z,
Feature,educacionpublica.65,Point,-68.13320265,-16.49378857,geom,80730116,Jardín de niños Sucre,Tokio,,,,JARDIN DE NIAOS SUCRE,Av. Sucre,1,1,CETRAL,,1,,clara.revollo,2016-06-09T15:13:19.413Z,
Feature,educacionpublica.66,Point,-68.14662028,-16.50398528,geom,80730017,Remberto Tapia,Franz Tamayo,,,,BRIG. MAY. REMBERTO TAPIA,C. Villamil de Rada,3,5,VILLA NUEVO POTOSI,,5,,nhuanquiri,2016-07-01T21:20:57.473Z,Brig. My. Remberto Tapia
Feature,educacionpublica.67,Point,-68.07806843,-16.53868655,geom,80730367,Guido Villagomez - CEA,Rene Barriento Ortu Mañana,Rene Barriento Ortu Tarde,,,CEA GUIDO VILLAGOMEZ,Av. José Ballivián,5,19,CALACOTO,5,18,,clara.revollo,2016-06-09T15:20:05.597Z,
Feature,educacionpublica.68,Point,-68.03635187,-16.53284109,geom,70730064,Jacha Uru,,,,,JACHA URU,C. 69 Psj. Galeo,5,19,OVEJUYO,,19,,clara.revollo,2016-06-06T21:29:21.647Z,
Feature,educacionpublica.69,Point,-68.16682974,-16.48817706,geom,80730046,Manuel Bernal Mariaca,,,,,MANUEL BERNAL MARIACA,Av. Kollasuyo.,7,9,LA PORTADA,,9,,clara.revollo,2016-06-09T15:21:56.167Z,
Feature,educacionpublica.70,Point,-68.15356651,-16.49401885,geom,80730025,Faustino Suarez,Max Toledo,Mercedes Fiengo Ayala,,,FAUSTINO SUAREZ,Av. Kollasuyo,7,8,EL TEJAR,,8,,clara.revollo,2016-06-09T15:26:10.950Z,
Feature,educacionpublica.71,Point,-68.14976657,-16.49957389,geom,80730036,Estado de Israel,Gral. José Manuel Pando,Niceforo Rojas,,,ESTADO DE ISRAEL,C. Issac Soria,7,7,LOS ANDES,,7,,clara.revollo,2016-06-09T15:29:11.820Z,
Feature,educacionpublica.72,Point,-68.08430868,-16.51586981,geom,80730484,Victor Paz Estensoro,,,,,VICTOR PAZ EXTENSORO,Av. Circunvalación,5,18,ALTO IRPAVI,,18,,clara.revollo,2016-06-09T15:30:41.310Z,
Feature,educacionpublica.73,Point,-68.16437775,-16.48861426,geom,80730425,Abraham Reyes Fé y Alegría,Santo Tomas Fé y Alegría,,,,ABRAHAM REYES FE Y ALEGRIA,C. Valle Grande,7,9,LA PORTADA,,9,,clara.revollo,2016-06-09T15:31:59.387Z,
Feature,educacionpublica.74,Point,-68.15564717,-16.5015311,geom,80730026,San Martín de Porres,,,,,SAN MARTIN DE PORRES,Av. Segundo Bascones,7,7,CHAMOCO CHICO,,7,,clara.revollo,2016-06-09T15:40:57.970Z,
Feature,educacionpublica.75,Point,-68.15221947,-16.49022884,geom,80730319,Mazarello - CEA,Franz Tamayo 1,Franz Tamayo 2,Franz Tamayo 3,,CEA MAZARELLO,Av. Virrey Toledo,7,8,Max Paredes,5,8,,clara.revollo,2016-06-09T19:16:45.633Z,
Feature,educacionpublica.76,Point,-68.16104571,-16.50032624,geom,80730408,Filadelfia,,,,,FILADELFIA,C. Las Retamas,7,9,HUACACHAQUI BARTOLIN,,9,,clara.revollo,2016-06-09T19:18:13.810Z,
Feature,educacionpublica.77,Point,-68.15559233,-16.4872016,geom,80730421,Carlos Carrasco Avila,,,,,CARLOS CARRASCO AVILA,Av. Naciones Unidas,7,9,MUNAYPATA,,9,,clara.revollo,2016-06-09T19:20:17.043Z,
Feature,educacionpublica.78,Point,-68.10383688,-16.53500646,geom,80730113,Juan Pablo II,,,,,JUAN PABLO II,C. 5,5,21,ALTO SEGUENCOMA,,21,,clara.revollo,2016-06-09T19:20:47.857Z,
Feature,educacionpublica.79,Point,-68.1051672,-16.52367336,geom,86730461,Abopane,,,,,ABOPANE,Av. Max Portugal Zamora,5,21,ALTO OBRAJES,,21,,clara.revollo,2016-06-09T19:22:38.460Z,
Feature,educacionpublica.80,Point,-68.0551722,-16.54803757,geom,80730483,El Pedregal,,,,,EL PEDREGAL,Av. A C. 4,5,19,EL PEDREGAL,,19,,clara.revollo,2016-06-08T20:01:18.723Z,
Feature,educacionpublica.81,Point,-68.13274099,-16.50359598,geom,80730007,27 de Mayo,Simona Manzaneda,,,,27 DE MAYO,C. Cañada Strongest,3,6,SAN PEDRO,,6,,clara.revollo,2016-06-09T19:23:27.257Z,
Feature,educacionpublica.82,Point,-68.14103394,-16.50269172,geom,80730001,Alcides Arguedas,George Washington,,,,ALCIDES ARGUEDAS,C. Venancio Burgoa,3,6,ALTO SAN PEDRO,,6,,clara.revollo,2016-06-09T19:25:13.307Z,
Feature,educacionpublica.83,Point,-68.14352622,-16.51105889,geom,80730525,República del Japón,Republica Dominicana,,,,REPUBLICA DEL JAPON,Av. Buenos Aires,3,5,ALTO SAN PEDRO,,5,,clara.revollo,2016-06-09T19:26:15.933Z,
Feature,educacionpublica.84,Point,-68.12902636,-16.50670287,geom,80730145,Juancito Pinto,Macario Pinilla,,,,JUANCITO PINTO,C. Agustín Aspiazu,3,3,SOPOCACHI,,3,,clara.revollo,2016-06-09T19:28:52.717Z,
Feature,educacionpublica.85,Point,-68.13278514,-16.50523835,geom,80730008,Delfín Eyzaguirre,Simon Bolivar 1,Simón Bolivar 2,,,DELFIN EYZAGUIRRE,C. Conchitas,3,6,CENTRAL,,6,,clara.revollo,2016-06-09T19:31:01.950Z,
Feature,educacionpublica.86,Point,-68.12749634,-16.50790713,geom,80730142,Mauro Nuñez Caceres,República de Colombia,República de Ecuador,,,MAURO NU EZ CACERES,Av. 6 de Agosto,3,3,SOPOCACHI,,3,,clara.revollo,2016-06-09T19:42:38.830Z,
Feature,educacionpublica.87,Point,-68.14074106,-16.51201748,geom,80730014,4 de Julio,Carlos Medinacelli,Carlos Montenegro,,,4 DE JULIO,C. José Saravia,3,4,TEMBLADERANI CENTRAL,,4,,clara.revollo,2016-08-04T13:40:53.123Z,
Feature,educacionpublica.88,Point,-68.12879035,-16.50683099,geom,80730141,Max Paredes 2 - CEA,Max Paredes 1,República de Peru,,,CEA MAX PAREDES 2,Av. 6 de Agosto Esq. Aspiazu,3,3,SOPOCACHI,5,3,,clara.revollo,2016-06-09T19:46:07.980Z,
Feature,educacionpublica.89,Point,-68.10734422,-16.52924539,geom,80730481,Juan Herschel C,,,,,JUAN HERSCHEL C,C. Mía Duberty Linndeman,5,21,OBRAJES,,21,,clara.revollo,2016-06-09T19:48:09.777Z,
Feature,educacionpublica.90,Point,-68.13742037,-16.48938837,geom,80730373,Niños de La Paz,,,,,NIlOS LA PAZ,C. Calama,4,11,NORTE,,11,,clara.revollo,2016-06-09T19:52:35.183Z,
Feature,educacionpublica.91,Point,-68.14110138,-16.48742995,geom,80730068,Kinder Flora Perez,,,,,FLORA PEREZ KINDER,C. Teniente José Manuel Oquendo,4,11,ACHACHICALA,,11,,clara.revollo,2016-06-09T19:56:47.430Z,
Feature,educacionpublica.92,Point,-68.10136929,-16.40233684,geom,40730129,Centro Achachicala,,,,,CENTRO ACHACHICALA,Centro Achachicala,8,22,CENTRO ACHACHICALA,,22,,clara.revollo,2016-06-09T19:58:07.087Z,
Feature,educacionpublica.93,Point,-68.08514327,-16.35313043,geom,40730128,Alto Achachicala,,,,,ALTO ACHACHICALA,Hampaturi,8,22,Chacaltaya,,22,,clara.revollo,2016-06-09T19:58:30.690Z,
Feature,educacionpublica.94,Point,-68.08362669,-16.48457939,geom,80730161,13 de Junio,,,,,13 DE JUNIO,Hampaturi,8,22,CHINCAYA,,22,,clara.revollo,2016-06-09T20:03:40.283Z,
Feature,educacionpublica.95,Point,-68.12745582,-16.48173725,geom,80730059,Santa Rosa Grande,,,,,SANTA ROSA GRANDE,C. 3,4,12,Santa Rosa Grande,,12,,clara.revollo,2016-06-09T20:04:16.337Z,
Feature,educacionpublica.96,Point,-68.00815841,-16.32406529,geom,40730132,Pongo,,,,,PONGO,Carretera Troncal a los Yungas,8,22,Huayllara,,22,,clara.revollo,2016-06-09T20:05:09.093Z,
Feature,educacionpublica.97,Point,-68.08718454,-16.52528604,geom,80730108,Tres Pasos al Frente - CEA,Rose Marie Galindo de Barrientos,,,,CEA TRES PASOS AL FRENTE,Av. Pablo Caballero,5,18,IRPAVI BAJO,5,18,,clara.revollo,2016-06-09T20:06:29.240Z,
Feature,educacionpublica.98,Point,-68.1276103,-16.48846723,geom,80730522,Bicentenario,Movil 12 - CEA,Huscar Cajías,,,BICENTENARIO,C. Pedro Tarifa Esq. Diego de Peralta,4,12,ALTO MIRAFLORES,5,12,,clara.revollo,2016-08-04T13:44:15.977Z,
Feature,educacionpublica.99,Point,-68.03968414,-16.49217607,geom,80730505,Pantini,,,,,PANTINI,C. Pantini,8,22,HAMPATURI,,22,,clara.revollo,2016-06-09T20:48:49.610Z,
Feature,educacionpublica.100,Point,-68.05477692,-16.45695716,geom,80730441,San Simón I,,,,,SAN SIMuN I,Hampaturi,8,22,HAMPATURI,,22,,clara.revollo,2016-06-09T20:50:41.577Z,
Feature,educacionpublica.101,Point,-68.08993413,-16.54977235,geom,80730109,La Salle B,,,,,LA SALLE B,Av. Arequipa,5,19,LA FLORIDA,,18,,clara.revollo,2016-06-09T20:53:38.320Z,
Feature,educacionpublica.102,Point,-68.03476343,-16.55136522,geom,60730029,Joaquín Herrman,,,,,JOAQUIN HERRMAN,Villa Apaña,5,19,Villa Apaña,,19,,clara.revollo,2016-06-09T20:55:09.503Z,
Feature,educacionpublica.103,Point,-68.08468123,-16.53983218,geom,80730191,Domingo Savio B,,,,,DOMINGO SAVIO B,Av. Bustamante,5,19,CALACOTO,,18,,clara.revollo,2016-06-09T20:55:34.717Z,
Feature,educacionpublica.104,Point,-67.95741201,-16.3315536,geom,80730494,Richard Latman,,,,,RICHARD LATMAN,Carretera a Yungas,8,22,PONGO,,22,,clara.revollo,2016-06-09T20:57:11.493Z,
Feature,educacionpublica.105,Point,-68.03380939,-16.44373034,geom,80730352,Pedro Domingo Murillo,,,,,PEDRO DOMNGO MURILLO,Cancha Palcoma,8,22,Palcoma,,22,,clara.revollo,2016-06-09T21:01:19.323Z,
Feature,educacionpublica.106,Point,-68.14133679,-16.43911965,geom,40730133,Siete Lagunas,,,,,SIETE LAGUNAS,C. S/N,4,11,SIETE LAGUNAS,,11,,clara.revollo,2016-06-09T21:08:55.237Z,
Feature,educacionpublica.107,Point,-68.10993306,-16.52689166,geom,80730382,12 de Abril,,,,,12 DE ABRIL,C. Antonio Diaz Villamil,5,21,SUR,,21,,clara.revollo,2016-06-09T21:11:19.727Z,
Feature,educacionpublica.108,Point,-68.1247748,-16.48308684,geom,80730058,Alfredo Vargas A,Alfredo Vargas B, Ayacucho - CEA ,,,ALFREDO VARGAS A,C. Benigno Loza,4,12,ALTO MIRAFLORES,5,12,,clara.revollo,2016-06-09T21:12:25.563Z,
Feature,educacionpublica.109,Point,-68.13526711,-16.49121691,geom,80730069,Nuestra señora de La Paz III - CEA,Nuestra Señora de La Paz I,Nuestra Señora de La Paz II,,,CEA NUESTRA SESORA DE LA PAZ III,C. Catacora Esq. Batalla de Montenegro,4,11,NORTE,5,11,,clara.revollo,2016-06-09T21:14:59.140Z,
Feature,educacionpublica.110,Point,-68.11484536,-16.46424126,geom,80730410,Nueva Jerusalen,,,,,NUEVA JERUSALEM,C. 2 y C. D,4,13,3 DE MAYO,,13,,clara.revollo,2016-06-09T21:18:36.383Z,
Feature,educacionpublica.111,Point,-68.13471717,-16.4914684,geom,80730063,Felix Reyes Ortiz,Genaro Gamarra,,,,FELIX REYES ORTIZ,C. Catacora,4,11,Norte,,11,,clara.revollo,2016-06-09T21:19:01.150Z,
Feature,educacionpublica.112,Point,-68.1052453,-16.46580175,geom,80730511,Kochapampa,,,,,KOCHAPAMPA,C. A,2,14,KOCHAPAMPA,,13,,clara.revollo,2016-06-10T15:19:46.573Z,
Feature,educacionpublica.113,Point,-68.14462566,-16.48422545,geom,80730047,Francia - CEA,Republica de Francia A,Republica de Francia B,,,CEA FRANCIA,Av. Chacaltaya,4,11,VINO TINTO,5,11,,clara.revollo,2016-06-10T15:20:42.797Z,
Feature,educacionpublica.114,Point,-68.14410227,-16.44180556,geom,80730466,10 de Junio,,,,,10 DE JUNIO,Av. Padre Luis Espinal Camps,4,11,LIMANIPATA,,11,,clara.revollo,2016-06-10T15:22:46.977Z,
Feature,educacionpublica.115,Point,-68.1425324,-16.45975708,geom,80730482,Rotarac San Pedro,,,,,ROTARAC SAN PEDRO,Av. Carlos Palenque,4,11,TANGANI,,11,,clara.revollo,2016-06-10T15:23:25.460Z,
Feature,educacionpublica.116,Point,-68.07871765,-16.48688256,geom,80730361,Antonio José de Sucre,,,,,ANTONIO JOSd DE SUCRE,Chicani,8,22,CHICANI,,22,,clara.revollo,2016-07-01T21:31:23.710Z,
Feature,educacionpublica.117,Point,-68.10247666,-16.45984084,geom,80730056,Chuquiaguillo - CEA,Pablo Iturry A,Pablo Iturry B,,,CEA CHUQUIAGUILLO,Av. Ramiro Castillo,4,13,CHUQUIAGUILLO,5,13,,clara.revollo,2016-06-11T20:20:01.580Z,
Feature,educacionpublica.118,Point,-68.14494163,-16.47877684,geom,80730078,Abraham Lincol,Ricardo Jaimes Freyre,,,,ABRAHAM LINCOL,C. Eusebio Lira,4,11,VINO TINTO,,11,,clara.revollo,2016-06-11T20:21:34.557Z,
Feature,educacionpublica.119,Point,-68.16769647,-16.48636719,geom,807300401,Jardín de María,,,,,JARDIN DE MARIA,C. Bellavista,7,9,MUNAYPATA,,9,,clara.revollo,2016-06-11T20:24:01.957Z,
Feature,educacionpublica.120,Point,-68.1130644,-16.46789001,geom,80730072,Irene Navía A,Irene Navía B,,,,IRENE NAVIA A,C. Ramiro Castillo,4,13,VILLA EL CARMEN,,13,,clara.revollo,2016-06-11T20:24:57.077Z,
Feature,educacionpublica.121,Point,-68.12533309,-16.47235956,geom,80730526,Las Delicias Profesor Escalante,,,,,LAS DELICIAS PROF ESCALANTE,C. 25 de Julio,4,12,ALTO LAS DELICIAS,,12,,clara.revollo,2016-08-04T13:48:32.983Z,
Feature,educacionpublica.122,Point,-68.11957905,-16.48287861,geom,80730478,José Ricardo Bustamante C,,,,,JOSE RICARDO BUSTAMANTE C,C. Waldo clvarez,4,13,BARRIO GRÁFICO,,13,,clara.revollo,2016-06-11T20:27:13.587Z,
Feature,educacionpublica.123,Point,-68.1314735,-16.49419792,geom,80730064,Elisa de Ballivián,Natalia Palacios,,,,ELISA DE BALLIVIAN,Av. Sucre Esq. Catacora,4,11,NORTE,,11,,clara.revollo,2016-06-11T20:28:06.657Z,
Feature,educacionpublica.124,Point,-68.10743034,-16.48753473,geom,80730493,Valle Hermoso,,,,,VALLE HERMOSO,C. Litoral,2,14,VALLE HERMOSO,,14,,clara.revollo,2016-06-11T20:28:30.270Z,
Feature,educacionpublica.125,Point,-68.1170842,-16.4952333,geom,80730090,6 de Agosto,Eloida Lijerón,,,,6 DE AGOSTO,C. José María Valdivia,2,14,VILLA COPACABANA,,14,,clara.revollo,2016-07-01T21:41:37.177Z,
Feature,educacionpublica.126,Point,-68.11728321,-16.48893227,geom,80730439,Cristiano Vida Nueva Turno Mañana,Cristiano Vida Nueva Turno Tarde,,,,CRISTIANO VIDA NUEVA TURNO MA ANA,C. Diego Quispe,2,14,VILLA COPACABANA,,14,,clara.revollo,2016-06-11T20:30:52.977Z,
Feature,educacionpublica.127,Point,-68.05617893,-16.4570165,geom,80730442,Eduardo Avaroa II,,,,,EDUARDO AVAROA II,Comunidad Lorocota,8,22,LORACOTA,,22,,clara.revollo,2016-06-11T20:31:35.140Z,
Feature,educacionpublica.128,Point,-68.11587496,-16.49145463,geom,80730091,Copacabana E - CEA,Copacabana A,,,,CEA COPACABANA E,C. Pedro Villamil,2,14,VILLA COPACABANA,5,14,,clara.revollo,2016-06-11T20:33:13.423Z,
Feature,educacionpublica.129,Point,-68.1350433,-16.51394965,geom,80730011,Kinder Cristo Rey I,,,,,KINDER CRISTO REY I,C. Mendez y Pelayo,3,3,SAN LUIS,,3,,clara.revollo,2016-06-11T20:36:02.770Z,
Feature,educacionpublica.130,Point,-68.11178781,-16.49905476,geom,80730092,San Antonio Fé y Alegría,Sergui Almaraz,,,,SAN ANTONIO FE Y ALEGR A,Av. 31 de Octubre,2,15,VILLA SAN ANTONIO,,15,,clara.revollo,2016-06-11T20:36:56.493Z,
Feature,educacionpublica.131,Point,-68.14761861,-16.5232162,geom,80730419,Marcelo Quiroga Santa Cruz,,,,,MARCELO QUIROGA SANTA CRUZ,Av. Marcelo Quiroga Santa Cruz,3,4,PASANKERI,,4,,clara.revollo,2016-06-11T20:37:51.517Z,
Feature,educacionpublica.132,Point,-68.09362663,-16.45204182,geom,80730164,Kalajahuri A,Kalajahuira B,,,,KALAJAHUIRA A,Av. Ramiro Castillo,4,13,KALAJAHUIRA,,13,,clara.revollo,2016-06-11T20:42:05.097Z,
Feature,educacionpublica.133,Point,-68.14486255,-16.50573122,geom,80730222,Jardín de niños Santa Ana Fe y Alegría,,,,,JARDIN DE NI OS SANTA ANA I FE Y ALEGRIA,Psj. Blas Puertas,3,5,Villa Nuevo Potosí,,5,,clara.revollo,2016-06-11T20:43:41.960Z,
Feature,educacionpublica.134,Point,-68.11975157,-16.48342749,geom,80730051,José Ricardo Bustamante A,José Ricardo Bustamante B,,,,JOSE RICARDO BUSTAMANTE A,C. Waldo Alvarez,4,13,Barrio Gráfico,,13,,clara.revollo,2016-06-11T20:44:50.477Z,
Feature,educacionpublica.135,Point,-68.12849047,-16.46987655,geom,80730098,Juan Lechín Oquendo,,,,,JUAN LECHIN OQUENDO,C. 2 Alto Las Delicias,4,12,Alto Santiago de la Caya,,12,,clara.revollo,2016-06-11T20:45:40.477Z,
Feature,educacionpublica.136,Point,-68.12514955,-16.47592714,geom,80730073,Isaac Maldonado,Rogelio Ayala,,,,ISAAC MALDONADO,Av. Las Delicias,4,12,LAS DELICIAS,,12,,clara.revollo,2016-06-11T20:46:31.340Z,
Feature,educacionpublica.137,Point,-68.16106473,-16.49407004,geom,80730020,20 de Octubre Retamozo,Armando Cortez Villanueva,República de Italia,,,20 OCTUBRE RETAMOZO,C. Ignacio Zeballos,7,9,KOA KOA,,9,,clara.revollo,2016-06-11T20:47:54.257Z,
Feature,educacionpublica.138,Point,-68.15107328,-16.49795822,geom,80730024,Holanda - CEA,Holanda I,Holanda Tarde,,,CEA HOLANDA,Av. Entre Ríos,7,8,CEMENTERIO,5,8,,clara.revollo,2016-06-11T20:48:33.917Z,
Feature,educacionpublica.139,Point,-68.11880085,-16.46626215,geom,80730052,El Carmen - CEA,La Merced A,La Merced B,,,CEA EL CARMEN,Av. Periférica,4,13,LA MERCED,5,13,,clara.revollo,2016-06-11T21:01:20.817Z,
Feature,educacionpublica.140,Point,-68.12984194,-16.48268321,geom,80730057,Adolfo Costa Du Rels,Villa de La Cruz - CEA,Juan Manuel Barela,,,ADOLFO COSTA DU REUS,Av. Juan José Torrez,4,12,ALTO 27 DE MAYO,5,12,,clara.revollo,2016-07-19T19:03:33.990Z,
Feature,educacionpublica.141,Point,-68.13449841,-16.4911878,geom,80730065,Antonio Diaz Villamil A,Antonio Diaz Villamil B,Antonio Diaz Villamil C,,,ANTONIO DIAZ VILLAMIL A,C. Ramona Sinosain,4,11,NORTE,,11,,clara.revollo,2016-06-11T21:04:16.180Z,
Feature,educacionpublica.142,Point,-68.15067676,-16.47327072,geom,80730049,Guillermo Monje,Litoral A,Litoral B,,,GUILLERMO MONJE,Av. Ramos Gavilán Esq. Zenón Ríos,4,11,ACHACHICALA,,11,,clara.revollo,2016-06-11T21:09:46.003Z,
Feature,educacionpublica.143,Point,-68.15136379,-16.47682688,geom,80730048,David Pinilla,John Fitzgerald Kennedy,,,,DAVID PINILLA,Av. Chacaltaya,4,11,ACHACHICALA,,11,,carlos.medrano,2016-07-12T22:48:13.093Z,
Feature,educacionpublica.144,Point,-68.12273807,-16.50294875,geom,80730134,Alonso de Mendoza,Emiterio Villamil de Rada,,,,ALONZO DE MENDOZA,C. Juan de Vargas,1,2,MIRAFLORES,,2,,clara.revollo,2016-06-11T21:11:41.583Z,
Feature,educacionpublica.145,Point,-68.1434583,-16.50654109,geom,80730015,Illimani - CEA,República de Canada,República de Costa Rica,,,CEA ILLIMANI,C. Calle Manuel Jofre,3,5,VILLA NUEVA POTOSI,5,5,,clara.revollo,2016-06-11T21:12:48.660Z,
Feature,educacionpublica.146,Point,-68.13491466,-16.51365795,geom,807300111,Cristo Rey Fé y Alegría,San Luis Fé y Alegría,,,,CRISTO REY FE Y ALEGRIA,C. Mendez y Pelayo,3,3,SOPOCACHI,,3,,clara.revollo,2016-06-11T21:14:05.213Z,
Feature,educacionpublica.147,Point,-68.09904696,-16.51169445,geom,80730080,Señor de la Sentencia - CEA,Sergio Mauricio Villegas A,Sergio Mauricio Villegas B,,,CEA SEEOR DE LA SENTENCIA,Av. 16 de Julio,2,17,KUPINI,5,17,,clara.revollo,2016-06-11T21:16:11.740Z,
Feature,educacionpublica.148,Point,-68.13932533,-16.49240315,geom,80730138,Antofagasta,Ismael Montes,,,,ANTOFAGASTA,C. Inca Mayta Kapac,1,1,SAN SEBASTIAN,,1,,clara.revollo,2016-06-11T21:17:26.633Z,
Feature,educacionpublica.149,Point,-68.14037917,-16.49262847,geom,80730124,Belisario Diaz Romero, San Antonio de Padua - CEA ,Vicenta Juaristi Eguino,,,BELISARIO DIAZ ROMERO,C. José Manuel Pando,1,1,NORTE,5,1,,clara.revollo,2016-06-11T21:19:37.250Z,
Feature,educacionpublica.150,Point,-68.12823781,-16.49700389,geom,80730317,Daniel Sanchez Bustamante III,Reverendo Padre Alfredo Ariano,,,,DANIEL SANCHEZ BUSTAMANTE III,Av. Tejada Sorzano,1,1,SANTA BARBARA,,1,,clara.revollo,2016-06-11T21:21:47.423Z,
Feature,educacionpublica.151,Point,-68.10534409,-16.52305389,geom,80730096,6 Junio A,6 Junio B, Eduardo Avaroa IV - CEA ,,,6 JUNIO A,C. Federico Joffre,5,21,ALTO OBRAJES,5,21,,clara.revollo,2016-06-11T21:23:37.787Z,
Feature,educacionpublica.152,Point,-68.0637326,-16.54238761,geom,80730106,Walter Strub A,Walter Strub B,,,,WALTER STRUBB A,Av. Circunvalación,5,19,COTA COTA,,18,,clara.revollo,2016-06-11T21:25:12.347Z,
Feature,educacionpublica.153,Point,-68.07791058,-16.53774241,geom,80730368,Julio Cesar Patiño B,Julio Cesar Patiño C,,,,JULIO CESAR PATIVO B,C. Clemente Inofuentes,5,19,SUR,,18,,clara.revollo,2016-06-11T21:26:13.763Z,
Feature,educacionpublica.154,Point,-68.03792551,-16.53666833,geom,70730051,Santa Rosa de Lima A,Santa Rosa de Lima B,,,,SANTA ROSA DE LIMA A,Av. Litoral,5,19,OVEJUYO,,19,,clara.revollo,2016-06-06T21:30:05.903Z,
Feature,educacionpublica.155,Point,-68.11135193,-16.52575236,geom,80730433,IDAI Instituto Departamental de Adaptación Infantil,,,,,IDAI,Av. Hector Ormachea,5,21,SUR,,21,,clara.revollo,2016-06-11T20:49:56.123Z,
Feature,educacionpublica.156,Point,-68.10710267,-16.52892563,geom,80730112,Felix Zabala - CEA,Enrique Lindemann A,Enrique Lindemann B,Enrique Lindemann C,,CEA FELIX ZABALA,C. Mia Duberty Linndeman,5,21,OBRAJES,5,21,,clara.revollo,2016-06-11T20:55:46.487Z,
Feature,educacionpublica.157,Point,-68.11660846,-16.49169809,geom,807300911,Copacabana Inicial,,,,,COPACABANA INICIAL,C. Pedro Villamil,2,14,VILLA COPACABANA,,14,,clara.revollo,2016-06-11T20:58:56.127Z,
Feature,educacionpublica.158,Point,-68.1114522,-16.52552012,geom,80730351,CEE Erick Boulter,,,,,CEE ERICK BOULTER,Av. Hector Ormachea,5,21,OBRAJES,,21,,clara.revollo,2016-06-11T20:59:53.790Z,
Feature,educacionpublica.159,Point,-68.13207273,-16.49534106,geom,80730120,Eduviges Vda. de Hertzog,Rafael Pabón,,,,EDUVIJES VDA DE HERTZONG,C. Indaburo,1,1,CENTRO,,1,,clara.revollo,2016-06-11T21:27:52.047Z,
Feature,educacionpublica.160,Point,-68.12783626,-16.49474871,geom,80730077,República de China,,,,,REPUBLICA DE CHINA,C. Mariscal Braun,4,11,VILLA PABÓN,,11,,clara.revollo,2016-06-11T21:29:03.150Z,
Feature,educacionpublica.161,Point,-68.15094128,-16.49249802,geom,80730045,Corina Gallardo,Villa Victoria,,,,CORINA GALLARDO,C. José María Asín,7,8,VILLA VICTORIA,,8,,clara.revollo,2016-06-11T21:32:12.483Z,
Feature,educacionpublica.162,Point,-68.13313187,-16.48712317,geom,80730366,Sergio Suarez Figueroa Turno Mañana,Sergio Suarez Fogueroa Turno Tarde,,,,SERGIO SUAREZ FIGUEROA TURNO MARANA,Av. Periférica Juan José Torrez,4,11,VILLA DE LA CRUZ,,11,,clara.revollo,2016-06-11T21:35:26.393Z,
Feature,educacionpublica.163,Point,-68.13871038,-16.48814767,geom,80730062,Guatemala - CEA,Modesta Sanjinez,República de Guatemala,,,CEA GUATEMALA,C. Calama Esq. Luis Tapia,4,11,NORTE,5,11,,clara.revollo,2016-06-11T21:37:17.337Z,
Feature,educacionpublica.164,Point,-68.15177381,-16.46655313,geom,80730268,Luis Ernest CBN,,,,,LUIS ERNST CBN,C. 9 Esq. Av. Chacaltaya,4,11,ACHACHICALA,,11,,clara.revollo,2016-06-11T21:38:04.080Z,
Feature,educacionpublica.165,Point,-68.15186376,-16.48924757,geom,807300461,Bautista Saavedra,,,,,BAUTISTA SAAVEDRA,Av. Ildefonso Murguía,7,8,VILLA VICTORIA,,8,,clara.revollo,2016-06-11T21:40:09.107Z,
Feature,educacionpublica.166,Point,-68.1409469,-16.49698349,geom,80730029,Mariscal Santa Cruz - CEA,Egipto,Paraguay,,,CEA MSCAL. SANTA CRUZ,C. Santa Cruz,1,1,CENTRAL,5,1,,clara.revollo,2016-06-11T21:41:14.860Z,
Feature,educacionpublica.167,Point,-68.15609882,-16.48808269,geom,80730038,Heriberto Guillén Pinto,Luis Uría de la Oliva,Munaypata,,,HERIBERTO GUILLEN PINTO,Av. 31 de Julio,7,9,MUNAYPATA,,9,,clara.revollo,2016-06-11T21:45:08.840Z,
Feature,educacionpublica.168,Point,-68.10205342,-16.50530935,geom,80730085,Delia Gambarte Quezada B,Delia Gambarte Quezada A,,,,DELIA GAMBARTE QUEZADA  B,C. 3,2,16,PAMPAHASI BAJO,,16,,clara.revollo,2016-06-11T21:46:27.400Z,
Feature,educacionpublica.169,Point,-68.05706477,-16.51333866,geom,80730263,Achumani,Achumani B,,,,ACHUMANI,Av. Las Madres,5,18,ACHUMANI,,18,,clara.revollo,2016-06-11T21:46:56.230Z,
Feature,educacionpublica.170,Point,-68.13415563,-16.49112144,geom,80730066,Luis Alberto Pabón C - CEA,Luis Alberto Pabón A,Luis Alberto Pabón B,,,CEA LUIS ALBERTO PABON C,C. Pichincha Esq. Calama,4,11,NORTE,5,11,,clara.revollo,2016-06-11T21:47:44.880Z,
Feature,educacionpublica.171,Point,-68.14120268,-16.49000896,geom,80730053,Colorados de Bolivia - CEA,Eduardo Idiaquez,República Federativa del Brasil,,,CEA COLORADOS DE BOLIVIA,Av. Ismael Montes,4,11,CENTRAL,5,11,,clara.revollo,2016-06-11T21:49:16.280Z,
Feature,educacionpublica.172,Point,-68.08992584,-16.52172504,geom,80730100,FF.AA De La Nación A,FF.AA De La Nación B,,,,FF.AA DE LA NACION A,Av. Samuel Alcoreza,5,18,BOLOGNIA,,21,,clara.revollo,2016-06-11T21:50:42.653Z,
Feature,educacionpublica.173,Point,-68.12127958,-16.47561974,geom,80730076,Hernando Siles I,Simón Rodriguez Carredo A,,,,HERNANDO SILES I,C. Virgen de la Concepción,4,13,VILLA FATIMA,,13,,clara.revollo,2016-06-11T21:54:11.980Z,
Feature,educacionpublica.174,Point,-68.12122022,-16.47584471,geom,807300761,Hernando Siles - CEA,Hernando Siles Reyes,Rene Zamora,Simón Rodriguez Carredo B,Simón Rodriguez Carredo C,CEA HERNANDO SILES,C. Abel Antezana,4,13,VILLA FATIMA,5,13,,clara.revollo,2016-06-11T21:56:32.803Z,
Feature,educacionpublica.175,Point,-68.14092329,-16.49017498,geom,80730054,Lia Chopitea de Rodriguez,Oscar Alfaro,,,,LIA CHOPITEA DE RODRIGUEZ,Av. Montes Esq. Batallon Illimani,4,11,CENTRO,,11,,clara.revollo,2016-06-11T21:57:52.953Z,
Feature,educacionpublica.176,Point,-68.13514689,-16.49384231,geom,80730122,Juan Federico Zuazo,Juana Azurduy,Las Américas,,,JUAN FEDERICO ZUAZO,C. Genaro Sanjinez,1,1,CENTRAL,,1,,clara.revollo,2016-06-11T21:59:56Z,
Feature,educacionpublica.177,Point,-68.10970903,-16.50877734,geom,80730341,René Barrientos Ortuño,VILLA ARMONIA,Waldo Ballivián,,,RENEE BARRIENTOS ORTU,Av. Las Nieves,2,17,VILLA ARMONIA,,17,,clara.revollo,2016-07-01T21:36:38.027Z,
Feature,educacionpublica.178,Point,-68.11867645,-16.49911234,geom,80730126,Adhemar Gehain,Naciones Unidas,,,,ADHEMAR GEHAIN,Av. Brasil,1,2,MIRAFLORES,,2,,clara.revollo,2016-06-11T22:01:14.163Z,
Feature,educacionpublica.179,Point,-68.10919272,-16.49207808,geom,80730089,Caracas A,Caracas B, Benito Juares - CEA ,,,CARACAS A,C. 9,2,15,ESCOBAR URÍA,5,15,,clara.revollo,2016-06-11T22:02:13.310Z,
Feature,educacionpublica.180,Point,-68.14389766,-16.49428685,geom,80730032,16 de Julio, Nuestra Señora de La Paz - CEA ,Esteban Arce,,,16 DE JULIO,Av. Buenos Aires,1,1,SAN SEBASTIÁN,5,1,,clara.revollo,2016-06-11T22:03:23.727Z,
Feature,educacionpublica.181,Point,-68.13451372,-16.49573748,geom,80730119,Adolfo Siles Salinas, 20 de Octubre - CEA ,José Agustín Castrillo,,,ADOLFO SILES SALINAS,C. Comercio,1,1,CENTRAL,5,1,,clara.revollo,2016-06-11T22:22:16.310Z,
Feature,educacionpublica.182,Point,-68.11949321,-16.50948744,geom,80730131,Eloy Salmón,Manuel Vicente Ballivián,,,,ELOY SALMON,Av. Saavedra,1,2,MIRAFLORES,,2,,clara.revollo,2016-06-11T22:23:29.237Z,
Feature,educacionpublica.183,Point,-68.13433882,-16.49423133,geom,80730125,San Simón Ayacucho A,San Simón Ayacucho B,,,,SAN SIMON AYACUCHO A,C. Yanacocha,1,1,CENTRAL,,1,,clara.revollo,2016-06-11T22:24:43.510Z,
Feature,educacionpublica.184,Point,-68.13488453,-16.49421329,geom,80730123,Venezuela A,Venezuela B,Venezuela C,,,VENEZUELA A,C. Genaro Sanjinez,1,1,CENTRAL,,1,,clara.revollo,2016-06-11T22:25:20.710Z,
Feature,educacionpublica.185,Point,-68.14062841,-16.49009393,geom,80730055,1ro de Mayo,Espada,,,,1RO DE MAYO,C. Illimani,4,11,CHALLAPAMPA,,11,,clara.revollo,2016-06-11T22:26:15.517Z,
Feature,educacionpublica.186,Point,-68.13805454,-16.49574799,geom,80730030,Escuela Integral de Sordos,Mariscal Andrés de Santa Cruz,Nuestra Señora de Copacabana,,,ESCUELA INTEGRAL DE SORDOS,C. Santa Cruz de la Sierra,1,1,SAN SEBASTIÁN,,1,,clara.revollo,2016-06-11T22:28:26.743Z,
Feature,educacionpublica.187,Point,-68.14128093,-16.49611913,geom,80730028,Boliviano Alemán - CEA, Gualberto Villarroel IIV - CEA ,Gualberto Villarroel I,Gualberto Villarroel II,Gualberto Villarroel III,CEA BOLIVIANO ALEMAN,Av. Isaac Tamayo,1,1,EL ROSARIO,5,1,,clara.revollo,2016-06-11T22:29:45.143Z,
Feature,educacionpublica.188,Point,-68.14807295,-16.48398547,geom,80730042,Eloy Alvarez Plata,Fabril 18 de Mayo,,,,ELOY ALVAREZ PLATA,C. Vicente Ascarrunz,7,10,PURA PURA,,10,,clara.revollo,2016-06-11T22:31:42.330Z,
Feature,educacionpublica.189,Point,-68.1116624,-16.52609997,geom,807304331,IRI Instituto de Rehabilitación Infantil,,,,,UE IRI,C. Roberto Jordán Cuellar,5,21,SUR,,21,,clara.revollo,2016-06-11T22:33:10.027Z,
Feature,educacionpublica.190,Point,-68.14686872,-16.50351503,geom,80730016,Daniel Sanchez Bustamante - CEA, Daniel Sanchez Bustamante  IV - CEA ,Daniel Sanchez Bustamante  I,Daniel Sanchez Bustamante  II,Humberto Quezada A,CEA DANIEL SANCHEZ BUSTAMANTE,Av. Guillermo Bernhard Kyllmann,3,5,VILLA NUEVO POTOSÍ,5,5,,clara.revollo,2016-06-11T22:35:18.367Z,
Feature,educacionpublica.191,Point,-68.04505586,-16.53780377,geom,80730104,Chasquipampa turno mañana,Chasquipampa turno tarde,Chasquipampa B,Chasquipampa C,,CHASQUIPAMPA A TURNO MAaANA,C. 53 Chasquipampa,5,19,CHASQUIPAMPA,,19,,clara.revollo,2016-06-06T21:32:07.207Z,
Feature,educacionpublica.192,Point,-68.12075602,-16.50586374,geom,80730136,Felipe Segundo Guzmán,Max Valdivia,,,,FELIPE SEGUNDO GUZMAN,C. Victor Eduardo,1,2,Miraflores,,2,,clara.revollo,2016-06-11T22:36:34.987Z,
Feature,educacionpublica.193,Point,-68.1317884,-16.50151935,geom,80730118,José Martí,República de Argentina,,,,JOSL MARTI,C. Campero,1,1,CENTRAL,,1,,clara.revollo,2016-06-11T22:38:40.050Z,
Feature,educacionpublica.194,Point,-68.11903941,-16.49920507,geom,80730129,Hugo Dávila A,Hugo Dávila B,,,,HUGO DJVILA  A,C. José Carrasco,1,2,CENTRO,,2,,clara.revollo,2016-06-11T22:39:33.853Z,
Feature,educacionpublica.195,Point,-68.11170918,-16.51502795,geom,80730435,IV Centenario,IV Centenario B,,,,IV CENTENARIO,C. Rene Camacho Lara,2,17,IV Centenario,,17,,clara.revollo,2016-06-11T22:40:14.273Z,
Feature,educacionpublica.196,Point,-68.13568472,-16.50290329,geom,80730009,Puerto de Mejillones - CEA,Gran Bretania A,República de Cuba,,,CEA PUERTO DE MEJILLONES,C. Colombia,3,6,SAN PEDRO,5,6,,clara.revollo,2016-06-11T22:41:30.850Z,
Feature,educacionpublica.197,Point,-68.14159246,-16.5110566,geom,80730012,Quintina Perez - CEA,Ignacio Calderon Fe y Alegría I,Ignacio Calderon Fe y Alegría II,,,CEA QUINTINA PEREZ,C. Canonigo Ayllon,3,4,TEMBLADERANI,5,4,,clara.revollo,2016-06-11T22:43:04.207Z,
Feature,educacionpublica.198,Point,-68.12459986,-16.49465486,geom,80730135,Francisco Bedregal,Panamá,,,,FRANCISCO BEDREGAL,Av. San Salvador,1,2,MIRAFLORES,,2,,clara.revollo,2016-06-11T22:43:33.310Z,
Feature,educacionpublica.199,Point,-68.14188586,-16.49711923,geom,80730033,Alemania,Crispín Andrade Portugal,Faustino Sarmiento,,,ALEMANIA,C. Marcelo Quiroga,1,1,SAN SEBASTIÁN,,1,,clara.revollo,2016-06-11T22:45:11.510Z,
Feature,educacionpublica.200,Point,-68.10406161,-16.49158538,geom,80730510,Dora Smith A,Topater,,,,DORA SMITH A,C. W.,2,16,PAMPAHASI ALTO,,16,,clara.revollo,2016-06-11T22:46:11.133Z,
Feature,educacionpublica.201,Point,-68.1320723,-16.50127747,geom,80730168,Adela Zamudio,La Paz A,,,,ADELA ZAMUDIO,C. Campero,1,1,CENTRO,,1,,clara.revollo,2016-06-11T22:46:43.557Z,
Feature,educacionpublica.202,Point,-68.0137882,-16.27253503,geom,80730434,Chucura,,,,,CHUCURA,Camino Precolombino al Choro,9,23,ZONGO,,23,,clara.revollo,2016-06-11T22:48:33.920Z,
Feature,educacionpublica.203,Point,-68.13708251,-16.17415454,geom,80730306,Cañaviri,,,,,CANAVIRI,Comunidad Cañaviri,9,23,,,23,,gustavo.nao,2016-06-08T20:36:34.993Z,
Feature,educacionpublica.204,Point,-68.09395376,-16.53089699,geom,80730099,Francisco de Miranda A,Francisco de Miranda B,,,,FRANCISCO DE MIRANDA A,C. 4 Esq. Francisco de Miranda,5,21,BELLA VISTA,,21,,clara.revollo,2016-06-11T22:50:16.807Z,
Feature,educacionpublica.205,Point,-68.14538907,-16.52318251,geom,80730018,Pasankeri - CEA,Luis Espinal Camps 1,Luis Espinal Camps 2,,,CEA PASANKERI,C. 14 de Junio,3,4,PASANKERI,5,4,,clara.revollo,2016-06-11T22:51:35.530Z,
Feature,educacionpublica.206,Point,-68.11223338,-16.5250027,geom,80730467,Virgen de Fátima,,,,,VIRGEN DE FATIMA,Av. Hector Ormachea Esq. C. 13,5,21,OBRAJES,,21,,clara.revollo,2016-06-08T19:46:28.860Z,
Feature,educacionpublica.207,Point,-68.10580025,-16.49555983,geom,80730084,24 de Junio A,24 de Junio B,,,,24 DE JUNIO A,C. 3,2,16,PAMPAHASI,,16,,clara.revollo,2016-06-11T22:52:20.247Z,
Feature,educacionpublica.208,Point,-68.11657913,-16.4918283,geom,807300912,Copacabana B,Copacabana C,Copacabana D,,,COPACABANA B,C. Nuñez del Prado,2,14,VILLA COPACABANA,,14,,clara.revollo,2016-06-11T22:53:06.630Z,
Feature,educacionpublica.209,Point,-68.11890021,-16.49966002,geom,80730127,Alfredo Guillén Pinto,Carlos Beltran,,,,ALFREDO  GUILLEN PINTO,Av. Brasil,1,2,MIRAFLORES,,2,,clara.revollo,2016-06-11T22:53:35.830Z,
Feature,educacionpublica.210,Point,-68.14023454,-16.4834277,geom,80730079,Jacqueline Kennedy,Nicolas Naranjo,Yugoslavia,,,JACQUELINE KENNEDY,C. General Maximiliano Ortiz,4,11,VINO TINTO,,11,,clara.revollo,2016-06-11T22:54:54.257Z,
Feature,educacionpublica.211,Point,-68.11712947,-16.4947091,geom,80730479,San Antonio - CEA,,,,,CEA SAN ANTONIO,Av. Tito Yupanqui,2,14,VILLA COPACABANA,5,14,,clara.revollo,2016-06-11T22:55:33.273Z,
Feature,educacionpublica.212,Point,-68.11591469,-16.4983095,geom,80730095,José de San Martín,Mejillones,San Antonio I,,,GENERAL JOSA SAN MARTNN,Av. Venezuela,2,15,SAN ANTONIO BAJO,,15,,clara.revollo,2016-07-01T21:30:32.780Z,general
Feature,educacionpublica.213,Point,-67.85197841,-15.97084306,geom,,Apana,,,,,,Comunidad Apana,,,,,23,gustavo.nao,gustavo.nao,2016-06-08T16:08:26.420Z,
Feature,educacionpublica.214,Point,-67.74175564,-15.63997876,geom,,Trapicheponte,,,,,,Comunidad Trapicheponte,,,,,24,gustavo.nao,gustavo.nao,2016-06-08T19:02:00.380Z,
