type,id,geometry/type,geometry/coordinates/0,geometry/coordinates/1,geometry_name,properties/Nombre,properties/Direccion,properties/IdFuente,properties/Fuente,properties/Zona,properties/IdTipo,properties/Tipo,properties/IdSector,properties/Sector,properties/IdNivel,properties/Nivel,properties/distrito,properties/owner,properties/usuario,properties/fechaActual,properties/observaciones,geometry
Feature,salud.1,Point,-68.13306958,-16.51822901,geom,8 de Diciembre,C. Benedeto Vincenti y Circunvalación,2,SEDES,8 de Diciembre,1,Centro de Salud,5,Público,1,Primer Nivel,3,,juan.alba,2018-05-11T15:12:31.787Z,Teléfono:  2320913,
Feature,salud.2,Point,-68.1498271,-16.50486429,geom,Biblioteca,C. Martinez Monje,2,SEDES,Villa Nuevo Potosí,1,Centro de Salud,5,Público,1,Primer Nivel,5,,juan.alba,2018-05-11T15:12:42.907Z,Teléfono:  2472843 - 2325172,
Feature,salud.3,Point,-68.14570939,-16.52290116,geom,Pasankery,Av. Marcelo Quiroga,2,SEDES,Pasankery,1,Centro de Salud,5,Público,1,Primer Nivel,4,,juan.alba,2018-05-11T13:28:28.457Z,Teléfono:  2320994,
Feature,salud.4,Point,-68.12390259,-16.51418748,geom,Kantutani,C. Romecín Campos,2,SEDES,Kantutani,1,Centro de Salud,5,Público,0, ,3,,clara.revollo,2016-06-03T13:24:23.120Z,,
Feature,salud.5,Point,-68.15523409,-16.50654758,geom,La Gruta,Av. 9 de Abril,2,SEDES,La Gruta,1,Centro de Salud,5,Público,1,Primer Nivel,7,,juan.alba,2018-05-11T13:34:29.130Z,Teléfono:  2325171,
Feature,salud.6,Point,-68.1382932,-16.53360406,geom,Llojeta,Av. Troncal Mario Mercado,2,SEDES,Llojeta,1,Centro de Salud,5,Público,1,Primer Nivel,4,,juan.alba,2018-05-11T13:27:28.207Z,Teléfono:  2320982,
Feature,salud.7,Point,-68.13452628,-16.5029727,geom,Penal de San Pedro,Pza. San Pedro (Penal de San Pedro Interior),2,SEDES,San Pedro,1,Centro de Salud,5,Público,1,Primer Nivel,6,,clara.revollo,2016-06-03T13:29:24.110Z,,
Feature,salud.8,Point,-68.1357025,-16.51067968,geom,San Luis,"C. Justo Avila y Chaco, Pza. las Americas",2,SEDES,Cristo Rey,1,Centro de Salud,5,Público,1,Primer Nivel,3,,juan.alba,2018-05-11T13:12:01.080Z,Teléfono: 2417927,
Feature,salud.9,Point,-68.1369098,-16.50073291,geom,San Pedro Bajo,"C. General Gonzales #1328, Pza. Belzu",2,SEDES,San Pedro,1,Centro de Salud,5,Público,1,Primer Nivel,6,,juan.alba,2018-05-11T13:57:40.950Z,Teléfono:  2495547,
Feature,salud.10,Point,-68.14971982,-16.51353595,geom,Alto Tacagua,C. Inca Roca e Inca Mayo,2,SEDES,Alto Tacagua,1,Centro de Salud,5,Público,1,Primer Nivel,5,,gustavo.nao,2018-09-13T13:23:20.280Z,,
Feature,salud.11,Point,-68.14586734,-16.51033881,geom,Bajo Tacagua,"Av. Julio Tellez, Parada Minibus 211",2,SEDES,Bajo Tacagua,1,Centro de Salud,5,Público,1,Primer Nivel,5,,gustavo.nao,2018-09-13T13:31:20.597Z,Teléfono:  2489552,
Feature,salud.12,Point,-68.14266638,-16.51060821,geom,Tembladerani,C. Canonigo Ayllon,1,GMLP,Tembladerani,1,Centro de Salud,5,Público,1,Primer Nivel,4,,juan.alba,2018-05-11T13:30:54.637Z,Teléfono:  2420002,
Feature,salud.13,Point,-68.14385325,-16.50740265,geom,Villa Nueva Potosí,C. Manuel Jofre #3614 y C. Ondarza,2,SEDES,Villa Nuevo Potosí,1,Centro de Salud,5,Público,1,Primer Nivel,5,,juan.alba,2018-05-11T13:56:38.270Z,Teléfono:  2489494,
Feature,salud.14,Point,-68.12754113,-16.50867793,geom,Caja de Caminos,C. Rosendo Gutierrez entre 20 de Octubre y 6 de Agosto #386,2,SEDES,Sopocachi,1,Centro de Salud,1,Caja,0, ,3,,gustavo.nao,2018-09-13T13:38:54.970Z,,
Feature,salud.15,Point,-68.12792146,-16.5090324,geom,Caja Petrolera de Salud La Paz,Av. 20 de Octubre y Rosendo Gutierrez,2,SEDES,Sopocachi,1,Centro de Salud,1,Caja,0, ,3,,clara.revollo,2016-06-03T13:31:22.370Z,,
Feature,salud.16,Point,-68.12583144,-16.50922699,geom,9 de Abril,Av. 6 de Agosto Esq. Belisario Salinas  #2403,2,SEDES,San Jorge,4,Policlínico,1,Caja,0, ,1,,clara.revollo,2016-06-03T13:31:36.623Z,,
Feature,salud.17,Point,-68.12366988,-16.51191078,geom,Universitario,Av. 6 de Agosto,2,SEDES,Sopocachi,4,Policlínico,1,Caja,0, ,3,,gustavo.nao,2018-09-13T14:38:02.263Z,,
Feature,salud.18,Point,-68.13699293,-16.50378746,geom,C.I.E.S. La Paz,C. Boquerón y Colombia #1444,2,SEDES,San Pedro,1,Centro de Salud,3,ONGs,0, ,6,,gustavo.nao,2018-09-13T14:45:04.207Z,,
Feature,salud.19,Point,-68.13777925,-16.53212766,geom,Carmen Llojeta,C. H #4,2,SEDES,Llojeta,1,Centro de Salud,3,ONGs,0, ,4,,clara.revollo,2016-06-03T13:32:38.770Z,,
Feature,salud.20,Point,-68.14177976,-16.52443941,geom,Pasankeri,C. 4 de Agosto,2,SEDES,Pasankeri,1,Centro de Salud,3,ONGs,0, ,4,,clara.revollo,2016-06-03T13:34:07.397Z,,
Feature,salud.21,Point,-68.13802013,-16.50938447,geom,El Carmen San Pedro,C. Canonigo Ayllon Pza. el Carmen,2,SEDES,Bello Horizonte,1,Centro de Salud,3,ONGs,0, ,6,,gustavo.nao,2018-09-13T15:03:19.503Z,,
Feature,salud.22,Point,-68.13749931,-16.52386285,geom,Las Lomas,Entre C. 7 y C. F,2,SEDES,Las Lomas,1,Centro de Salud,3,ONGs,0, ,4,,clara.revollo,2016-06-03T13:33:34.917Z,,
Feature,salud.23,Point,-68.13365717,-16.50624516,geom,Marie Stopes - BOLIVIA,C. Conchitas,2,SEDES,San Pedro,1,Centro de Salud,3,ONGs,0, ,6,,clara.revollo,2016-06-03T13:33:45.383Z,,
Feature,salud.24,Point,-68.13502958,-16.50615839,geom,Pro Mujer San Pedro,C. Canonigo Ayllón,2,SEDES,San Pedro,1,Centro de Salud,3,ONGs,0, ,6,,clara.revollo,2016-06-03T13:35:43.130Z,,
Feature,salud.25,Point,-68.13174198,-16.50245629,geom,CEMEP,C. Reyes Ortiz,2,SEDES,Casco Viejo,1,Centro de Salud,4,Privado,0, ,1,,clara.revollo,2016-06-03T13:35:55.030Z,,
Feature,salud.26,Point,-68.12091109,-16.51416033,geom,Cemes,Av. 6 de Agosto Edificio Clavijo,2,SEDES,San Jorge,1,Centro de Salud,4,Privado,0, ,1,,gustavo.nao,2018-09-13T15:48:53.640Z,,
Feature,salud.27,Point,-68.13356129,-16.50135345,geom,Pediatria Neont.P.,Av. 16 de Julio Edif. San Pablo 1er. Piso,2,SEDES,San Pedro,1,Centro de Salud,4,Privado,0, ,6,,clara.revollo,2016-06-03T13:39:28.167Z,,
Feature,salud.28,Point,-68.13407733,-16.50060027,geom,Reg. Policial #1,C. Colombia,2,SEDES,San Pedro,1,Centro de Salud,4,Privado,0, ,6,,clara.revollo,2016-06-03T13:39:48.330Z,,
Feature,salud.29,Point,-68.14386403,-16.49399028,geom,Sanjinez,Av. Buenos Aires Pza. Ramiro Castillo,2,SEDES,San Sebastián,1,Centro de Salud,4,Privado,0, ,1,,gustavo.nao,2018-09-13T15:30:26.850Z,,
Feature,salud.30,Point,-68.12112996,-16.51449534,geom,6 de Agosto,Av. 6 de Agosto Esq. Pedro Salazar,2,SEDES,San Jorge,2, ,4,Privado,0, ,1,,gustavo.nao,2018-09-13T15:48:43.537Z,,
Feature,salud.31,Point,-68.13051994,-16.50868996,geom,Liendo,C. Aspiazu Esq. Ecuador,2,SEDES,Sopocachi,2, ,4,Privado,0, ,3,,clara.revollo,2016-07-02T20:17:33.737Z,,
Feature,salud.32,Point,-68.14094571,-16.49988136,geom,Paraná,C. Sagarnaga #659,2,SEDES,Belén,2, ,4,Privado,0, ,6,,clara.revollo,2016-07-02T20:17:38.577Z,,
Feature,salud.33,Point,-68.13761152,-16.50390897,geom,San Pablo,Av. Ecuador #2416 entre Boquerón y Colombia,2,SEDES,San Pedro,2, ,4,Privado,0, ,6,,gustavo.nao,2018-09-13T14:45:19.487Z,,
Feature,salud.34,Point,-68.12081217,-16.51433203,geom,Virgen de Asunción,Av. 6 de Agosto #2899 entre c. clavijo,2,SEDES,San Jorge,2, ,4,Privado,0, ,1,,gustavo.nao,2018-09-13T15:49:14.163Z,,
Feature,salud.35,Point,-68.12204573,-16.513543,geom,CLINIMED SRL,Av. 6 de Agosoto #2440,2,SEDES,San Jorge,2, ,4,Privado,0, ,1,,clara.revollo,2016-07-02T20:17:53.950Z,,
Feature,salud.36,Point,-68.12796677,-16.5152657,geom,Policial Virgen de Copacabana,C. Luis Uría de la Oliva,2,SEDES,Sopocachi,3,Hospital,4,Privado,0, ,3,,gustavo.nao,2018-09-14T13:19:40.763Z,,
Feature,salud.37,Point,-68.16232081,-16.49378146,geom,Alto Mcal.Santa Cruz,"Av. Segundo Bascones, Parada Minibus 395",2,SEDES,Alto Mcal. Santa Cruz,1,Centro de Salud,5,Público,1,Primer Nivel,9,,juan.alba,2018-05-11T15:00:24.990Z,Teléfono:  2394011,
Feature,salud.38,Point,-68.15420432,-16.49538125,geom,Bajo Tejar,Pza. 27 de Mayo,1,GMLP,Bajo Tejar,1,Centro de Salud,5,Público,1,Primer Nivel,8,,gustavo.nao,2018-09-14T13:23:46.240Z,Teléfono:  2380928,
Feature,salud.39,Point,-68.15008425,-16.45716862,geom,Ciudadela Ferroviaria,"C. 1 Sede Social Junta de Vecinos, Frente Escuela Tapia",1,GMLP,Ciudadela Ferroviaria,1,Centro de Salud,5,Público,1,Primer Nivel,10,,juan.alba,2018-05-11T15:12:20.470Z,Teléfono:  2324156,
Feature,salud.40,Point,-68.15939711,-16.48731015,geom,Munaypata,"Av. Naciones Unidas, frente Complejo Deportivo",2,SEDES,Munaypata,1,Centro de Salud,5,Público,1,Primer Nivel,9,,gustavo.nao,2018-09-14T13:28:01.207Z,Teléfono:  2397756,
Feature,salud.41,Point,-68.14917434,-16.50038163,geom,Obispo Indaburo,C. Obispo Balderrama  Nº 1448 frente al Col.  Educativo Libertad.,1,GMLP,Obispo Indaburo,1,Centro de Salud,5,Público,1,Primer Nivel,7,,gustavo.nao,2018-09-14T13:35:39.137Z,Teléfono:  2472084,
Feature,salud.42,Point,-68.1511406,-16.48219223,geom,Said,C. 21 de Enero #29,1,GMLP,Pura Pura,1,Centro de Salud,5,Público,1,Primer Nivel,10,,juan.alba,2018-05-11T15:09:48.237Z,Teléfono:  2384660,
Feature,salud.43,Point,-68.15834085,-16.46007406,geom,Panticirca,"Av. 3, Frente a la Escuela Lucio Velasco",2,SEDES,Panticirca,1,Centro de Salud,5,Público,1,Primer Nivel,10,,juan.alba,2018-05-11T15:06:17.283Z,,
Feature,salud.44,Point,-68.15590039,-16.49105306,geom,Villa Victoria,Av. República Esq. C. Tupiza #1896,2,SEDES,Villa Victoria,1,Centro de Salud,5,Público,1,Primer Nivel,8,,juan.alba,2018-05-11T14:35:59.687Z,Teléfono:  2385938,
Feature,salud.45,Point,-68.15416435,-16.50162181,geom,Chamoco Chico,"Av. Segundo Bascones, Segundo Puente Topater",1,GMLP,Chamoco Chico,1,Centro de Salud,5,Público,1,Primer Nivel,7,,juan.alba,2018-05-11T14:32:11.633Z,Teléfono:  2471333,
Feature,salud.46,Point,-68.15595663,-16.49761114,geom,El Tejar,C. Damas de Cotagaita S/N Pza. Tte. Max Garcia,2,SEDES,El Tejar,1,Centro de Salud,5,Público,1,Primer Nivel,8,,juan.alba,2018-05-11T14:33:11.550Z,Teléfono:  2471332,
Feature,salud.47,Point,-68.16492861,-16.48933534,geom,La Portada,Av. Florida y C. Carlos Quintanilla lado  Parroquia Nuestra señora de Copacabana.,2,SEDES,La Portada,1,Centro de Salud,5,Público,1,Primer Nivel,9,,juan.alba,2018-05-11T14:43:07.713Z,Teléfono:  2395329,
Feature,salud.48,Point,-68.14585827,-16.4960034,geom,La Paz,Pza. 14 de Septiembre Garita de Lima,2,SEDES,14 de Septiembre,3,Hospital,5,Público,2,Segundo Nivel,7,,clara.revollo,2016-06-03T13:49:08.303Z,,
Feature,salud.49,Point,-68.14691868,-16.49257452,geom,18 de Mayo,C. Raul Salmón s/n Cj. Salamanca,1,GMLP,Callampaya,4,Policlínico,1,Caja,0, ,10,,clara.revollo,2016-06-03T13:51:58.207Z,,
Feature,salud.50,Point,-68.15561496,-16.48719114,geom,Ceprosi,Av. Naciones Unidas,2,SEDES,Munaypata,1,Centro de Salud,3,ONGs,0, ,9,,clara.revollo,2016-06-03T13:52:09.350Z,,
Feature,salud.51,Point,-68.15051858,-16.49259896,geom,Apumalla,"Av. Apumalla, lado Parque Huallparimachi",1,GMLP,Villa Victoria,1,Centro de Salud,5,ONGs,1, ,8,,juan.alba,2018-05-11T14:58:11.283Z,,
Feature,salud.52,Point,-68.15782647,-16.48738202,geom,Juan XXII,Av. Naciones Unidas C. Juan XXIII,2,SEDES,Munaypata,3,Hospital,2,Iglesia,3,Tercer Nivel,9,,clara.revollo,2016-06-03T13:52:35.240Z,,
Feature,salud.53,Point,-68.14454104,-16.49628661,geom,Suma Warmi,C. Max Paredes #491,2,SEDES,14 de Septiembre,2, ,4,Privado,0, ,7,,gustavo.nao,2018-09-17T13:07:08.493Z,,
Feature,salud.54,Point,-68.14687645,-16.49579824,geom,Urkupiña,Av. Bautista,2,SEDES,14 de Septiembre,2, ,4,Privado,0, ,7,,gustavo.nao,2018-09-14T14:34:38.150Z,,
Feature,salud.55,Point,-68.15097219,-16.47555265,geom,Achachicala,"Av. Chacaltaya #1502, frente Esc. Industrial Pedro Domingo Murillo",2,SEDES,Achachicala,1,Centro de Salud,5,Público,1,Primer Nivel,11,,juan.alba,2018-05-11T15:15:42.090Z,Teléfono:  2320556,
Feature,salud.56,Point,-68.12754574,-16.48781008,geom,San Juan Lazareto,Av. Tejada Sorzano esq. San Salvador,2,SEDES,San Juan Lazareto,1,Centro de Salud,5,Público,1,Primer Nivel,12,,gustavo.nao,2018-09-17T13:31:44.760Z,Teléfono:  2322298,
Feature,salud.57,Point,-68.12596906,-16.4791482,geom,Alto Miraflores,C. Urias Rodriguez y Adriana Pariente,1,GMLP,Poqueni,1,Centro de Salud,5,Público,1,Primer Nivel,12,,juan.alba,2018-05-11T15:33:01.193Z,,
Feature,salud.58,Point,-68.13461424,-16.4854959,geom,El Calvario,Av. Periférica y C. Juan de la Cruz Monje (lado Colegio Adolfo Costa Durels),1,GMLP,Calvario,1,Centro de Salud,5,Público,1,Primer Nivel,12,,gustavo.nao,2018-09-17T13:45:36.280Z,Teléfono:  2320442,
Feature,salud.59,Point,-68.13951666,-16.49464861,geom,Juancito Pinto,C. Graneros y Murillo,2,SEDES,Graneros,1,Centro de Salud,5,Público,1,Primer Nivel,1,,juan.alba,2018-05-11T23:39:11.717Z,,
Feature,salud.61,Point,-68.14662335,-16.45741464,geom,Plan Autopista,Av. Ramos Gavilan,1,GMLP,Plan Autopista,1,Centro de Salud,5,Público,1,Primer Nivel,11,,juan.alba,2018-05-11T15:29:27.580Z,Teléfono:  2320584,
Feature,salud.62,Point,-68.13182024,-16.4998713,geom,Retén de Emergencias,Av. Simón Bolivar frente Mercado Camacho,2,SEDES,Santa Barbara,1,Centro de Salud,5,Público,0, ,1,,clara.revollo,2016-06-03T13:57:15.603Z,,
Feature,salud.63,Point,-68.11497267,-16.47541144,geom,San José de Natividad,C. 20 y Av. Costanera #26,2,SEDES,Barrio Petrolero,1,Centro de Salud,5,Público,1,Primer Nivel,13,,gustavo.nao,2018-09-17T13:48:52.337Z,Teléfono:  2322415,
Feature,salud.64,Point,-68.12987243,-16.49422068,geom,Agua de la Vida,Av. La Bandera Esq. C. La Cruz,2,SEDES,Agua de la Vida,1,Centro de Salud,5,Público,1,Primer Nivel,11,,juan.alba,2018-05-11T15:28:03.163Z,Teléfono:  2320446,
Feature,salud.65,Point,-68.12100724,-16.47391094,geom,Las Delicias,C. San José de Tipuani y Taca #398,2,SEDES,Las Delicias,1,Centro de Salud,5,Público,1,Primer Nivel,13,,clara.revollo,2016-06-03T13:58:05.667Z,,
Feature,salud.66,Point,-68.14167039,-16.48275495,geom,Vino Tinto,Av. Baltazar de Salas #51 Sede Junta de Vecinos,1,GMLP,Vino Tinto,1,Centro de Salud,5,Público,1,Primer Nivel,11,,gustavo.nao,2018-09-17T13:51:00.840Z,,
Feature,salud.67,Point,-68.11906631,-16.50098619,geom,Centro Penitenciario Miraflores,C. Diaz Romero y Argentina,2,SEDES,Miraflores,1,Centro de Salud,5,Público,1,Primer Nivel,2,,gustavo.nao,2018-09-17T13:57:51.860Z,,
Feature,salud.68,Point,-68.13392153,-16.4951691,geom,Central,C. Ingavi,2,SEDES,Casco Viejo,4,Policlínico,6,Seguro Social,0, ,1,,clara.revollo,2016-06-03T13:58:42.507Z,,
Feature,salud.69,Point,-68.14322854,-16.49312445,geom,Manco Kapac,Av. Manco Kapac S/N,2,SEDES,San Sebastián,4,Policlínico,6,Seguro Social,0, ,1,,clara.revollo,2016-06-03T13:58:52.067Z,,
Feature,salud.70,Point,-68.12042424,-16.50157217,geom,Miraflores,Diaz Romero entre Av. Busch y Cuba,2,SEDES,Miraflores,4,Policlínico,6,Seguro Social,0, ,2,,clara.revollo,2016-06-03T13:59:01.623Z,,
Feature,salud.71,Point,-68.12079175,-16.4821624,geom,Villa Fátima,C. Matias Terrazas S/N,2,SEDES,Villa Fátima,4,Policlínico,6,Seguro Social,0, ,13,,clara.revollo,2016-07-02T00:14:09.830Z,,
Feature,salud.72,Point,-68.13102792,-16.5019436,geom,Banca Privada (Aramayo),C. Felix Reyes Ortiz Esq. Federico Zuazo Ed. Gundlach,2,SEDES,Casco Viejo,1,Centro de Salud,6,Seguro Social,0, ,1,,gustavo.nao,2018-09-17T14:00:25.760Z,,
Feature,salud.73,Point,-68.12324581,-16.49714037,geom,Caja Bancaria Estatal,C. Panama #1162,2,SEDES,Miraflores,4, ,6,Seguro Social,0, ,2,,clara.revollo,2016-07-02T20:18:25.183Z,,
Feature,salud.74,Point,-68.12480618,-16.50857024,geom,C.O.R.D.E.S.,Av. Arce #2419,2,SEDES,San Jorge,1,Centro de Salud,6,Seguro Social,0, ,1,,gustavo.nao,2018-09-17T14:06:51.617Z,,
Feature,salud.75,Point,-68.12956932,-16.48311965,geom,PROSALUD (Alto Miraflores),Av. Periferica #12,2,SEDES,27 de Mayo,1,Centro de Salud,3,ONGs,0, ,12,,clara.revollo,2016-06-03T14:14:48.207Z,,
Feature,salud.76,Point,-68.11446423,-16.46977847,geom,PROSALUD (Chuquiaguillo),Av. La Paz  Cotapata #11,2,SEDES,Villa El Carmen,1,Centro de Salud,3,ONGs,0, ,13,,gustavo.nao,2018-09-17T14:57:11.750Z,,
Feature,salud.77,Point,-68.12595613,-16.49465484,geom,PROSALUD (Tejada Sorzano),Esq. San Salvador S/N,2,SEDES,Miraflores,1,Centro de Salud,3,ONGs,0, ,2,,gustavo.nao,2018-09-17T14:15:12.937Z,,
Feature,salud.78,Point,-68.1224092,-16.47863909,geom,Villa Fátima,Av. Las Delicias Esq. Yanacachi S/N,2,SEDES,Miraflores Alto,1,Centro de Salud,5,ONGs,1, ,12,,juan.alba,2018-05-11T15:45:55.420Z,,
Feature,salud.79,Point,-68.15768139,-16.48606994,geom,Pro Mujer 3 de Mayo,Av. Periferica Esq. Costanera #1658,2,SEDES,Munaypata,1,Centro de Salud,3,ONGs,0, ,9,,clara.revollo,2016-06-03T14:24:50.477Z,,
Feature,salud.80,Point,-68.14993339,-16.47730165,geom,Pro Mujer Vino Tinto,Av Chacaltaya #892 Cruce Achachicala y Vino Tinto,2,SEDES,Achachicala Centro,1,Centro de Salud,3,ONGs,0, ,11,,clara.revollo,2016-06-03T14:25:02.180Z,,
Feature,salud.81,Point,-68.13494891,-16.49262621,geom,CEMSE,Entre Pichincha y Sucre Edif. Cemse Piso 3,2,SEDES,Casco Viejo,1,Centro de Salud,2,Iglesia,0, ,1,,gustavo.nao,2018-09-17T14:23:54.480Z,,
Feature,salud.82,Point,-68.13787924,-16.49697194,geom,San Antonio de Padua,C. Sagarnaga entre Murillo y San Francisco,2,SEDES,El Rosario,1,Centro de Salud,2,Iglesia,0, ,1,,gustavo.nao,2018-09-17T14:48:27.157Z,,
Feature,salud.83,Point,-68.11456655,-16.46962957,geom,San Francisco de Asis,C. Costanera #170,2,SEDES,Villa El Carmen,1,Centro de Salud,2,Iglesia,0, ,13,,gustavo.nao,2018-09-17T14:57:22.710Z,,
Feature,salud.84,Point,-68.14396177,-16.4797545,geom,Señor Exaltación,Av. Final Baltazar de Salas  S/N,2,SEDES,La Zarzuela,2,Clinica,2,Iglesia,1,Primer Nivel,11,,clara.revollo,2016-06-06T20:22:25.390Z,,
Feature,salud.85,Point,-68.10460472,-16.46137411,geom,CESDI,C. Suapi esq. Quiquibey #25,2,SEDES,Chuquiaguillo,1,Centro de Salud,4,Privado,0, ,13,,clara.revollo,2016-06-03T14:34:48.357Z,,
Feature,salud.86,Point,-68.12033479,-16.48406207,geom,Arco iris,Av. 15 de Abril #400 Barrio Gráfico,2,SEDES,Villa Fátima,3,Hospital,4,Privado,3,Tercer Nivel,13,,gustavo.nao,2018-09-17T15:10:34.620Z,,
Feature,salud.87,Point,-68.09867972,-16.5117471,geom,Kupini,"Av. Rogelio Carrillo, Cancha Kupini lado Col. Sergio Villegas",2,SEDES,Kupini,1,Centro de Salud,5,Público,1,Primer Nivel,17,,juan.alba,2018-05-11T21:22:14.070Z,Teléfono: 2251810,
Feature,salud.88,Point,-68.11730057,-16.48420405,geom,Villa Copacabana (Pacasa),Av. Burgaleta cerca del Hospital Luis Uria,2,SEDES,Villa Copacabana,1,Centro de Salud,5,Público,1,Primer Nivel,14,,juan.alba,2018-05-11T15:54:39.590Z,Teléfono: 2322655,
Feature,salud.89,Point,-68.10377738,-16.49120182,geom,Pampahasi Alto,"C. K esq. D, Parada Minibus 332",1,GMLP,Pampahasi Alto,1,Centro de Salud,5,Público,1,Primer Nivel,16,,juan.alba,2018-05-11T21:15:38.277Z,Teléfono:  2258222,
Feature,salud.90,Point,-68.10169702,-16.50493999,geom,Pampahasi Bajo,C. 4 detrás del Colegio Delia Gambarte de Quezada,2,SEDES,Pampahasi,1,Centro de Salud,5,Público,1,Primer Nivel,16,,juan.alba,2018-05-11T21:13:36.230Z,Teléfono: 2256896,
Feature,salud.91,Point,-68.10798108,-16.50016687,geom,San Antonio Alto,"Av. Josefa Mujia, S/N lado (Sub Alcaldia)",2,SEDES,San Antonio,1,Centro de Salud,5,Público,1,Primer Nivel,15,,juan.alba,2018-05-11T21:04:34.117Z,Teléfono: 2239352,
Feature,salud.92,Point,-68.11605111,-16.49885216,geom,San Antonio Bajo,Av. Costanera entre Av. Regimiento Castrillo y 31 de Octubre S/N,2,SEDES,San Antonio,1,Centro de Salud,5,Público,1,Primer Nivel,15,,juan.alba,2018-05-11T21:02:25.293Z,Teléfono: 2239678,
Feature,salud.93,Point,-68.10845626,-16.514351,geom,San Isidro,"Plaza Elizardo Perez, Parada 210",1,GMLP,Bajo San Isidro,1,Centro de Salud,5,Público,1,Primer Nivel,17,,juan.alba,2018-05-11T21:21:10.140Z,Teléfono:  2253837,
Feature,salud.94,Point,-68.09736401,-16.50896791,geom,Kupini,"C. Barrizueta #133, 1/2 cuadra E. Uria",2,SEDES,Kupini,1,Centro de Salud,3,ONGs,0, ,17,,gustavo.nao,2018-09-18T13:51:51.820Z,"Se sugiere borrar, motivo: se duplica el nombre y según imágenes no se evidencia el equipamiento.",
Feature,salud.95,Point,-68.11678827,-16.49607461,geom,Pro Mujer Villa Copacabana,Av. 31 de Oct,2,SEDES,San Antonio,1,Centro de Salud,3,ONGs,0, ,15,,clara.revollo,2016-06-03T15:05:08.160Z,,
Feature,salud.96,Point,-68.11715231,-16.49142704,geom,San Gabriel,C. Nuñez del Prado Esq. P. Villamil S/N,2,SEDES,Villa Copacabana,3,Hospital,3,ONGs,0, ,14,,gustavo.nao,2018-09-18T13:52:18.643Z,"Se sugiere borrar, motivo: se duplica el nombre y según imágenes no se evidencia el equipamiento.",
Feature,salud.97,Point,-68.11061064,-16.48895306,geom,Valle Hermoso,"Av. Litoral  y C. Batallon Colorados, parada del mini bus 299",2,SEDES,Valle Hermoso,1,Centro de Salud,5,Privado,1, ,14,,gustavo.nao,2018-09-17T15:40:28.297Z,Teléfono: 2322660,
Feature,salud.98,Point,-68.10093608,-16.50495755,geom,Pampahasi,C. E Esq. Av. 5 cerca mercado 23 de Enero,2,SEDES,Pampahasi,2, ,4,Privado,0, ,16,,clara.revollo,2016-07-02T20:18:35.260Z,,
Feature,salud.99,,,,geom,,,2,SEDES,,0,Centro de Salud,0,Público,0,Primer Nivel,0,,juan.alba,2018-05-11T21:31:24.747Z,,
Feature,salud.100,Point,-68.0845267,-16.51553203,geom,Alto Irpavi,Av. Circunvalación,2,SEDES,Alto Irpavi,1,Centro de Salud,5,Público,1,Primer Nivel,18,,gustavo.nao,2018-09-17T15:44:14.123Z,Teléfono: 2723186,
Feature,salud.101,Point,-68.09993704,-16.53882566,geom,Alto Següencoma,Pza. Cívica,2,SEDES,Alto Següencoma,1,Centro de Salud,5,Público,1,Primer Nivel,21,,juan.alba,2018-05-11T23:31:22.740Z,Teléfono: 2751550,
Feature,salud.102,Point,-68.05890539,-16.53832866,geom,Apaña,C. 34 B,2,SEDES,Cota Cota,1,Centro de Salud,5,Público,0, ,18,,juan.alba,2016-06-07T00:42:45.640Z,Se recomienda su anulación.,
Feature,salud.103,Point,-68.11720848,-16.52571097,geom,Bajo Llojeta,Av. Los Sargentos - entre C. 5 y C. 4,2,SEDES,Bajo Llojeta,1,Centro de Salud,5,Público,1,Primer Nivel,21,,juan.alba,2018-05-11T23:26:04.957Z,,
Feature,salud.104,,,,geom,,,2,SEDES,,0,Centro de Salud,0,Público,0,Primer Nivel,0,,juan.alba,2018-05-11T21:35:20.670Z,,
Feature,salud.105,Point,-68.08972236,-16.56932246,geom,Mallasa,Pza. 2 de Febrero - C. 2 y 3,2,SEDES,Mallasa,1,Centro de Salud,5,Público,1, ,20,,juan.alba,2018-05-11T23:51:49.820Z,Teléfono:  2323264,
Feature,salud.106,Point,-68.0988511,-16.56566251,geom,Mallasilla,C. D,2,SEDES,Mallasilla,1,Centro de Salud,5,Público,1, ,20,,juan.alba,2018-05-11T23:50:05.803Z,,
Feature,salud.107,Point,-68.1028983,-16.52969411,geom,Obrajes,Av. Ormachea entre C. 15 y C. 16,2,SEDES,Obrajes,1,Centro de Salud,5,Público,1,Primer Nivel,21,,juan.alba,2018-05-11T23:33:50.037Z,Teléfono 2751039,
Feature,salud.108,Point,-68.11003069,-16.52703073,geom,Centro de Orientación Femenina,C. 7 y Diaz Villamil - Carcel de Mujeres,2,SEDES,Obrajes,1,Centro de Salud,5,Público,0, ,,,,,,
Feature,salud.109,Point,-68.0747929,-16.53098592,geom,Achumani,Av. José Manuel Chinchilla Esq. C. 15,2,SEDES,Achumani,1,Centro de Salud,5,ONGs,1, ,18,,juan.alba,2018-05-11T21:30:33.357Z,Teléfono 2713981,
Feature,salud.110,Point,-68.04758292,-16.53873326,geom,Chasquipampa,C. General Toro y C. Teniente Morales,1,GMLP,Chasquipampa,1,Centro de Salud,5,ONGs,1, ,19,,juan.alba,2018-05-11T22:12:26.013Z,Teléfono: 2794546,
Feature,salud.111,Point,-68.08720329,-16.52564431,geom,Bolognia,Av. Jose Garcia Lanza y Av. Caballero,2,SEDES,Irpavi,1,Centro de Salud,5,ONGs,1, ,18,,juan.alba,2018-05-11T21:45:27.857Z,Teléfono: 2724785,
Feature,salud.112,Point,-68.04922153,-16.53739263,geom,Wiñay,Av. Defensores del Chaco #57,2,SEDES,Chasquipampa,1,Centro de Salud,3,ONGs,0, ,19,,clara.revollo,2016-07-02T20:37:46.590Z,,
Feature,salud.113,Point,-68.10589561,-16.52375738,geom,Alto Obrajes,Av. del Maestro - Lado Pza. UFAQ,2,SEDES,Alto Obrajes,1,Centro de Salud,5,Iglesia,1, ,21,,juan.alba,2018-05-11T23:37:13.900Z,,
Feature,salud.114,Point,-68.10809118,-16.5265983,geom,San Pablo  (La Paz),C. 8 y 9 de Obrajes Av. Hernando Siles - Detrás de la Iglesia de Exaltación,2,SEDES,Obrajes,1,Centro de Salud,2,Iglesia,0, ,21,,clara.revollo,2016-06-03T15:13:37.760Z,,
Feature,salud.115,Point,-68.10868856,-16.52570544,geom,Del Sur,Av. Hernando Siles C. 7 #3539,2,SEDES,Obrajes,2, ,4,Privado,0, ,21,,clara.revollo,2016-06-06T20:22:58.467Z,,
Feature,salud.116,Point,-68.10458206,-16.52696068,geom,Metodista,Entre C. 11 y 12,2,SEDES,Obrajes,3,Hospital,4,Privado,0, ,21,,gustavo.nao,2018-09-17T18:56:35.463Z,,
Feature,salud.117,Point,-68.07970742,-16.54202852,geom,Trauma CLINIK SA,C. Claudio Aliaga #1271,2,SEDES,San Miguel,2, ,4,Privado,0, ,18,,clara.revollo,2016-07-02T20:18:48.977Z,,
Feature,salud.118,Point,-68.11925644,-16.50716177,geom,De Clínicas,Av. Saavedra,2,SEDES,Miraflores Sur,3,Hospital,5,Público,3,Tercer Nivel,2,,clara.revollo,2016-06-06T20:23:09.307Z,,
Feature,salud.119,Point,-68.11911947,-16.50833192,geom,De La Mujer,Av. Saavedra,2,SEDES,Miraflores Sur,3,Hospital,5,Público,3,Tercer Nivel,2,,clara.revollo,2016-06-06T20:23:38.440Z,,
Feature,salud.120,Point,-68.11839857,-16.50833735,geom,Del Niño,Av. Saavedra frente Estado Mayor,2,SEDES,Miraflores Sur,3,Hospital,5,Público,3,Tercer Nivel,2,,gustavo.nao,2018-09-17T19:00:17.743Z,,
Feature,salud.121,Point,-68.11947168,-16.50566742,geom,Instituto Nacional Salud Ocupacional,C. Claudio Sanjinez,2,SEDES,Miraflores Sur,0, ,5,Público,3,Tercer Nivel,2,,gustavo.nao,2018-09-18T13:52:50.420Z,"Se sugiere borrar, motivo: se duplica el nombre y según imágenes no se evidencia el equipamiento.",
Feature,salud.122,Point,-68.11820089,-16.50755564,geom,Instituto de Gastroenterología,Av. Saavedra,2,SEDES,Miraflores Sur,0, ,5,Público,3,Tercer Nivel,2,,clara.revollo,2016-06-06T20:24:00.770Z,,
Feature,salud.123,Point,-68.11873763,-16.50636882,geom,Instituto Nal.De Oftalmologia,C. Claudio Sanjinez ,2,SEDES,Miraflores Sur,0, ,5,Público,3,Tercer Nivel,2,,clara.revollo,2016-06-03T15:20:23.413Z,,
Feature,salud.124,Point,-68.1181728,-16.50669706,geom,Instituto Nal.Del Torax,C. Claudio Sanjinez #1683,2,SEDES,Miraflores Sur,0, ,5,Público,3,Tercer Nivel,2,,clara.revollo,2016-06-03T15:20:35.190Z,,
Feature,salud.125,Point,-68.14465345,-16.48855529,geom,Piloto,Av. Vasquez,2,SEDES,Pura Pura,1,Centro de Salud,5,Público,0, ,10,,clara.revollo,2016-06-03T15:20:51.680Z,,
Feature,salud.126,Point,-68.11728071,-16.50874133,geom,INLASA,Av. Saavedra #1889,2,SEDES,Miraflores Sur,0, ,5,Público,3,Tercer Nivel,2,,clara.revollo,2016-06-03T15:21:07.663Z,,
Feature,salud.127,Point,-68.12017548,-16.50700218,geom,SELADIS,Av. Saavedra,2,SEDES,Miraflores Sur,0, ,5,Público,0, ,2,,gustavo.nao,2018-09-17T19:11:29.670Z,,
Feature,salud.128,Point,-68.14300668,-16.50631463,geom,Centro de Especialidades,Av. Buenos Aires S/N Z 14 de Septiembre,2,SEDES,Villa Nuevo Potosí,0, ,6,Seguro Social,0, ,5,,clara.revollo,2016-06-03T15:22:17.900Z,,
Feature,salud.129,Point,-68.13104492,-16.50531268,geom,Geriátrica,C. Corneta Mamani,2,SEDES,Sopocachi,2, ,6,Seguro Social,0, ,3,,gustavo.nao,2018-09-17T19:15:27.427Z,,
Feature,salud.130,Point,-68.12204693,-16.50162734,geom,Policlínico de Especialidades,Av. Diaz Romero #1408,2,SEDES,Miraflores Sur,4,Policlínico,6,Seguro Social,0, ,2,,clara.revollo,2016-06-03T15:24:41.240Z,,
Feature,salud.131,Point,-68.12018939,-16.50511363,geom,COSSMIL Hospital Militar,Av. Saavedra,2,SEDES,Miraflores Sur,3, ,6,Seguro Social,0, ,2,,clara.revollo,2016-07-02T20:19:51.097Z,,
Feature,salud.132,Point,-68.11678166,-16.48271,geom,General  L.U.O,Av. Burgaleta,1,GMLP,Villa Copacabana,3,Hospital,6,Seguro Social,0, ,14,,clara.revollo,2016-06-03T15:26:22.073Z,,
Feature,salud.133,Point,-68.11809434,-16.49941728,geom,Obrero,Av. Brasil,1,GMLP,Miraflores,3,Hospital,6,Seguro Social,0, ,2,,clara.revollo,2016-06-06T20:24:24.870Z,,
Feature,salud.134,Point,-68.1177258,-16.50188667,geom,Materno Infantil,C. Villalobos,1,GMLP,Miraflores,3,Hospital,6,Seguro Social,0, ,2,,clara.revollo,2016-06-03T15:28:12.563Z,,
Feature,salud.135,Point,-68.11189591,-16.52372939,geom,Instituto de  Rehabilitación,C. 3 Obrajes,2,SEDES,Obrajes,0, ,6,Seguro Social,0, ,21,,clara.revollo,2016-06-03T15:29:22.980Z,,
Feature,salud.136,Point,-68.08381178,-16.49760934,geom,Psiquiatrico San Juan de Dios,C. Braulio Vera,2,SEDES,Irpavi,3,Hospital,2,Iglesia,0, ,18,,gustavo.nao,2018-09-17T19:22:41.230Z,,
Feature,salud.137,Point,-68.09581437,-16.48672158,geom,Villa Salome,Av. La Paz de Ayacucho Esq. C. 7 Nogales,1,GMLP,Villa Salomé,1,Centro de Salud,5,Público,1,Primer Nivel,16,,juan.alba,2018-05-11T21:17:48.867Z,Teléfono:  2322837,
Feature,salud.138,Point,-68.09487025,-16.53033515,geom,Bella Vista,Av. Pio XII,2,SEDES,Bella Vista,1,Centro de Salud,5,Público,1,Primer Nivel,21,,juan.alba,2018-05-11T23:35:28.803Z,Teléfono: 2783200,
Feature,salud.139,,,,geom,,,2,SEDES,,0,Centro de Salud,0,Público,0, ,0,,juan.alba,2018-05-11T23:38:35.453Z,,
Feature,salud.140,Point,-68.14907985,-16.50999398,geom,C.M.I. Niño Kollo,"Tacagua, Av. 12 de Abril y 16 de Julio",2,SEDES,Niño Kollo,1,Centro de Salud,5,Público,1,Primer Nivel,5,,juan.alba,2018-05-11T13:47:34.357Z,Teléfono: 2324015,
Feature,salud.141,Point,-68.07159291,-16.54232977,geom,Los Pinos,"C. 25, Lado del Mercado Los Pinos",1,GMLP,Los Pinos,3,Hospital,5,Público,2,Primer Nivel,18,,juan.alba,2018-05-11T23:55:42.103Z,,
Feature,salud.142,Point,-68.12037991,-16.50247644,geom,Psiquiatrico #14.,Entre Diaz Romero y Villalobos,2,SEDES,Miraflores,3,Hospital,6,Seguro Social,0, ,2,,gustavo.nao,2018-09-17T19:44:19.070Z,,
Feature,salud.143,Point,-68.08737289,-16.57181525,geom,Centro Vocacional SOS,C. 2 de Febrero Esq. C.7,1,GMLP,Mallasa,1,Centro de Salud,0, ,0, ,20,,clara.revollo,2016-06-03T15:40:14.623Z,,
Feature,salud.144,Point,-68.08462859,-16.57007851,geom,Colegio aldeas Infantiles SOS,Av. Florida Esq. C. 7,1,GMLP,Mallasa,1,Centro de Salud,0, ,0, ,20,,clara.revollo,2016-06-03T15:40:38.943Z,,
Feature,salud.145,Point,-68.09177218,-16.54521937,geom,La Florida,Av. Costanera Esq. Av. Arequipa,1,GMLP,Calacoto,1,Centro de Salud,0, ,0, ,18,,clara.revollo,2016-06-06T20:24:52.450Z,,
Feature,salud.146,Point,-68.08169563,-16.54491694,geom,Clínica de Rehabilitación,C. Nicolas Fernandez Naranjo Esq. Av Costanera,1,GMLP,Calacoto,1,Centro de Salud,0, ,0, ,18,,clara.revollo,2016-08-02T15:32:35.707Z,,
Feature,salud.147,Point,-68.0774765,-16.5405306,geom,Embriovid,Av. 21 Washington entre Adrian Patiño y Mariscal de Montenegro,1,GMLP,Los Pinos,2,Clinica,0, ,0, ,18,,gustavo.nao,2018-09-17T19:48:21.220Z,,
Feature,salud.148,Point,-68.04603641,-16.53637137,geom,CIASE,Av. Defensores del Chaco Esq. C. 13,1,GMLP,Chasquipampa,1,Centro de Salud,0, ,0, ,19,,clara.revollo,2016-06-03T15:42:31.463Z,,
Feature,salud.149,Point,-68.08507947,-16.52325317,geom,Geriátrico Nuevo Amanecer,C. Villegas entre Av. 8 Max Toledo y C. 6 de Julio de la Vega Iturri,1,GMLP,Irpavi,0, ,0, ,0, ,18,,clara.revollo,2016-06-03T15:42:49.027Z,,
Feature,salud.150,Point,-68.10910155,-16.52831631,geom,Caja Petrolera,Av. 8 Andres de Santa Cruz entre Antonio Diaz Villamil y Costanera,1,GMLP,Obrajes,1,Centro de Salud,0, ,0, ,21,,clara.revollo,2016-06-03T15:43:59.863Z,,
Feature,salud.151,Point,-68.10837546,-16.52816558,geom,COMIBOL,C. 9 entre Antonio Diaz Villamil y Costanera,1,GMLP,Obrajes,2,Clinica,0, ,0, ,21,,clara.revollo,2016-06-06T20:14:17.763Z,,
Feature,salud.152,Point,-68.10698324,-16.52850434,geom,Centro Felix Equino Zabala,C. 11 Esq. Final Antonio Diaz Villamil,1,GMLP,Obrajes,1,Centro de Salud,0, ,0, ,21,,clara.revollo,2016-06-03T15:44:23.433Z,,
Feature,salud.153,Point,-68.10976453,-16.52326716,geom,COF. OBRAJES,C. Roberto Jordan Cuellar 14 de septiembre,1,GMLP,Obrajes,1,Centro de Salud,0, ,0, ,21,,clara.revollo,2016-06-03T15:44:51.420Z,,
Feature,salud.154,Point,-68.13139501,-16.5342061,geom,El Rosal,Calle E y Calle Clivia,1,GMLP,El Rosal,1,Centro de Salud,5,Público,1,Primer Nivel,4,,juan.alba,2018-05-11T13:25:12.430Z,Teléfono:  2320987,
Feature,salud.155,Point,-68.13614898,-16.52375589,geom,Sociedad Católica San José,C. 8,1,GMLP,Las Lomas,0, ,0, ,0, ,4,,clara.revollo,2016-06-03T15:45:18.610Z,,
Feature,salud.156,Point,-68.14469027,-16.51512931,geom,Cotahuma,C. Moxos  C. 5 de Agosto,1,GMLP,Cotahuma,1,Centro de Salud,5,Público,0, ,4,,clara.revollo,2016-06-03T15:46:41.677Z,,
Feature,salud.157,Point,-68.13944689,-16.51542234,geom,COTAHUMA,Av. Jaimes Freyre y Av. Jaime Zudañez,1,GMLP,Tembladerani,3,Centro de Salud,5,Público,2, ,4,,juan.alba,2018-05-11T23:57:12.257Z,,
Feature,salud.158,Point,-68.13510553,-16.51289458,geom,Húngara,C. Carlos Medinacelli final C. Severo Alonzo,1,GMLP,San Luis,2,Clinica,0, ,0, ,3,,clara.revollo,2016-06-06T20:25:08.120Z,,
Feature,salud.159,Point,-68.13294944,-16.51535249,geom,El Buen Pastor,C. Adan Sardon Z. entre Jaimes Freyre y Melchor Perez de Olguín,1,GMLP,Adela Zamudio,2,Clinica,0, ,0, ,3,,clara.revollo,2016-06-06T20:25:14.940Z,,
Feature,salud.160,Point,-68.12592896,-16.50958784,geom,MEDICENTRO,Av. 6 de Agosto casi Esq. Belizario Salinas,1,GMLP,Sopocachi,1,Centro de Salud,0, ,0, ,3,,clara.revollo,2016-06-03T15:48:17.183Z,,
Feature,salud.161,Point,-68.11956607,-16.50729329,geom,Banco de Sangre,Av. Bautista Saavedra,1,GMLP,Miraflores Sur,0, ,5,Público,3,Tercer Nivel,2,,clara.revollo,2016-06-03T15:49:34.450Z,,
Feature,salud.162,Point,-68.11976671,-16.50624436,geom,Ontológico (V),Av. Bautista Saavedra,1,GMLP,Miraflores Sur,1,Centro de Salud,5,Público,3,Tercer Nivel,2,,clara.revollo,2016-06-03T15:49:44.640Z,,
Feature,salud.163,Point,-68.11886226,-16.50683098,geom,INSO,Av. Bautista Saavedra,1,GMLP,Miraflores Sur,1,Centro de Salud,5,Público,3,Tercer Nivel,2,,clara.revollo,2016-06-03T15:49:55.490Z,,
Feature,salud.164,Point,-68.118221,-16.50616659,geom,Morgue,Av. Bautista Saavedra,1,GMLP,Miraflores Sur,1,Centro de Salud,0, ,0, ,2,,clara.revollo,2016-06-03T15:50:07.477Z,,
Feature,salud.165,Point,-68.11908695,-16.50596768,geom,Asistencia Medica Integral,Av. Bautista Saavedra,1,GMLP,Miraflores Sur,1,Centro de Salud,0, ,0, ,2,,clara.revollo,2016-06-03T15:51:15.270Z,,
Feature,salud.166,Point,-68.11921525,-16.5036884,geom,12 de Abril,C. Francisco Miranda Esq. Nicaragua,1,GMLP,Miraflores Sur,3,Hospital,0, ,0, ,2,,clara.revollo,2016-06-03T15:52:14.227Z,,
Feature,salud.167,Point,-68.1212492,-16.50195237,geom,Sagrado Corazón,Av. German Busch entre Diaz romero y Rosendo Villalobos,1,GMLP,Miraflores Sur,2,Clinica,0, ,0, ,2,,clara.revollo,2016-06-06T20:25:23.080Z,,
Feature,salud.168,Point,-68.11259224,-16.50840845,geom,Villa Armonía Policonsultorio,C. Juan XXIII Esq. San Juan,1,GMLP,Villa Armonía,4, ,0, ,0, ,17,,gustavo.nao,2018-09-17T20:42:34.557Z,,
Feature,salud.169,Point,-68.10979536,-16.5080831,geom,Villa Armonía,"Av. Tupac Katari y C. 6, Parque Picapiedra",1,GMLP,Villa Armonía,1,Centro de Salud,5,Público,1,Primer Nivel,17,,juan.alba,2018-05-11T21:23:54.400Z,Teléfono: 2322913,
Feature,salud.170,Point,-68.10107807,-16.50636419,geom,Posta Sanitaria San Antonio Cebtral,C. Circunvalación,1,GMLP,Pampahasi,1,Centro de Salud,0, ,0, ,16,,clara.revollo,2016-06-03T15:54:53.697Z,,
Feature,salud.171,Point,-68.11472439,-16.49482665,geom,San Antonio,C. Mariano Antezana y Pasaje vehicular,1,GMLP,San Antonio,2,Clinica,0, ,0, ,15,,clara.revollo,2016-06-06T20:25:35.083Z,,
Feature,salud.172,Point,-68.10889199,-16.49276206,geom,Escobar Uría,Av. H entre C. 7 y C. 9,1,GMLP,Escobar Uria,1,Centro de Salud,5,Público,1,Primer Nivel,15,,gustavo.nao,2018-09-17T21:00:24.697Z,,
Feature,salud.173,Point,-68.11663882,-16.49140955,geom,San Gabriel,C. Pedro Villamil Antonio Velazco,1,GMLP,Villa Copacabana,3,Hospital,0, ,0, ,14,,clara.revollo,2016-06-03T16:00:02.910Z,,
Feature,salud.174,Point,-68.11270559,-16.48358725,geom,Pacasa,C. Unión,1,GMLP,Pacasa,1,Centro de Salud,0, ,0, ,14,,clara.revollo,2016-06-03T16:00:33.110Z,,
Feature,salud.175,Point,-68.15153684,-16.50909822,geom,Alcoreza,"C. Alcoreza, 2 cuadras arriba Parada Micro 132",1,GMLP,Alcoreza,1,Centro de Salud,5,Público,1,Primer Nivel,5,,juan.alba,2018-05-11T13:32:44.967Z,Teléfono:  2324019,
Feature,salud.176,Point,-68.1516617,-16.50706078,geom,Villamil de Rada,C. Villamil de Rada,1,GMLP,Alto V. N. Potosí,1,Centro de Salud,0, ,0, ,5,,clara.revollo,2016-06-06T15:05:49.527Z,,
Feature,salud.177,Point,-68.15561561,-16.50656988,geom,Alto Chijini,Av. 9 de Abril,1,GMLP,9 de Abril,1,Centro de Salud,0, ,0, ,7,,gustavo.nao,2018-09-18T13:53:04.320Z,"Se sugiere borrar, motivo: se duplica el nombre y según imágenes no se evidencia el equipamiento.",
Feature,salud.178,Point,-68.14267514,-16.5075087,geom,Alto San Pedro,C. Zeballos Esq.  Buenos Aires,1,GMLP,Bello Horizonte,1,Centro de Salud,0, ,0, ,6,,clara.revollo,2016-06-06T15:02:38.727Z,,
Feature,salud.179,Point,-68.13702572,-16.50676116,geom,Brasil,C. Pionero de Rochalde Esq. Canonigo Ayllon,1,GMLP,San Pedro,2,Clinica,0, ,0, ,6,,clara.revollo,2016-06-06T15:00:52.630Z,,
Feature,salud.180,Point,-68.12890975,-16.51515922,geom,Rengel,C. Victor Sanjines,1,GMLP,Sopocachi,2,Clinica,0, ,0, ,6,,gustavo.nao,2018-09-17T21:51:40.427Z,,
Feature,salud.181,Point,-68.1349109,-16.49976813,geom,Caja Nacional de Salud,C. Almirante Grau Esq. Mariscal Santa Cruz,1,GMLP,Belén,1,Centro de Salud,0, ,0, ,6,,clara.revollo,2016-06-06T14:56:09.880Z,,
Feature,salud.182,Point,-68.13210647,-16.49881908,geom,La Paz Nro 2 Emergencias,C. Juan de La Riva Casi Esq. Bueno,1,GMLP,Casco Viejo,1,Centro de Salud,0, ,0, ,1,,clara.revollo,2016-06-06T14:55:27.493Z,,
Feature,salud.183,Point,-68.12347458,-16.49719715,geom,Modelo,C. Panamá,1,GMLP,Miraflores,2,Clinica,0, ,0, ,2,,clara.revollo,2016-06-06T14:54:29.977Z,,
Feature,salud.184,Point,-68.12259282,-16.49716789,geom,Dermatológica,C. Guerrilleros Lanza,1,GMLP,Miraflores,2,Clinica,0, ,0, ,2,,clara.revollo,2016-06-06T14:54:02.920Z,,
Feature,salud.185,Point,-68.12413454,-16.49662071,geom,Arandia,Av. Abel iturralde Esq. Uyuni,1,GMLP,Miraflores,2,Clinica,0, ,0, ,2,,clara.revollo,2016-06-06T14:53:29.487Z,,
Feature,salud.186,Point,-68.12382146,-16.49635941,geom,Santa Fé,C. Jorge Saenz Esq. Heroes del pacifico,1,GMLP,Miraflores,2,Clinica,0, ,0, ,2,,clara.revollo,2016-06-06T14:53:16.957Z,,
Feature,salud.187,Point,-68.1176445,-16.47063808,geom,Choferes 1º de Mayo,C. Aspiazu,1,GMLP,La Mercéd,2,Clinica,0, ,0, ,13,,clara.revollo,2016-06-06T14:52:08.083Z,,
Feature,salud.188,Point,-68.14304142,-16.49374552,geom,Caja de Salud,Av. Manco Kapac,1,GMLP,San Sebastián,1,Centro de Salud,0, ,0, ,1,,clara.revollo,2016-06-06T14:51:01.427Z,,
Feature,salud.190,Point,-68.15340682,-16.49166652,geom,Politecnico 21 de Septiembre,C. Nuestra Señora de La Asunción,1,GMLP,Villa Victoria,4,Policlínico,0, ,0, ,8,,clara.revollo,2016-06-06T14:50:22.843Z,,
Feature,salud.191,Point,-68.14643762,-16.47541572,geom,18 de Mayo,C. Rubén Amezaga,1,GMLP,18 de Mayo,1,Centro de Salud,5,Público,1,Primer Nivel,11,,juan.alba,2018-05-11T15:17:48.133Z,Teléfono:  2320580,
Feature,salud.192,Point,-68.14886912,-16.4831126,geom,Pura Pura,Av. Vasquez,1,GMLP,Pura Pura,1,Centro de Salud,0, ,0, ,10,,clara.revollo,2016-06-06T14:49:43.527Z,,
Feature,salud.193,Point,-68.14987176,-16.48300286,geom,Centro de Salud,Av. Ismael Vasquez,1,GMLP,Pura Pura,1,Centro de Salud,5,Público,0, ,10,,clara.revollo,2016-06-06T14:49:04.747Z,,
Feature,salud.194,Point,-68.15131464,-16.48093381,geom,Ciudad Ferroviaria,C. 21 de Enero,1,GMLP,Pura Pura,2,Clinica,5,Público,0, ,10,,clara.revollo,2016-06-06T14:28:03.320Z,,
Feature,salud.195,Point,-68.15877958,-16.49038175,geom,La Portada,C. Carlos Quintana,1,GMLP,Munaypata,2,Clinica,0, ,0, ,9,,gustavo.nao,2018-09-18T13:51:09.923Z,"Se sugiere borrar, motivo: se duplica el nombre y según imágenes no se evidencia el equipamiento.",
Feature,salud.196,Point,-68.11776161,-16.47105392,geom,La Merced,C. Aspiazu,0, ,La Merced,3, ,5,Público,2,Segundo Nivel,13,,juan.alba,2018-05-11T23:55:09.330Z,,
Feature,salud.197,,,,geom,,,0, ,,0, ,0,Público,0,Segundo Nivel,0,,juan.alba,2018-05-11T23:56:12.720Z,Se recomienda su eliminación.,
Feature,salud.198,Point,-68.13142843,-16.50003009,geom,Asistencia Pública,Av. Simón Bolivar #1519,0, ,Santa Barbara,1, ,5,Público,1,Primer Nivel,1,,juan.alba,2018-05-11T23:39:47.477Z,Teléfono: 2203316,
Feature,salud.199,Point,-68.04546524,-16.45018572,geom,Choquechihuani Hampaturi,C. Choquechihuani,,,Hampaturi,1,,5,,1,,22,juan.alba,gustavo.nao,2018-09-17T22:56:16.087Z,,
Feature,salud.200,Point,-68.06480571,-16.1041399,geom,Camsique,Comunidad Pueblo de Zongo,,,Camsique,1,,5,,1,,23,juan.alba,gustavo.nao,2016-06-08T19:12:03.067Z,,
Feature,salud.201,Point,-68.16570668,-16.4892944,geom,La Portada,Av. Florida,,,La Portada,3,,5,,2,,9,juan.alba,juan.alba,2018-05-11T23:56:42.570Z,,
Feature,salud.202,Point,-67.66878443,-15.76632697,geom,Zongo Choro,Comunidad Monte Verde,,,,1,,5,,1,,24,gustavo.nao,gustavo.nao,2016-06-08T19:16:37.770Z,,
Feature,salud.203,Point,-68.1025452,-16.4594608,geom,Chuquiaguillo,Av. Ramiro Castillo S/N,,,Chuquiaguillo,1,,5,,1,,13,juan.alba,juan.alba,2018-05-11T15:52:17.233Z,,
Feature,salud.204,Point,-68.05072607,-16.54358539,geom,Cota Cota,"Calle 4 esq. San Luis, Zona Los Rosales",,,Los Rosales,1,,5,,1,,19,juan.alba,juan.alba,2018-05-11T21:57:25.663Z,Teléfono 2790376,
