departamento,provincia,municipio,ciudad,nombre,latitud ,longitud 
Beni,Cercado,Trinidad,Trinidad,EL MERCADO DE LAS PULGAS,"-14,834,710","-64,903,362"
Beni,Cercado,Trinidad,Trinidad,MERCADO 26 DE JULIO,"-14,838,198","-64,915,429"
Beni,Cercado,Trinidad,Trinidad,MERCADO 30 DE JULIO SIN UTILIZAR.,"-14,806,752","-64,906,868"
Beni,Cercado,Trinidad,Trinidad,MERCADO EL TAJIBITO,"-14,837,781","-64,900,964"
Beni,Cercado,Trinidad,Trinidad,MERCADO FATIMA,"-14,834,495","-64,894,001"
Beni,Cercado,Trinidad,Trinidad,MERCADO LOS MENUDOS,"-14,838,527","-64,899,134"
Beni,Cercado,Trinidad,Trinidad,MERCADO MIAMI,"-14,839,781","-64,904,587"
Beni,Cercado,Trinidad,Trinidad,MERCADO MUNICIPAL BELLO HORIZONTE,"-14,812,041","-64,885,889"
Beni,Cercado,Trinidad,Trinidad,MERCADO PAITITI,"-14,824,703","-64,887,555"
Beni,Cercado,Trinidad,Trinidad,MERCADO POMPEYA,"-14,839,506","-64,900,233"
Beni,Cercado,Trinidad,Trinidad,MERCADO SAN VICENTE,"-14,832,279","-64,909,109"
Beni,Cercado,Trinidad,Trinidad,MERCADO SECCINAL,"-14,833,227","-64,902,203"
Beni,Cercado,Trinidad,Trinidad,NUEVO MERCADO 13 DE ABRIL,"-14,834,129","-64,887,880"
Beni,Gral. Jose Ballivian,Rurrenabaque,Rurrenabaque,MERCADO CENTRAL RURRENABAQUE,"-14,441,568","-67,528,529"
Beni,Gral. Jose Ballivian,Rurrenabaque,Rurrenabaque,MERCADO DE RURRENABAQUE,"-14,430,046","-67,504,601"
Beni,Gral. Jose Ballivian,San Borja,San Borja,MERCADO CAMPESINO PRIMERO DE MAYO,"-14,862,765","-66,749,619"
Beni,Gral. Jose Ballivian,San Borja,San Borja,MERCADO CENTRAL LA PAZ,"-14,860,600","-66,746,196"
Beni,Itenez,Magadalena,Magdalena,MERCADO SANTA MARIA MAGDALENA,"-13,260,531","-64,054,679"
Beni,Moxos,San Ignacio,San Ignacio de Moxos,MERCADO CAMPESINO,"-14,993,250","-65,636,371"
Beni,Moxos,San Ignacio,San Ignacio de Moxos,MERCADO CENTRAL,"-14,996,196","-65,640,043"
Beni,Moxos,San Ignacio,San Ignacio de Moxos,MERCADO SANTA FE,"-14,999,706","-65,644,056"
Beni,Vaca Diez,Guayaramerin,Guayaramerin,MERCADO CAMPESINO,"-10,822,459","-65,354,893"
Beni,Vaca Diez,Guayaramerin,Guayaramerin,MERCADO CENTRAL GUAYARAMERIN,"-10,817,612","-65,353,601"
Beni,Vaca Diez,Guayaramerin,Guayaramerin,MERCADO LOS ALMENDROS,"-10,832,585","-65,347,465"
Beni,Vaca Diez,Riberalta,Riberalta,MERCADO 3 DE FEBRERO,"-11,003,930","-66,056,500"
Beni,Vaca Diez,Riberalta,Riberalta,MERCADO LAS MERCEDEZ,"-10,998,407","-66,034,914"
Beni,Vaca Diez,Riberalta,Riberalta,MERCADO SAN JOSE,"-11,000,263","-66,064,713"
Beni,Yacuma,Santa Ana de Yacuma,Santa Ana del Yacuma,MERCADO CAMPESINO ALONSO HUMAZA  TABABARI,"-13,738,694","-65,423,239"
Beni,Yacuma,Santa Ana de Yacuma,Santa Ana del Yacuma,MERCADO DE SANTA ANA,"-13,743,833","-65,427,109"
Beni,Yacuma,Santa Ana de Yacuma,Santa Ana del Yacuma,MERCADO VEINTISEIS DE JULIO,"-13,739,336","-65,421,892"
Cochabamba,Arani,Arani,Arani,MERCADO CENTAL DE ARANI,"-17,573,450","-65,771,911"
Cochabamba,Campero,Aiquile,Aiquile,MERCADO CENTRAL AIQUILE,"-18,200,487","-65,182,094"
Cochabamba,Capinota,Capinota,Capinota,MERCADO CENTRAL CAPINOTA,"-17,714,267","-66,262,038"
Cochabamba,Capinota,Capinota,Irpa Irpa,MERCADO CENTRAL,"-17,723,912","-66,283,844"
Cochabamba,Capinota,Capinota,Irpa Irpa,MERCADO IRPA IRPA,"-17,721,716","-66,287,138"
Cochabamba,Capinota,Santivañez,Santivañez,MERCADO CORONEL GERMAN LEMA,"-17,550,160","-66,249,214"
Cochabamba,Carrasco,Chimore,Chimore,MERCADO ASOCIACION 13 DE JUNIO,"-16,996,032","-65,153,058"
Cochabamba,Carrasco,Chimore,Chimore,MERCADO CAMPESINO,"-16,994,898","-65,150,180"
Cochabamba,Carrasco,Chimore,Chimore,MERCADO CENTRAL DE CHIMORE,"-16,994,751","-65,149,850"
Cochabamba,Carrasco,Chimore,Chimore,MERCADO DE FRUTAS CHIMORE,"-16,996,085","-65,151,573"
Cochabamba,Carrasco,Chimore,Chimore,MERCADO GREMELISTAS  CHIMORE,"-16,996,078","-65,152,058"
Cochabamba,Carrasco,Entre Rios,Entre Rios,MERCADO DE LA ZONA,"-17,204,348","-64,532,480"
Cochabamba,Carrasco,Entre Rios,Entre Rios,MERCADO ENTRE RIOS,"-17,198,678","-64,538,016"
Cochabamba,Carrasco,Entre Rios,Entre Rios,MERCADO NUEVO,"-17,195,974","-64,534,470"
Cochabamba,Carrasco,Puerto Villarroel,Ivirgarzama,MERCADO 14 DE SEPTIEMBRE,"-17,032,905","-64,860,856"
Cochabamba,Carrasco,Puerto Villarroel,Ivirgarzama,MERCADO 15 DE ABRIL,"-17,037,919","-64,863,372"
Cochabamba,Carrasco,Puerto Villarroel,Ivirgarzama,MERCADO CENTRAL 27 DE MAYO,"-17,033,594","-64,860,132"
Cochabamba,Carrasco,Puerto Villarroel,Ivirgarzama,MERCADO DE COCA,"-17,041,717","-64,861,130"
Cochabamba,Carrasco,Puerto Villarroel,Ivirgarzama,MERCADO PRIMARIO DE COCA,"-17,032,752","-64,860,202"
Cochabamba,Carrasco,Puerto Villarroel,Puerto Villarroel,MERCADO PUERTO VILLARROEL,"-16,839,107","-64,794,150"
Cochabamba,Cercado,Cochabamba,Cochabamba,ANTIGUO MERCADO CAMPESINO LAGUNA ALALAY,"-17,400,400","-66,142,597"
Cochabamba,Cercado,Cochabamba,Cochabamba,MEGA MERCADO DE FRUTAS,"-17,400,428","-66,143,305"
Cochabamba,Cercado,Cochabamba,Cochabamba,MERCADO,"-17,446,730","-66,115,624"
Cochabamba,Cercado,Cochabamba,Cochabamba,MERCADO 10 DE FEBRERO,"-17,440,041","-66,116,183"
Cochabamba,Cercado,Cochabamba,Cochabamba,MERCADO 10 DE FEBRERO,"-17,360,889","-66,182,980"
Cochabamba,Cercado,Cochabamba,Cochabamba,MERCADO 12 DE JULIO LOMAS DE SANTA BARBARA,"-17,462,301","-66,105,928"
Cochabamba,Cercado,Cochabamba,Cochabamba,MERCADO 1RO DE MARZO,"-17,394,903","-66,154,826"
Cochabamba,Cercado,Cochabamba,Cochabamba,MERCADO 20 DE FEBRERO,"-17,419,201","-66,144,285"
Cochabamba,Cercado,Cochabamba,Cochabamba,MERCADO 20 DE OCTUBRE,"-17,490,089","-66,177,713"
Cochabamba,Cercado,Cochabamba,Cochabamba,MERCADO 25 DE MAYO,"-17,401,180","-66,153,924"
Cochabamba,Cercado,Cochabamba,Cochabamba,MERCADO 25 DE MAYO,"-17,394,938","-66,155,352"
Cochabamba,Cercado,Cochabamba,Cochabamba,MERCADO 25 DE MAYO -A,"-17,394,676","-66,154,392"
Cochabamba,Cercado,Cochabamba,Cochabamba,MERCADO 25 DE MAYO B,"-17,394,703","-66,154,863"
Cochabamba,Cercado,Cochabamba,Cochabamba,MERCADO 27 DE MAYO,"-17,425,230","-66,143,201"
Cochabamba,Cercado,Cochabamba,Cochabamba,MERCADO 27 DE MAYO,"-17,474,951","-66,149,199"
Cochabamba,Cercado,Cochabamba,Cochabamba,MERCADO 8DE SEPTIEMBRE,"-17,434,506","-66,156,740"
Cochabamba,Cercado,Cochabamba,Cochabamba,MERCADO BARTOLINA SISA,"-17,468,100","-66,206,974"
Cochabamba,Cercado,Cochabamba,Cochabamba,MERCADO CAMPESINO,"-17,431,632","-66,125,808"
Cochabamba,Cercado,Cochabamba,Cochabamba,MERCADO CAMPESINO,"-17,434,316","-66,124,189"
Cochabamba,Cercado,Cochabamba,Cochabamba,MERCADO CAMPESINO,"-17,434,047","-66,124,387"
Cochabamba,Cercado,Cochabamba,Cochabamba,MERCADO CAMPESINO,"-17,430,476","-66,126,161"
Cochabamba,Cercado,Cochabamba,Cochabamba,MERCADO CAMPESINO,"-17,433,555","-66,124,678"
Cochabamba,Cercado,Cochabamba,Cochabamba,MERCADO CAMPESINO DEL NORTE   MAYORISTAS DEL PRODUCTOR AL CONSUMIDOR,"-17,351,226","-66,172,623"
Cochabamba,Cercado,Cochabamba,Cochabamba,MERCADO CAMPESINO PRIVADO,"-17,429,383","-66,126,429"
Cochabamba,Cercado,Cochabamba,Cochabamba,MERCADO CERRO VERDE,"-17,413,978","-66,144,082"
Cochabamba,Cercado,Cochabamba,Cochabamba,MERCADO DE CALA CALA,"-17,372,261","-66,161,775"
Cochabamba,Cercado,Cochabamba,Cochabamba,MERCADO DE VALLE HERMOSO,"-17,447,943","-66,127,207"
Cochabamba,Cercado,Cochabamba,Cochabamba,MERCADO DEL OESTE BELEN TOKIO,"-17,382,356","-66,194,726"
Cochabamba,Cercado,Cochabamba,Cochabamba,MERCADO EL PROGRESO,"-17,394,689","-66,190,325"
Cochabamba,Cercado,Cochabamba,Cochabamba,MERCADO FERROVIARIO,"-17,448,104","-66,146,801"
Cochabamba,Cercado,Cochabamba,Cochabamba,MERCADO FIDEL ARANIBAR,"-17,402,795","-66,153,960"
Cochabamba,Cercado,Cochabamba,Cochabamba,MERCADO INGAVI,"-17,390,127","-66,171,077"
Cochabamba,Cercado,Cochabamba,Cochabamba,MERCADO JAIHUAYCO,"-17,415,019","-66,164,129"
Cochabamba,Cercado,Cochabamba,Cochabamba,MERCADO JUAN XXIII,"-17,388,831","-66,203,724"
Cochabamba,Cercado,Cochabamba,Cochabamba,MERCADO LA PAMPA,"-17,403,778","-66,152,052"
Cochabamba,Cercado,Cochabamba,Cochabamba,MERCADO LORETO,"-17,423,266","-66,157,048"
Cochabamba,Cercado,Cochabamba,Cochabamba,MERCADO MISICUNI,"-17,437,367","-66,113,235"
Cochabamba,Cercado,Cochabamba,Cochabamba,MERCADO MODELO DEL NORTE MINORISTAS,"-17,351,945","-66,172,993"
Cochabamba,Cercado,Cochabamba,Cochabamba,MERCADO MOLINO EL GALLO,"-17,406,813","-66,155,093"
Cochabamba,Cercado,Cochabamba,Cochabamba,MERCADO MOLINO SAN LUIS,"-17,405,716","-66,155,077"
Cochabamba,Cercado,Cochabamba,Cochabamba,MERCADO NORTE CALATAYUD,"-17,398,351","-66,152,809"
Cochabamba,Cercado,Cochabamba,Cochabamba,MERCADO OSORIO,"-17,397,122","-66,162,586"
Cochabamba,Cercado,Cochabamba,Cochabamba,MERCADO PALMAR,"-17,467,134","-66,207,119"
Cochabamba,Cercado,Cochabamba,Cochabamba,MERCADO PAPA PAULO,"-17,383,902","-66,147,804"
Cochabamba,Cercado,Cochabamba,Cochabamba,MERCADO QUECHISLITAS,"-17,375,552","-66,185,689"
Cochabamba,Cercado,Cochabamba,Cochabamba,MERCADO SAN ANTONIO,"-17,402,758","-66,155,039"
Cochabamba,Cercado,Cochabamba,Cochabamba,MERCADO SECCIONAL 15 DE ABRIL VILLA ALALAY,"-17,420,300","-66,140,075"
Cochabamba,Cercado,Cochabamba,Cochabamba,MERCADO SUD CALATAYUD,"-17,398,950","-66,152,731"
Cochabamba,Cercado,Cochabamba,Cochabamba,MERCADO ZONAL SEÑOR DE MAYO,"-17,364,564","-66,176,323"
Cochabamba,Cercado,Cochabamba,Cochabamba,MERCADONA,"-17,413,559","-66,165,533"
Cochabamba,Cercado,Cochabamba,Cochabamba,MOROMERCADO LACTEOS,"-17,386,795","-66,157,590"
Cochabamba,Chapare,Colomi,Colomi,MERCADO,"-17,338,347","-65,866,537"
Cochabamba,Chapare,Colomi,Colomi,MERCADO CENTRAL DE COLOMI,"-17,338,115","-65,866,671"
Cochabamba,Chapare,Colomi,Colomi,MERCADO CENTRAL DE COLOMI,"-17,337,807","-65,864,607"
Cochabamba,Chapare,Sacaba,Sacaba,MERCADO 1 DE MAYO,"-17,413,385","-66,024,177"
Cochabamba,Chapare,Sacaba,Sacaba,MERCADO BARRIENTOS,"-17,375,997","-66,118,210"
Cochabamba,Chapare,Sacaba,Sacaba,MERCADO CAMPESINO,"-17,377,808","-66,112,576"
Cochabamba,Chapare,Sacaba,Sacaba,MERCADO CENTRAL DE ESMERALDA,"-17,379,197","-66,078,412"
Cochabamba,Chapare,Sacaba,Sacaba,MERCADO CENTRAL DE QUINTANILLA,"-17,387,403","-66,110,762"
Cochabamba,Chapare,Sacaba,Sacaba,MERCADO CENTRAL DE QUINTANILLA,"-17,387,121","-66,110,982"
Cochabamba,Chapare,Sacaba,Sacaba,MERCADO CENTRAL DE SACABA,"-17,402,336","-66,037,375"
Cochabamba,Chapare,Sacaba,Sacaba,MERCADO CENTRAL HUAYYANI GRANDE/SAN ANTONIO,"-17,392,732","-66,058,791"
Cochabamba,Chapare,Sacaba,Sacaba,MERCADO CENTRAL SACABA,"-17,404,887","-66,038,608"
Cochabamba,Chapare,Sacaba,Sacaba,MERCADO DE BARRIO,"-17,376,497","-66,065,552"
Cochabamba,Chapare,Sacaba,Sacaba,MERCADO EL CARMEN DISTRITO 6,"-17,415,310","-66,079,808"
Cochabamba,Chapare,Sacaba,Sacaba,MERCADO MORRO(GALPON DE PAPA),"-17,398,675","-66,034,591"
Cochabamba,Chapare,Sacaba,Sacaba,MERCADO VILLA UNION,"-17,414,834","-66,082,962"
Cochabamba,Chapare,Villa Tunari,Eterazama,MERCADO 27 DE MAYO,"-16,830,880","-65,521,034"
Cochabamba,Chapare,Villa Tunari,Eterazama,MERCADO CENTRAL ETERAZAMA,"-16,831,453","-65,520,289"
Cochabamba,Chapare,Villa Tunari,Eterazama,MERCADO DE COMERCIANTES MINORISTAS 1RO DE MAYO,"-16,831,420","-65,519,979"
Cochabamba,Chapare,Villa Tunari,Villa Tunari,MUCROMERCADO,"-16,974,713","-65,417,948"
Cochabamba,Esteban Arze,Tarata,Tarata,MERCADO MUNICIPAL DE TARATA,"-17,613,894","-66,024,214"
Cochabamba,Mizque,Mizque,Mizque,MERCADO MODELO CENTRAL MIZQUE,"-17,941,831","-65,341,851"
Cochabamba,Punata,Punata,Punata,MERCADO CENTRAL PUNATA,"-17,547,058","-65,836,623"
Cochabamba,Punata,Punata,Punata,MERCADO DE PAPA,"-17,542,792","-65,834,452"
Cochabamba,Punata,San Benito,San Benito,MERCADO CENTRAL SAN BENITO CON 90 PUESTOS DE VENTA,"-17,521,671","-65,894,679"
Cochabamba,Quillacollo,Colcapirhua,Colcapirhua,MERCADO CAPACACHI,"-17,383,518","-66,223,757"
Cochabamba,Quillacollo,Colcapirhua,Colcapirhua,MERCADO CENTRAL DE KAMY,"-17,365,939","-66,234,565"
Cochabamba,Quillacollo,Colcapirhua,Colcapirhua,MERCADO DE ABASTO FLOTIDA NORTE,"-17,386,820","-66,225,445"
Cochabamba,Quillacollo,Quillacollo,El Paso,MERCADO CENTRAL 27 DE MAYO EL PASO,"-17,339,342","-66,264,936"
Cochabamba,Quillacollo,Quillacollo,Quillacollo,MERCADO 9 DE DICIEMBRE,"-17,399,921","-66,282,840"
Cochabamba,Quillacollo,Quillacollo,Quillacollo,MERCADO 9 DE DICIEMBRE,"-17,400,388","-66,283,251"
Cochabamba,Quillacollo,Quillacollo,Quillacollo,MERCADO CENTAL DE QUILLACOLLO,"-17,397,293","-66,280,488"
Cochabamba,Quillacollo,Quillacollo,Quillacollo,MERCADO CENTRAL DE QUILLACOLLO,"-17,397,415","-66,279,912"
Cochabamba,Quillacollo,Quillacollo,Quillacollo,MERCADO DE PAPAS,"-17,401,411","-66,285,074"
Cochabamba,Quillacollo,Quillacollo,Quillacollo,MERCADO DE QUILLACOLLO,"-17,395,750","-66,282,603"
Cochabamba,Quillacollo,Quillacollo,Quillacollo,MERCADO MARTIN CARDENAS,"-17,406,035","-66,282,849"
Cochabamba,Quillacollo,Quillacollo,Quillacollo,MERCADO NELIDA DE GUERRA,"-17,390,006","-66,285,944"
Cochabamba,Quillacollo,Quillacollo,Quillacollo,MERCADO PLAZA DE GRANOS,"-17,398,767","-66,284,040"
Cochabamba,Quillacollo,Quillacollo,Quillacollo,MERCADO VILLA MARIA,"-17,385,642","-66,256,822"
Cochabamba,Quillacollo,Sipesipe,Sipe Sipe,MERCADO CENTRAL DE SIPE SIPE/SALE AL LADO B,"-17,453,654","-66,356,641"
Cochabamba,Quillacollo,Tiquipaya,Tiquipaya,MERCADO 17 DE OCTUBRE,"-17,346,300","-66,191,154"
Cochabamba,Quillacollo,Tiquipaya,Tiquipaya,MERCADO 24 DE JUNIO,"-17,334,368","-66,197,998"
Cochabamba,Quillacollo,Tiquipaya,Tiquipaya,MERCADO CENTRAL DE TIQUIPAYA,"-17,337,262","-66,218,661"
Cochabamba,Quillacollo,Tiquipaya,Tiquipaya,MERCADO CHILIMARCA 27 DE MAYO,"-17,336,400","-66,202,946"
Cochabamba,Quillacollo,Tiquipaya,Tiquipaya,MERCADO DE LA COMUNIDAD BARRIO ÑEBERIA,"-17,361,834","-66,225,057"
Cochabamba,Quillacollo,Tiquipaya,Tiquipaya,MERCADO SANTA ELISA,"-17,361,763","-66,215,504"
Cochabamba,Quillacollo,Vinto,Vinto,FERIA DEL MERCADO CAMPESINO DE VINTO,"-17,399,152","-66,316,880"
Cochabamba,Quillacollo,Vinto,Vinto,MERCADO CENTRAL CHULLA,"-17,377,769","-66,308,240"
Cochabamba,Quillacollo,Vinto,Vinto,MERCADO DE VINTO,"-17,399,660","-66,316,306"
Cochabamba,Quillacollo,Vinto,Vinto,MERCADO SEXTA,"-17,398,040","-66,326,043"
Cochabamba,Tiraque,Shinaota,Shinahota,MERCADO,"-16,993,608","-65,248,754"
Cochabamba,Tiraque,Shinaota,Shinahota,MERCADO 10 DE FEBRERO,"-16,996,016","-65,246,544"
Cochabamba,Tiraque,Shinaota,Shinahota,MERCADO 27 DE JULIO,"-16,994,008","-65,239,797"
Cochabamba,Tiraque,Shinaota,Shinahota,MERCADO 27 DE MAYO,"-16,994,004","-65,248,758"
Cochabamba,Tiraque,Shinaota,Shinahota,MERCADO CENTRAL 24 DE AGOSTO,"-16,994,153","-65,247,321"
Cochabamba,Tiraque,Shinaota,Shinahota,MERCADO LA PAZ TROPICO PRIMERA SECCION,"-16,993,744","-65,247,649"
Cochabamba,Tiraque,Shinaota,Shinahota,MERCADO LA PAZ TROPICO SEGUNDA SECCION,"-16,994,098","-65,247,711"
Cochabamba,Tiraque,Shinaota,Shinahota,MERCADO LA PAZ TROPICO TERCERA SECCION,"-16,994,404","-65,247,765"
Cochabamba,Tiraque,Shinaota,Shinahota,MERCADO PRIMARIO DE COCA,"-16,992,715","-65,244,050"
Cochabamba,Tiraque,Shinaota,Shinahota,MERCADO PRIMARIO DE LA COCA,"-16,995,964","-65,248,768"
Chuquisaca,Hernando Siles,Monteagudo,Candua,MERCADO CAMPESINO,"-19,810,768","-63,979,596"
Chuquisaca,Hernando Siles,Monteagudo,Monteagudo,MERCADO CENTRAL MONTEAGUDO,"-19,801,674","-63,954,597"
Chuquisaca,Hernando Siles,Monteagudo,Monteagudo,MERCADO GREMIALISTA  10 DE NOVIEMBRE,"-19,795,762","-63,959,454"
Chuquisaca,Hernando Siles,Monteagudo,Monteagudo,MERCADO MARACANA,"-19,803,808","-63,956,887"
Chuquisaca,Hernando Siles,Monteagudo,Monteagudo,MERCADO POPULAR,"-19,804,907","-63,957,038"
Chuquisaca,Hernando Siles,Monteagudo,Monteagudo,MERCADO SAN JOSE,"-19,808,443","-63,959,234"
Chuquisaca,Nor Cinti,Camargo,Camargo,MERCADO CAMPESINO,"-20,642,098","-65,211,327"
Chuquisaca,Nor Cinti,Camargo,Camargo,MERCADO CENTRAL,"-20,642,076","-65,210,548"
Chuquisaca,Oropeza,Sucre,Sucre,MERCADO BALLIVIAN 17 TIENDAS DE ROPA,"-19,042,781","-65,257,327"
Chuquisaca,Oropeza,Sucre,Sucre,MERCADO CAMPESINO,"-19,033,359","-65,253,625"
Chuquisaca,Oropeza,Sucre,Sucre,MERCADO CAPITAL .     TIENDAS DE ROPA,"-19,044,016","-65,258,344"
Chuquisaca,Oropeza,Sucre,Sucre,MERCADO DE LAJASTAMBO,"-19,012,033","-65,309,123"
Chuquisaca,Oropeza,Sucre,Sucre,MERCADO EL MORRO,"-19,026,918","-65,247,991"
Chuquisaca,Oropeza,Sucre,Sucre,MERCADO EVO MORALES AYMA,"-19,069,518","-65,242,700"
Chuquisaca,Oropeza,Sucre,Sucre,MERCADO LAJASTAMBO,"-19,012,676","-65,308,665"
Chuquisaca,Oropeza,Sucre,Sucre,MERCADO MINORISTA,"-19,040,419","-65,254,812"
Chuquisaca,Oropeza,Sucre,Sucre,MERCADO POCONAS,"-19,047,369","-65,249,312"
Chuquisaca,Oropeza,Sucre,Sucre,MERCADO SAN ANTONIO ( GOBIERNO AUTONOMO MUNICIPAL DE SUCRE),"-19,050,513","-65,240,854"
Chuquisaca,Oropeza,Sucre,Sucre,MERCADO SANTA ANA RECOBITA,"-19,053,279","-65,253,292"
Chuquisaca,Oropeza,Sucre,Sucre,MERCADO TOMAS KATARI,"-19,020,586","-65,261,213"
Chuquisaca,Oropeza,Sucre,Sucre,TIKARIY MERCADO ARTESANAL,"-19,033,666","-65,250,373"
Chuquisaca,Oropeza,Yotala,Yotala,MERCADO MUNICIPAL DE YOTALA,"-19,162,174","-65,263,975"
Chuquisaca,Yamparaez,Tarabuco,Tarabuco,MERCADO CAMPESINO DE TARABUCO,"-19,181,238","-64,912,127"
Chuquisaca,Yamparaez,Tarabuco,Tarabuco,MERCADO CENTRAL TARABUCO,"-19,181,738","-64,913,732"
La Paz,Caranavi,Caranavi,Caranavi,MERCADO CENTRAL,"-15,832,238","-67,567,519"
La Paz,Caranavi,Caranavi,Caranavi,MERCADO PRIMARIO DE COCA APROCOCA CARANAVI,"-15,829,210","-67,570,590"
La Paz,Franz Tamayo,Apolo,Apolo,MERCADO 3 DE MAYO,"-14,710,154","-68,416,153"
La Paz,Ingavi,Desaguadero,Desaguadero,MERCADO CENTRAL MUNICIPAL DESAGUADERO VIRGEN DE URCUPIÑA,"-16,566,889","-69,035,975"
La Paz,Ingavi,Viacha,Viacha,MERCADO MUNICIPAL,"-16,654,143","-68,302,044"
La Paz,Inquisivi,Colquiri,Colquiri,MERCADO  COLQUIRI,"-17,395,967","-67,129,487"
La Paz,Inquisivi,Colquiri,Colquiri,MERCADO 6 DE AGOSTO,"-17,391,750","-67,124,970"
La Paz,Inquisivi,Colquiri,Colquiri,"MERCADO CAMPESINO, FRECIA VILLANUEVA CHOQUE","-17,389,033","-67,122,867"
La Paz,Inquisivi,Colquiri,Colquiri,MERCADO PEDRO DOMINGO MURILLO,"-17,389,035","-67,123,687"
La Paz,Manco Kapac,Copacabana,Copacabana,MERCADO DE COPACABANA,"-16,164,434","-69,085,864"
La Paz,Murillo,El Alto,El Alto,MERCADO,"-16,488,859","-68,171,422"
La Paz,Murillo,El Alto,El Alto,MERCADO  MODELO COSMOS 78,"-16,526,254","-68,200,414"
La Paz,Murillo,El Alto,El Alto,MERCADO 12 DE OCTUBRE,"-16,520,801","-68,166,439"
La Paz,Murillo,El Alto,El Alto,MERCADO 14 DE SEPTIEMBRE,"-16,542,691","-68,174,185"
La Paz,Murillo,El Alto,El Alto,MERCADO 25 DE JULIO DE SANTIAGO II,"-16,536,706","-68,178,413"
La Paz,Murillo,El Alto,El Alto,MERCADO 8 DE SEPTIEMBRE,"-16,589,905","-68,189,914"
La Paz,Murillo,El Alto,El Alto,MERCADO AMIG-CHACO,"-16,526,549","-68,205,115"
La Paz,Murillo,El Alto,El Alto,MERCADO BARTOLINA ZIZA,"-16,487,454","-68,194,689"
La Paz,Murillo,El Alto,El Alto,MERCADO BOLIVAR D,"-16,524,189","-68,176,356"
La Paz,Murillo,El Alto,El Alto,MERCADO CALUYO,"-16,531,266","-68,191,707"
La Paz,Murillo,El Alto,El Alto,MERCADO CAMPESINO,"-16,537,427","-68,167,382"
La Paz,Murillo,El Alto,El Alto,MERCADO CENTRAL VILLA DOLORES,"-16,512,357","-68,158,903"
La Paz,Murillo,El Alto,El Alto,MERCADO CIUDAD SATELITE,"-16,524,838","-68,150,698"
La Paz,Murillo,El Alto,El Alto,MERCADO CORAZON DE JESUS,"-16,548,067","-68,189,746"
La Paz,Murillo,El Alto,El Alto,MERCADO DE ALTO LIMA,"-16,480,569","-68,175,268"
La Paz,Murillo,El Alto,El Alto,MERCADO DE VILLA ADELA,"-16,519,321","-68,211,463"
La Paz,Murillo,El Alto,El Alto,MERCADO DOLORES F,"-16,525,866","-68,186,797"
La Paz,Murillo,El Alto,El Alto,MERCADO EL CARMEN,"-16,495,726","-68,214,898"
La Paz,Murillo,El Alto,El Alto,MERCADO EL CARMEN,"-16,495,661","-68,214,630"
La Paz,Murillo,El Alto,El Alto,MERCADO JUAN CRUZ,"-16,472,962","-68,221,260"
La Paz,Murillo,El Alto,El Alto,MERCADO JUANA AZURDUY DE PADILLA,"-16,543,383","-68,185,663"
La Paz,Murillo,El Alto,El Alto,MERCADO LUIS PAMPA,"-16,538,112","-68,204,294"
La Paz,Murillo,El Alto,El Alto,MERCADO MODELO,"-16,619,750","-68,181,631"
La Paz,Murillo,El Alto,El Alto,MERCADO PRIMERO DE MAYO,"-16,534,306","-68,199,442"
La Paz,Murillo,El Alto,El Alto,MERCADO PRIVADO DE TUBERCULOS,"-16,506,015","-68,160,242"
La Paz,Murillo,El Alto,El Alto,MERCADO QUISWARAS,"-16,542,232","-68,230,957"
La Paz,Murillo,El Alto,El Alto,MERCADO SANTA ANA,"-16,526,942","-68,207,370"
La Paz,Murillo,El Alto,El Alto,MERCADO SANTA ROSA,"-16,536,735","-68,165,063"
La Paz,Murillo,El Alto,El Alto,MERCADO SANTOS MAMANI,"-16,494,777","-68,175,121"
La Paz,Murillo,El Alto,El Alto,MERCADO TUNARI,"-16,496,642","-68,196,356"
La Paz,Murillo,El Alto,El Alto,MERCADO UNION PROGRESO,"-16,503,925","-68,161,529"
La Paz,Murillo,El Alto,El Alto,MERCADO URKUPIÑA,"-16,555,858","-68,190,930"
La Paz,Murillo,El Alto,El Alto,MERCADO VILLA EXALTACION,"-16,535,768","-68,157,359"
La Paz,Murillo,El Alto,El Alto,MERCADO VILLA MERCEDES,"-16,566,814","-68,219,919"
La Paz,Murillo,El Alto,El Alto,MERCADO VILLA TEJADA,"-16,521,270","-68,157,088"
La Paz,Murillo,El Alto,El Alto,MERCADO VIRGEN DE LA CANDELARIA,"-16,526,668","-68,225,074"
La Paz,Murillo,El Alto,El Alto,MERCADO ZONA MERCEDARIO,"-16,524,015","-68,235,597"
La Paz,Murillo,Nuestra Señora de La Paz,Nuestra Señora de La Paz,ASOCIACION MERCADO CANDELARIA EX FONDO OVEJUYO,"-16,534,070","-68,038,111"
La Paz,Murillo,Nuestra Señora de La Paz,Nuestra Señora de La Paz,MERCADO 10 DE ENERO,"-16,501,468","-68,104,484"
La Paz,Murillo,Nuestra Señora de La Paz,Nuestra Señora de La Paz,MERCADO 14 DE SEPTIEMBRE,"-16,528,293","-68,099,548"
La Paz,Murillo,Nuestra Señora de La Paz,Nuestra Señora de La Paz,MERCADO 15 DE ABRIL,"-16,476,666","-68,118,147"
La Paz,Murillo,Nuestra Señora de La Paz,Nuestra Señora de La Paz,MERCADO 16 DE JULIO,"-16,529,857","-68,102,487"
La Paz,Murillo,Nuestra Señora de La Paz,Nuestra Señora de La Paz,MERCADO 16 DE JULIO KALAJAHUIRA,"-16,453,017","-68,096,536"
La Paz,Murillo,Nuestra Señora de La Paz,Nuestra Señora de La Paz,MERCADO 16 DE JULIO KALAJAHUIRA,"-16,452,709","-68,096,591"
La Paz,Murillo,Nuestra Señora de La Paz,Nuestra Señora de La Paz,MERCADO 19 MARZO,"-16,496,455","-68,142,156"
La Paz,Murillo,Nuestra Señora de La Paz,Nuestra Señora de La Paz,MERCADO 21 DE ENERO,"-16,456,829","-68,149,514"
La Paz,Murillo,Nuestra Señora de La Paz,Nuestra Señora de La Paz,MERCADO 29 DE ENERO,"-16,536,944","-68,048,392"
La Paz,Murillo,Nuestra Señora de La Paz,Nuestra Señora de La Paz,MERCADO 4 DE ABRIL,"-16,521,882","-68,145,818"
La Paz,Murillo,Nuestra Señora de La Paz,Nuestra Señora de La Paz,MERCADO 8 DE DICIEMBRE,"-16,536,944","-68,048,392"
La Paz,Murillo,Nuestra Señora de La Paz,Nuestra Señora de La Paz,MERCADO 8 DE SEPTIEMBRE,"-16,517,027","-68,113,639"
La Paz,Murillo,Nuestra Señora de La Paz,Nuestra Señora de La Paz,MERCADO ADOLFO ORTEGA,"-16,496,016","-68,143,630"
La Paz,Murillo,Nuestra Señora de La Paz,Nuestra Señora de La Paz,MERCADO ALTO MARISCAL SANTA CRUZ,"-16,493,135","-68,160,590"
La Paz,Murillo,Nuestra Señora de La Paz,Nuestra Señora de La Paz,MERCADO ALTO SEGUENCOMA,"-16,533,986","-68,104,223"
La Paz,Murillo,Nuestra Señora de La Paz,Nuestra Señora de La Paz,MERCADO AMAPOLA,"-16,500,678","-68,139,058"
La Paz,Murillo,Nuestra Señora de La Paz,Nuestra Señora de La Paz,MERCADO ANTOFAGASTA,"-16,487,708","-68,140,491"
La Paz,Murillo,Nuestra Señora de La Paz,Nuestra Señora de La Paz,MERCADO ARTESANAL,"-16,495,714","-68,137,648"
La Paz,Murillo,Nuestra Señora de La Paz,Nuestra Señora de La Paz,MERCADO ARTESANAL JUAN XXIII,"-16,498,421","-68,137,973"
La Paz,Murillo,Nuestra Señora de La Paz,Nuestra Señora de La Paz,MERCADO BAJO MARISCAL SANTA CRUZ,"-16,492,558","-68,158,364"
La Paz,Murillo,Nuestra Señora de La Paz,Nuestra Señora de La Paz,MERCADO BOLIVAR,"-16,513,848","-68,141,155"
La Paz,Murillo,Nuestra Señora de La Paz,Nuestra Señora de La Paz,MERCADO BOLIVAR,"-16,493,591","-68,131,845"
La Paz,Murillo,Nuestra Señora de La Paz,Nuestra Señora de La Paz,MERCADO CALAMA,"-16,489,753","-68,137,213"
La Paz,Murillo,Nuestra Señora de La Paz,Nuestra Señora de La Paz,MERCADO CALATAYUD,"-16,495,439","-68,147,624"
La Paz,Murillo,Nuestra Señora de La Paz,Nuestra Señora de La Paz,MERCADO CAMACHO,"-16,500,455","-68,131,575"
La Paz,Murillo,Nuestra Señora de La Paz,Nuestra Señora de La Paz,MERCADO CAMPESINO (ZENOBIO LOPEZ),"-16,506,862","-68,115,456"
La Paz,Murillo,Nuestra Señora de La Paz,Nuestra Señora de La Paz,MERCADO CARMEN ENTRE RIOS,"-16,497,277","-68,156,002"
La Paz,Murillo,Nuestra Señora de La Paz,Nuestra Señora de La Paz,MERCADO CENTRAL PURA PURA,"-16,481,479","-68,149,226"
La Paz,Murillo,Nuestra Señora de La Paz,Nuestra Señora de La Paz,MERCADO COMEDOR RINCON CRIOLLO,"-16,503,262","-68,128,262"
La Paz,Murillo,Nuestra Señora de La Paz,Nuestra Señora de La Paz,MERCADO DE COCA,"-16,473,824","-68,118,086"
La Paz,Murillo,Nuestra Señora de La Paz,Nuestra Señora de La Paz,MERCADO DE COCA APOLO CARANAVI,"-16,475,955","-68,119,264"
La Paz,Murillo,Nuestra Señora de La Paz,Nuestra Señora de La Paz,MERCADO EL CARMEN,"-16,514,695","-68,126,271"
La Paz,Murillo,Nuestra Señora de La Paz,Nuestra Señora de La Paz,MERCADO EL TEJAR,"-16,495,322","-68,152,063"
La Paz,Murillo,Nuestra Señora de La Paz,Nuestra Señora de La Paz,MERCADO FRANCISCO CERNADAS,"-16,483,771","-68,125,464"
La Paz,Murillo,Nuestra Señora de La Paz,Nuestra Señora de La Paz,MERCADO GERMAN BUCHS,"-16,481,803","-68,139,965"
La Paz,Murillo,Nuestra Señora de La Paz,Nuestra Señora de La Paz,MERCADO HAITI,"-16,490,814","-68,122,574"
La Paz,Murillo,Nuestra Señora de La Paz,Nuestra Señora de La Paz,MERCADO HINOJOSA,"-16,503,350","-68,144,583"
La Paz,Murillo,Nuestra Señora de La Paz,Nuestra Señora de La Paz,MERCADO JERMAN JORDAN,"-16,509,999","-68,112,949"
La Paz,Murillo,Nuestra Señora de La Paz,Nuestra Señora de La Paz,MERCADO KILLI KILLI,"-16,494,480","-68,127,412"
La Paz,Murillo,Nuestra Señora de La Paz,Nuestra Señora de La Paz,MERCADO KOLLLASUYO,"-16,495,182","-68,116,670"
La Paz,Murillo,Nuestra Señora de La Paz,Nuestra Señora de La Paz,MERCADO LA MERCED,"-16,471,025","-68,118,066"
La Paz,Murillo,Nuestra Señora de La Paz,Nuestra Señora de La Paz,MERCADO LA MERCED DE COTA COTA,"-16,542,077","-68,058,031"
La Paz,Murillo,Nuestra Señora de La Paz,Nuestra Señora de La Paz,MERCADO LA PORTADA,"-16,489,251","-68,166,946"
La Paz,Murillo,Nuestra Señora de La Paz,Nuestra Señora de La Paz,MERCADO LANZA,"-16,494,747","-68,137,328"
La Paz,Murillo,Nuestra Señora de La Paz,Nuestra Señora de La Paz,MERCADO LAS DELICIAS,"-16,476,973","-68,123,548"
La Paz,Murillo,Nuestra Señora de La Paz,Nuestra Señora de La Paz,MERCADO LAS FLORES,"-16,495,416","-68,151,104"
La Paz,Murillo,Nuestra Señora de La Paz,Nuestra Señora de La Paz,MERCADO LAS LOMAS,"-16,522,272","-68,138,834"
La Paz,Murillo,Nuestra Señora de La Paz,Nuestra Señora de La Paz,MERCADO LAS NIEVES,"-16,497,140","-68,157,388"
La Paz,Murillo,Nuestra Señora de La Paz,Nuestra Señora de La Paz,MERCADO LOS ANDES,"-16,498,739","-68,148,289"
La Paz,Murillo,Nuestra Señora de La Paz,Nuestra Señora de La Paz,MERCADO LLOJETA VERGEL,"-16,534,238","-68,140,376"
La Paz,Murillo,Nuestra Señora de La Paz,Nuestra Señora de La Paz,MERCADO MANUEL HOYOS,"-16,485,917","-68,134,593"
La Paz,Murillo,Nuestra Señora de La Paz,Nuestra Señora de La Paz,MERCADO MARACANA,"-16,485,585","-68,137,140"
La Paz,Murillo,Nuestra Señora de La Paz,Nuestra Señora de La Paz,MERCADO MODELO ACHUMANI,"-16,530,709","-68,073,618"
La Paz,Murillo,Nuestra Señora de La Paz,Nuestra Señora de La Paz,MERCADO MODELO ALTO SAN ANTONIO,"-16,498,039","-68,108,447"
La Paz,Murillo,Nuestra Señora de La Paz,Nuestra Señora de La Paz,MERCADO MODELO IRPAVI,"-16,525,088","-68,087,166"
La Paz,Murillo,Nuestra Señora de La Paz,Nuestra Señora de La Paz,MERCADO MODELO LAS VELAS,"-16,500,744","-68,127,557"
La Paz,Murillo,Nuestra Señora de La Paz,Nuestra Señora de La Paz,MERCADO MODELO OBISPO INDABURO,"-16,501,087","-68,145,532"
La Paz,Murillo,Nuestra Señora de La Paz,Nuestra Señora de La Paz,MERCADO N7 VILLA VICTORIA,"-16,490,368","-68,151,694"
La Paz,Murillo,Nuestra Señora de La Paz,Nuestra Señora de La Paz,MERCADO NUESTRA SEÑORA DE LA PAZ,"-16,495,542","-68,103,042"
La Paz,Murillo,Nuestra Señora de La Paz,Nuestra Señora de La Paz,MERCADO PASANKERI KM7,"-16,522,962","-68,143,332"
La Paz,Murillo,Nuestra Señora de La Paz,Nuestra Señora de La Paz,MERCADO POPULAR DE ALTO OBRAJES,"-16,523,606","-68,104,050"
La Paz,Murillo,Nuestra Señora de La Paz,Nuestra Señora de La Paz,MERCADO POPULAR PURA PURA,"-16,487,745","-68,150,860"
La Paz,Murillo,Nuestra Señora de La Paz,Nuestra Señora de La Paz,MERCADO POPULAR RAUL SALMON 6 DE JUNIO,"-16,528,206","-68,123,464"
La Paz,Murillo,Nuestra Señora de La Paz,Nuestra Señora de La Paz,MERCADO PRIVADO DE VILLA FATIMA,"-16,481,100","-68,120,901"
La Paz,Murillo,Nuestra Señora de La Paz,Nuestra Señora de La Paz,MERCADO PROVISIONAL LOS PINOS,"-16,542,589","-68,071,505"
La Paz,Murillo,Nuestra Señora de La Paz,Nuestra Señora de La Paz,MERCADO RODRIGUES,"-16,500,181","-68,138,986"
La Paz,Murillo,Nuestra Señora de La Paz,Nuestra Señora de La Paz,MERCADO RODRIGUEZ,"-16,500,800","-68,139,526"
La Paz,Murillo,Nuestra Señora de La Paz,Nuestra Señora de La Paz,MERCADO RURAL DE CHINCANI,"-16,500,102","-68,081,892"
La Paz,Murillo,Nuestra Señora de La Paz,Nuestra Señora de La Paz,MERCADO SAGRADO CORAZON DE JESUS,"-16,500,822","-68,153,150"
La Paz,Murillo,Nuestra Señora de La Paz,Nuestra Señora de La Paz,MERCADO SAN CRISTOBAL,"-16,510,396","-68,145,639"
La Paz,Murillo,Nuestra Señora de La Paz,Nuestra Señora de La Paz,MERCADO SAN ISIDRO,"-16,510,877","-68,106,165"
La Paz,Murillo,Nuestra Señora de La Paz,Nuestra Señora de La Paz,MERCADO SAN JOSE,"-16,489,127","-68,158,614"
La Paz,Murillo,Nuestra Señora de La Paz,Nuestra Señora de La Paz,MERCADO SAN JOSE DE MALLASILLA,"-16,566,767","-68,100,704"
La Paz,Murillo,Nuestra Señora de La Paz,Nuestra Señora de La Paz,MERCADO SAN JUAN,"-16,491,128","-68,104,088"
La Paz,Murillo,Nuestra Señora de La Paz,Nuestra Señora de La Paz,MERCADO SANCHEZ LIMA,"-16,507,991","-68,136,735"
La Paz,Murillo,Nuestra Señora de La Paz,Nuestra Señora de La Paz,MERCADO SANTIAGO DE MUNAYPATA,"-16,489,888","-68,156,545"
La Paz,Murillo,Nuestra Señora de La Paz,Nuestra Señora de La Paz,MERCADO SOPOCACHI,"-16,509,351","-68,129,408"
La Paz,Murillo,Nuestra Señora de La Paz,Nuestra Señora de La Paz,MERCADO STRONGEST,"-16,515,786","-68,139,929"
La Paz,Murillo,Nuestra Señora de La Paz,Nuestra Señora de La Paz,MERCADO TEOFILO MIRANDA,"-16,497,146","-68,116,324"
La Paz,Murillo,Nuestra Señora de La Paz,Nuestra Señora de La Paz,MERCADO URKUPIÑA BAJO SAN ISIDRO,"-16,512,052","-68,107,734"
La Paz,Murillo,Nuestra Señora de La Paz,Nuestra Señora de La Paz,MERCADO URUGUAY,"-16,497,213","-68,143,713"
La Paz,Murillo,Nuestra Señora de La Paz,Nuestra Señora de La Paz,MERCADO VICENTE,"-16,497,943","-68,144,297"
La Paz,Murillo,Nuestra Señora de La Paz,Nuestra Señora de La Paz,MERCADO VILLA ARMONIA,"-16,508,744","-68,110,556"
La Paz,Murillo,Nuestra Señora de La Paz,Nuestra Señora de La Paz,MERCADO VILLA ARMONIA,"-16,508,650","-68,110,747"
La Paz,Murillo,Nuestra Señora de La Paz,Nuestra Señora de La Paz,MERCADO VILLA ARMONIA,"-16,508,669","-68,110,924"
La Paz,Murillo,Nuestra Señora de La Paz,Nuestra Señora de La Paz,MERCADO VILLA ARMONIA,"-16,508,706","-68,110,634"
La Paz,Murillo,Nuestra Señora de La Paz,Nuestra Señora de La Paz,MERCADO VILLA ARMONIA,"-16,508,830","-68,110,426"
La Paz,Murillo,Nuestra Señora de La Paz,Nuestra Señora de La Paz,MERCADO VILLA EL CARMEN,"-16,469,001","-68,115,255"
La Paz,Murillo,Nuestra Señora de La Paz,Nuestra Señora de La Paz,MERCADO VILLA FATIMA,"-16,480,552","-68,121,093"
La Paz,Murillo,Nuestra Señora de La Paz,Nuestra Señora de La Paz,MERCADO VILLA NUEVA POTOSI,"-16,505,482","-68,149,345"
La Paz,Murillo,Nuestra Señora de La Paz,Nuestra Señora de La Paz,MERCADO VIRGEN DE LAS NIEVES,"-16,475,460","-68,149,372"
La Paz,Murillo,Nuestra Señora de La Paz,Nuestra Señora de La Paz,SUMAYA MERCADO DE BRUJAS,"-16,496,160","-68,138,757"
La Paz,Nor Yungas,Coroico,Coroico,MERCADO MODELO SAN JOSE COROICO,"-16,189,497","-67,727,843"
La Paz,Omasuyos,Achacachi,Achacachi,MERCADO POPULAR DE ACHACACHI,"-16,043,432","-68,683,960"
La Paz,Sud Yungas,Chulumani,Chulumani,MERCADO LANZA,"-16,410,793","-67,526,487"
La Paz,Sud Yungas,Chulumani,Chulumani,MERCADO VIRGEN DE COPACABANA,"-16,406,308","-67,529,120"
La Paz,Sud Yungas,Palos Blancos,Palos Blancos,MERCADO CAMPESINO,"-15,586,936","-67,247,128"
La Paz,Sud Yungas,Palos Blancos,Palos Blancos,MERCADO VIRGEN DE CANDELARIA,"-15,586,455","-67,247,578"
Oruro,Abaroa,Challapata,Challapata,MERCADO ANTOFAGASTA,"-18,903,386","-66,764,101"
Oruro,Abaroa,Challapata,Challapata,MERCADO CAMPESINO,"-18,900,454","-66,763,680"
Oruro,Cercado,Caracollo,Caracollo,MERCADO 6 DE AGOSTO,"-17,638,522","-67,219,631"
Oruro,Cercado,Oruro,Oruro,ASOCIACION DE COMERCIANTES MERCADO MARIA AYMA,"-17,946,043","-67,095,115"
Oruro,Cercado,Oruro,Oruro,MERCADO AURORA,"-17,912,889","-67,125,580"
Oruro,Cercado,Oruro,Oruro,MERCADO BARTOLINA SISA,"-17,977,681","-67,097,945"
Oruro,Cercado,Oruro,Oruro,MERCADO CAKEO,"-17,951,790","-67,110,216"
Oruro,Cercado,Oruro,Oruro,MERCADO CAMACHO,"-17,956,560","-67,116,946"
Oruro,Cercado,Oruro,Oruro,MERCADO CAMPERO,"-17,970,887","-67,110,124"
Oruro,Cercado,Oruro,Oruro,MERCADO CAMPESINO KANTUTA,"-17,949,729","-67,102,134"
Oruro,Cercado,Oruro,Oruro,MERCADO DE LA URBANIZACION BUSTILLOS,"-17,970,989","-67,057,449"
Oruro,Cercado,Oruro,Oruro,MERCADO DE VINTO,"-17,972,553","-67,047,099"
Oruro,Cercado,Oruro,Oruro,MERCADO EDUARDO AVAROA,"-17,987,156","-67,113,831"
Oruro,Cercado,Oruro,Oruro,MERCADO EVO MORALES,"-17,964,218","-67,096,846"
Oruro,Cercado,Oruro,Oruro,MERCADO EX ADUANA,"-17,971,128","-67,109,614"
Oruro,Cercado,Oruro,Oruro,MERCADO EX ADUANA,"-17,970,832","-67,108,766"
Oruro,Cercado,Oruro,Oruro,MERCADO FERMIN LOPEZ,"-17,966,703","-67,114,759"
Oruro,Cercado,Oruro,Oruro,MERCADO GRAN PODER,"-17,982,801","-67,091,528"
Oruro,Cercado,Oruro,Oruro,MERCADO JORGE PALENQUE,"-17,980,288","-67,122,542"
Oruro,Cercado,Oruro,Oruro,MERCADO KANTUTA,"-17,950,140","-67,102,728"
Oruro,Cercado,Oruro,Oruro,MERCADO MAX FERNANDEZ,"-17,968,282","-67,097,516"
Oruro,Cercado,Oruro,Oruro,MERCADO MIRAFLORES,"-17,939,167","-67,113,760"
Oruro,Cercado,Oruro,Oruro,MERCADO POPULAR INCAPOZO,"-17,944,731","-67,119,907"
Oruro,Cercado,Oruro,Oruro,MERCADO PUMAS ANDINOS,"-17,995,669","-67,068,767"
Oruro,Cercado,Oruro,Oruro,MERCADO RAFAEL PABON,"-17,984,349","-67,103,112"
Oruro,Cercado,Oruro,Oruro,MERCADO RAFAEL PABON,"-17,983,357","-67,102,600"
Oruro,Cercado,Oruro,Oruro,MERCADO ROBERTO YOUNG,"-17,977,894","-67,132,851"
Oruro,Cercado,Oruro,Oruro,MERCADO SAN JOSE,"-17,957,845","-67,123,555"
Oruro,Cercado,Oruro,Oruro,MERCADO SAN PEDRO,"-17,945,813","-67,113,232"
Oruro,Cercado,Oruro,Oruro,MERCADO V. FATIMA,"-17,959,330","-67,117,941"
Oruro,Cercado,Oruro,Oruro,MERCADO VENEZUELA,"-17,938,068","-67,110,484"
Oruro,Cercado,Oruro,Oruro,MERCADO VILLA VICTORIA,"-17,975,276","-67,054,342"
Oruro,Cercado,Oruro,Oruro,MERCADO WHALTER KHON,"-17,980,694","-67,116,353"
Oruro,Cercado,Oruro,Oruro,MKCROMERCADO CLAUDOA,"-17,962,785","-67,110,530"
Oruro,Pantaleón Dalence,Machacamarca,Machacamarca Ferocorp,MERCADO CENTRAL EDUARDO AVAROA DE COMERCIANTES MINORISTAS MACHACAMARCA,"-18,173,053","-67,021,538"
Oruro,Pantaleeón Dalence,Villa Huanuni,Huanuni,MERCADO 27 DE JUNIO,"-18,286,804","-66,834,589"
Oruro,Poopeó,Poopeó,Poopo,MERCADO CENTRAL POOPO,"-18,380,705","-66,968,743"
Oruro,Sebastian Pagador,Santiago de Huari,Santiago de Huari,MERCADO CENTRAL HUARI,"-19,012,678","-66,776,991"
Pando,Madre de Dios,Sena,El Sena,MERCADO CENTRAL,"-11,488,927","-67,245,525"
Pando,Manuripi,Puerto Rico,Puerto Rico,MERCADO,"-11,104,234","-67,556,848"
Pando,Manuripi,Puerto Rico,Puerto Rico,MERCADO CENTRAL SANTA ROSA DE PUERTO RICO,"-11,107,285","-67,552,912"
Pando,Nicolas Suarez,Cobija,Cobija,MERCADO CENTRAL DE COBIJA,"-11,021,479","-68,756,778"
Pando,Nicolas Suarez,Cobija,Cobija,MERCADO NAZARIA,"-11,035,075","-68,776,196"
Pando,Nicolas Suarez,Cobija,Cobija,MERCADO PARAISO,"-11,028,169","-68,775,494"
Potosí,Antonio Quijarro,Uyuni,Uyuni,MERCADO ANTOFAGASTA,"-20,461,438","-66,825,124"
Potosí,Antonio Quijarro,Uyuni,Uyuni,MERCADO AVENIDA POTOSI,"-20,464,288","-66,825,113"
Potosí,Antonio Quijarro,Uyuni,Uyuni,MERCADO EL GALPON,"-20,463,768","-66,824,355"
Potosí,Antonio Quijarro,Uyuni,Uyuni,MERCADO EL PROGRESO,"-20,460,246","-66,831,732"
Potosí,Antonio Quijarro,Uyuni,Uyuni,MERCADO LINDO,"-20,467,002","-66,818,474"
Potosí,Antonio Quijarro,Uyuni,Uyuni,MERCADO MIRAFLORES,"-20,454,092","-66,830,047"
Potosí,Antonio Quijarro,Uyuni,Uyuni,MERCADO VALENTIN ARAMAYO,"-20,460,096","-66,822,461"
Potosí,Cornelio Saavedra,Betanzos,Betanzos,MERCADO CENTRAL,"-19,554,008","-65,453,847"
Potosí,Cornelio Saavedra,Betanzos,Betanzos,MERCADO DE CARNE,"-19,554,367","-65,453,546"
Potosí,Modesto Omiste,Villazon,Villazon,FARMACIA SAN NICOLAS DE BARI  DE VERONICA MERCADO,"-22,085,390","-65,600,391"
Potosí,Modesto Omiste,Villazon,Villazon,MERCADO 20 DE MAYO,"-22,092,498","-65,596,174"
Potosí,Modesto Omiste,Villazon,Villazon,MERCADO 3 DE MARZO,"-22,093,090","-65,595,612"
Potosí,Modesto Omiste,Villazon,Villazon,MERCADO ABASTO,"-22,084,558","-65,602,377"
Potosí,Modesto Omiste,Villazon,Villazon,MERCADO CAMPESINO DE VILLAZON,"-22,083,492","-65,602,330"
Potosí,Modesto Omiste,Villazon,Villazon,MERCADO HUMMER,"-22,095,249","-65,595,947"
Potosí,Modesto Omiste,Villazon,Villazon,MERCADO ILIODORO VILLAZON,"-22,086,030","-65,599,551"
Potosí,Modesto Omiste,Villazon,Villazon,MERCADO LA PAZ,"-22,094,132","-65,595,924"
Potosí,Modesto Omiste,Villazon,Villazon,MERCADO MODESTO OMISTE,"-22,087,795","-65,596,928"
Potosí,Modesto Omiste,Villazon,Villazon,MERCADO MUNICIPAL VIVANDERAS,"-22,095,309","-65,597,081"
Potosí,Modesto Omiste,Villazon,Villazon,MERCADO SAN MARTIN,"-22,092,896","-65,593,529"
Potosí,Modesto Omiste,Villazon,Villazon,MERCADO URCUPIÑA,"-22,092,559","-65,595,960"
Potosí,Rafael Bustillo,Llallagua,Llallagua,MERCADO CAMPESINO,"-18,424,272","-66,582,350"
Potosí,Rafael Bustillo,Llallagua,Llallagua,MERCADO CENTRAL,"-18,426,036","-66,584,123"
Potosí,Rafael Bustillo,Uncia,Uncia,MERCADO CENTRAL SAN MIGUEL,"-18,466,737","-66,569,741"
Potosí,Sur Chichas,Tupiza,Tupiza,MERCADO  VILLA FATIMA,"-21,435,589","-65,722,821"
Potosí,Sur Chichas,Tupiza,Tupiza,MERCADO CAMPESINO,"-21,451,096","-65,717,654"
Potosí,Sur Chichas,Tupiza,Tupiza,MERCADO GIL DURAN,"-21,444,294","-65,718,964"
Potosí,Sur Chichas,Tupiza,Tupiza,MERCADO LA PAZ,"-21,438,262","-65,718,977"
Potosí,Sur Chichas,Tupiza,Tupiza,MERCADO NEGRO,"-21,441,713","-65,719,483"
Potosí,Tomas Frias,Potosi,Potosi,MERCADO 10 DE NOVIEMBRE,"-19,587,293","-65,755,027"
Potosí,Tomas Frias,Potosi,Potosi,MERCADO ABASTO,"-19,573,918","-65,756,220"
Potosí,Tomas Frias,Potosi,Potosi,MERCADO BALLIVIAN,"-19,590,828","-65,750,664"
Potosí,Tomas Frias,Potosi,Potosi,MERCADO CALVARIO,"-19,597,349","-65,748,141"
Potosí,Tomas Frias,Potosi,Potosi,MERCADO CAMPESINO,"-19,590,715","-65,744,795"
Potosí,Tomas Frias,Potosi,Potosi,MERCADO CHUQUIMIA,"-19,580,592","-65,763,242"
Potosí,Tomas Frias,Potosi,Potosi,MERCADO GREMIAL,"-19,586,429","-65,756,248"
Potosí,Tomas Frias,Potosi,Potosi,MERCADO LAS LECHERIAS,"-19,559,251","-65,758,533"
Potosí,Tomas Frias,Potosi,Potosi,MERCADO PLAZA EL MINERO,"-19,594,868","-65,749,974"
Potosí,Tomas Frias,Potosi,Potosi,MERCADO SANTIAGO,"-19,593,824","-65,756,725"
Potosí,Tomas Frias,Potosi,Potosi,MERCADO SOLIDARIO SATELITE,"-19,567,146","-65,767,717"
Potosí,Tomas Frias,Potosi,Potosi,MERCADO T IKA LOMA,"-19,582,211","-65,745,107"
Potosí,Tomas Frias,Potosi,Potosi,MERCADO VICUÑAS,"-19,588,179","-65,758,417"
Potosí,Tomas Frias,Potosi,Potosi,MERCADO VILLA COPACABANA,"-19,574,925","-65,773,255"
Santa Cruz,Andres Ibañez,Cotoca,Cotoca,MERCADO 25 DE FEBRERO,"-17,757,663","-62,995,103"
Santa Cruz,Andres Ibañez,Cotoca,Cotoca,MERCADO 25 DE OCTUBRE,"-17,752,873","-62,995,793"
Santa Cruz,Andres Ibañez,El Torno,El Torno,MERCADO CENTRAL DEL TORNO,"-17,995,009","-63,383,537"
Santa Cruz,Andres Ibañez,El Torno,El Torno,MERCADO PRIVADO 18 DE NOVIEMBRE,"-17,988,305","-63,379,947"
Santa Cruz,Andres Ibañez,El Torno,Jorochito,MERCADO MUNICIPAL DE JOROCHITO,"-18,056,598","-63,427,720"
Santa Cruz,Andres Ibañez,La Guardia,La Guardia,MERCADO CUMBRE DE LAS AMERICAS,"-17,900,659","-63,284,668"
Santa Cruz,Andres Ibañez,La Guardia,La Guardia,MERCADO KM 13,"-17,880,212","-63,268,778"
Santa Cruz,Andres Ibañez,La Guardia,La Guardia,"MERCADO MUNICIPAL EL CARMEN (VENTA DE VERDURAS ,FRUTAS,ABARROTES,PRODUCTOS LACTEOS,VENTA DE CARNE DE RES,POLLO,CERDO,COMIDAS,JUGUETES,PAN,ARTICULOS PARA EL HOGAR,LIBRERIA,VENTA DE ROPA USADA,VENTA DE ROPA NUEVA,CALSADOS Y CELULARES)","-17,855,261","-63,249,279"
Santa Cruz,Andres Ibañez,La Guardia,La Guardia,MERCADO MUNICIPAL LA GUARDIA,"-17,893,381","-63,329,036"
Santa Cruz,Andres Ibañez,La Guardia,La Guardia,MERCADO POPULAR DE BARRIO LINDO,"-17,899,528","-63,269,622"
Santa Cruz,Andres Ibañez,La Guardia,San Jose,MERCADO SAN JOSE,"-17,942,732","-63,351,827"
Santa Cruz,Andres Ibañez,Santa Cruz,Santa Cruz de la Sierra,ASOCIACION GREMIAL DE COMERCIATES MINORISTAS  18 DE AGOSTO  DEL MERCADO DE LA URBANIZACION  EL RECREO,"-17,885,480","-63,095,221"
Santa Cruz,Andres Ibañez,Santa Cruz,Santa Cruz de la Sierra,ASOCICION 14 DE AGOSTO MERCADO AMBORO,"-17,866,398","-63,136,977"
Santa Cruz,Andres Ibañez,Santa Cruz,Santa Cruz de la Sierra,MERCADO,"-17,890,056","-63,179,042"
Santa Cruz,Andres Ibañez,Santa Cruz,Santa Cruz de la Sierra,MERCADO,"-17,800,382","-63,170,193"
Santa Cruz,Andres Ibañez,Santa Cruz,Santa Cruz de la Sierra,MERCADO 1 DE MARZO,"-17,745,513","-63,117,157"
Santa Cruz,Andres Ibañez,Santa Cruz,Santa Cruz de la Sierra,MERCADO 1 DE MAYO,"-17,722,294","-63,104,333"
Santa Cruz,Andres Ibañez,Santa Cruz,Santa Cruz de la Sierra,MERCADO 12 DE OCTUBRE,"-17,754,974","-63,179,537"
Santa Cruz,Andres Ibañez,Santa Cruz,Santa Cruz de la Sierra,MERCADO 12 DE OCTUBRE,"-17,754,742","-63,179,727"
Santa Cruz,Andres Ibañez,Santa Cruz,Santa Cruz de la Sierra,MERCADO 12:DE OCTUBRE,"-17,754,939","-63,179,790"
Santa Cruz,Andres Ibañez,Santa Cruz,Santa Cruz de la Sierra,MERCADO 2 DE AGOSTO,"-17,733,994","-63,142,936"
Santa Cruz,Andres Ibañez,Santa Cruz,Santa Cruz de la Sierra,MERCADO 27 DE MAYO,"-17,826,509","-63,094,047"
Santa Cruz,Andres Ibañez,Santa Cruz,Santa Cruz de la Sierra,MERCADO 7 CALLES,"-17,786,370","-63,185,769"
Santa Cruz,Andres Ibañez,Santa Cruz,Santa Cruz de la Sierra,MERCADO ABASTO,"-17,796,277","-63,204,430"
Santa Cruz,Andres Ibañez,Santa Cruz,Santa Cruz de la Sierra,MERCADO ALTO SAN PEDRO,"-17,810,989","-63,188,765"
Santa Cruz,Andres Ibañez,Santa Cruz,Santa Cruz de la Sierra,MERCADO ASOCIACION 4 DE NOVIEMBRE,"-17,778,434","-63,202,878"
Santa Cruz,Andres Ibañez,Santa Cruz,Santa Cruz de la Sierra,MERCADO BARRIO LINDO 12 DE JULIO,"-17,789,235","-63,167,018"
Santa Cruz,Andres Ibañez,Santa Cruz,Santa Cruz de la Sierra,MERCADO BELEN,"-17,755,077","-63,188,109"
Santa Cruz,Andres Ibañez,Santa Cruz,Santa Cruz de la Sierra,MERCADO BIBOSI,"-17,724,225","-63,110,013"
Santa Cruz,Andres Ibañez,Santa Cruz,Santa Cruz de la Sierra,MERCADO BIBOSI,"-17,724,649","-63,109,804"
Santa Cruz,Andres Ibañez,Santa Cruz,Santa Cruz de la Sierra,MERCADO BIBOSI,"-17,724,392","-63,109,949"
Santa Cruz,Andres Ibañez,Santa Cruz,Santa Cruz de la Sierra,MERCADO BIBOSI,"-17,724,121","-63,109,707"
Santa Cruz,Andres Ibañez,Santa Cruz,Santa Cruz de la Sierra,MERCADO BIBOSI,"-17,724,549","-63,109,531"
Santa Cruz,Andres Ibañez,Santa Cruz,Santa Cruz de la Sierra,MERCADO BIBOSI,"-17,724,544","-63,109,886"
Santa Cruz,Andres Ibañez,Santa Cruz,Santa Cruz de la Sierra,MERCADO BIBOSI,"-17,724,277","-63,109,641"
Santa Cruz,Andres Ibañez,Santa Cruz,Santa Cruz de la Sierra,MERCADO BIBOSI,"-17,724,428","-63,109,577"
Santa Cruz,Andres Ibañez,Santa Cruz,Santa Cruz de la Sierra,MERCADO CAMPESINO,"-17,777,530","-63,108,242"
Santa Cruz,Andres Ibañez,Santa Cruz,Santa Cruz de la Sierra,MERCADO COMUNIDAD LAS PIEDADES,"-17,740,338","-63,055,419"
Santa Cruz,Andres Ibañez,Santa Cruz,Santa Cruz de la Sierra,MERCADO COPACABANA,"-17,826,495","-63,125,938"
Santa Cruz,Andres Ibañez,Santa Cruz,Santa Cruz de la Sierra,MERCADO CHACARILLA,"-17,773,012","-63,150,537"
Santa Cruz,Andres Ibañez,Santa Cruz,Santa Cruz de la Sierra,MERCADO CHINBOL,"-17,783,481","-63,174,038"
Santa Cruz,Andres Ibañez,Santa Cruz,Santa Cruz de la Sierra,MERCADO DE BARRIO  (SIN NOMBRE),"-17,854,719","-63,041,063"
Santa Cruz,Andres Ibañez,Santa Cruz,Santa Cruz de la Sierra,MERCADO ECOLOGICO PATUJU,"-17,773,776","-63,052,784"
Santa Cruz,Andres Ibañez,Santa Cruz,Santa Cruz de la Sierra,"MERCADO EL DORADO NORTE CONSTA DE 99 PUESTO, 1PUESTO DE LICORERIA , 3 PUESTOS DE DULCES Y GALLETAS, 2 PUESTOS EMBUTIDOS Y FIAMBRES, 2 PUESTOS DE VENTA DE COCA, 3 PUESTOS DE REGALOS Y JUGUETERIA, 5 PUESTOS DE CARNICERIA DE POLLO, 5 PUESTOS DE VERDURAS, 3","-17,735,459","-63,098,157"
Santa Cruz,Andres Ibañez,Santa Cruz,Santa Cruz de la Sierra,MERCADO EL FUERTE,"-17,847,103","-63,147,983"
Santa Cruz,Andres Ibañez,Santa Cruz,Santa Cruz de la Sierra,MERCADO EL PROGRESO,"-17,823,311","-63,136,074"
Santa Cruz,Andres Ibañez,Santa Cruz,Santa Cruz de la Sierra,MERCADO EL QUIOR,"-17,847,159","-63,081,322"
Santa Cruz,Andres Ibañez,Santa Cruz,Santa Cruz de la Sierra,MERCADO EL TRIUNFO,"-17,861,001","-63,154,675"
Santa Cruz,Andres Ibañez,Santa Cruz,Santa Cruz de la Sierra,MERCADO FLORIDA,"-17,870,530","-63,166,894"
Santa Cruz,Andres Ibañez,Santa Cruz,Santa Cruz de la Sierra,MERCADO GUAPILO VENTA,"-17,765,632","-63,087,175"
Santa Cruz,Andres Ibañez,Santa Cruz,Santa Cruz de la Sierra,MERCADO GUAPURU,"-17,851,729","-63,099,774"
Santa Cruz,Andres Ibañez,Santa Cruz,Santa Cruz de la Sierra,MERCADO GUAPURU 2,"-17,810,605","-63,104,579"
Santa Cruz,Andres Ibañez,Santa Cruz,Santa Cruz de la Sierra,MERCADO INTERNACIONAL,"-17,796,028","-63,105,944"
Santa Cruz,Andres Ibañez,Santa Cruz,Santa Cruz de la Sierra,MERCADO JULIO LEYGUE,"-17,731,247","-63,121,514"
Santa Cruz,Andres Ibañez,Santa Cruz,Santa Cruz de la Sierra,MERCADO LA AMISTA,"-17,837,632","-63,176,965"
Santa Cruz,Andres Ibañez,Santa Cruz,Santa Cruz de la Sierra,MERCADO LA CUCHILLA (COMERCIO),"-17,826,290","-63,201,526"
Santa Cruz,Andres Ibañez,Santa Cruz,Santa Cruz de la Sierra,MERCADO LA MORITA,"-17,816,430","-63,187,816"
Santa Cruz,Andres Ibañez,Santa Cruz,Santa Cruz de la Sierra,MERCADO LA PRIMAVERA,"-17,823,398","-63,163,838"
Santa Cruz,Andres Ibañez,Santa Cruz,Santa Cruz de la Sierra,MERCADO LA RAMADA,"-17,791,848","-63,188,893"
Santa Cruz,Andres Ibañez,Santa Cruz,Santa Cruz de la Sierra,MERCADO LA RAMADA,"-17,793,109","-63,187,990"
Santa Cruz,Andres Ibañez,Santa Cruz,Santa Cruz de la Sierra,MERCADO LA RAMADA,"-17,793,286","-63,188,291"
Santa Cruz,Andres Ibañez,Santa Cruz,Santa Cruz de la Sierra,MERCADO LA RAMADA,"-17,793,257","-63,188,550"
Santa Cruz,Andres Ibañez,Santa Cruz,Santa Cruz de la Sierra,MERCADO LA RAMADA,"-17,792,060","-63,188,952"
Santa Cruz,Andres Ibañez,Santa Cruz,Santa Cruz de la Sierra,MERCADO LA RAMADA,"-17,793,194","-63,188,449"
Santa Cruz,Andres Ibañez,Santa Cruz,Santa Cruz de la Sierra,MERCADO LA RAMADA,"-17,793,310","-63,187,715"
Santa Cruz,Andres Ibañez,Santa Cruz,Santa Cruz de la Sierra,MERCADO LA RAMADA,"-17,793,391","-63,187,901"
Santa Cruz,Andres Ibañez,Santa Cruz,Santa Cruz de la Sierra,MERCADO LA RAMADA,"-17,793,346","-63,187,831"
Santa Cruz,Andres Ibañez,Santa Cruz,Santa Cruz de la Sierra,MERCADO LA RAMADA,"-17,793,399","-63,188,054"
Santa Cruz,Andres Ibañez,Santa Cruz,Santa Cruz de la Sierra,MERCADO LA RAMADA,"-17,793,228","-63,187,609"
Santa Cruz,Andres Ibañez,Santa Cruz,Santa Cruz de la Sierra,MERCADO LA RAMADA,"-17,793,120","-63,187,841"
Santa Cruz,Andres Ibañez,Santa Cruz,Santa Cruz de la Sierra,MERCADO LA RAMADA,"-17,793,170","-63,187,456"
Santa Cruz,Andres Ibañez,Santa Cruz,Santa Cruz de la Sierra,MERCADO LA RAMADA,"-17,793,547","-63,188,151"
Santa Cruz,Andres Ibañez,Santa Cruz,Santa Cruz de la Sierra,MERCADO LA RAMADA,"-17,792,843","-63,188,737"
Santa Cruz,Andres Ibañez,Santa Cruz,Santa Cruz de la Sierra,MERCADO LA RAMADS,"-17,791,634","-63,188,703"
Santa Cruz,Andres Ibañez,Santa Cruz,Santa Cruz de la Sierra,MERCADO LAS PAMPITAS,"-17,769,147","-63,122,608"
Santa Cruz,Andres Ibañez,Santa Cruz,Santa Cruz de la Sierra,MERCADO LAZARETO,"-17,783,124","-63,159,894"
Santa Cruz,Andres Ibañez,Santa Cruz,Santa Cruz de la Sierra,MERCADO LIBERTAD,"-17,741,980","-63,086,626"
Santa Cruz,Andres Ibañez,Santa Cruz,Santa Cruz de la Sierra,MERCADO LOS POCITOS,"-17,841,486","-63,110,585"
Santa Cruz,Andres Ibañez,Santa Cruz,Santa Cruz de la Sierra,MERCADO LOS POZOS,"-17,778,467","-63,177,598"
Santa Cruz,Andres Ibañez,Santa Cruz,Santa Cruz de la Sierra,MERCADO MAYORISTA ABASTO 2,"-17,849,325","-63,231,043"
Santa Cruz,Andres Ibañez,Santa Cruz,Santa Cruz de la Sierra,MERCADO MIRAFLORES,"-17,800,226","-63,130,373"
Santa Cruz,Andres Ibañez,Santa Cruz,Santa Cruz de la Sierra,MERCADO MODELO PLAN 3000,"-17,821,496","-63,147,411"
Santa Cruz,Andres Ibañez,Santa Cruz,Santa Cruz de la Sierra,MERCADO MUNICIPAL ABASTO 3,"-17,828,319","-63,208,275"
Santa Cruz,Andres Ibañez,Santa Cruz,Santa Cruz de la Sierra,MERCADO MUNICIPAL EL BOSQUE,"-17,812,737","-63,214,771"
Santa Cruz,Andres Ibañez,Santa Cruz,Santa Cruz de la Sierra,MERCADO MUNICIPAL EL TRILLO,"-17,760,545","-63,127,731"
Santa Cruz,Andres Ibañez,Santa Cruz,Santa Cruz de la Sierra,MERCADO MUNICIPAL FORTALEZA,"-17,863,387","-63,160,854"
Santa Cruz,Andres Ibañez,Santa Cruz,Santa Cruz de la Sierra,MERCADO MUNICIPAL LOS TUSEQUIS,"-17,741,709","-63,154,345"
Santa Cruz,Andres Ibañez,Santa Cruz,Santa Cruz de la Sierra,MERCADO MUNICIPAL MAGISTERIO SUR,"-17,870,993","-63,178,297"
Santa Cruz,Andres Ibañez,Santa Cruz,Santa Cruz de la Sierra,MERCADO MUNICIPAL TURERE,"-17,842,328","-63,100,562"
Santa Cruz,Andres Ibañez,Santa Cruz,Santa Cruz de la Sierra,MERCADO MUSICAL 26 DE ABRIL,"-17,829,840","-63,174,521"
Santa Cruz,Andres Ibañez,Santa Cruz,Santa Cruz de la Sierra,MERCADO MUTUALISTA,"-17,762,798","-63,161,995"
Santa Cruz,Andres Ibañez,Santa Cruz,Santa Cruz de la Sierra,MERCADO NUEVA EZPERANZA,"-17,735,383","-63,111,870"
Santa Cruz,Andres Ibañez,Santa Cruz,Santa Cruz de la Sierra,MERCADO PLAN 3000,"-17,823,292","-63,112,258"
Santa Cruz,Andres Ibañez,Santa Cruz,Santa Cruz de la Sierra,MERCADO PRIMERO DE MAYO,"-17,798,178","-63,132,608"
Santa Cruz,Andres Ibañez,Santa Cruz,Santa Cruz de la Sierra,MERCADO RETOÑO,"-17,740,034","-63,073,727"
Santa Cruz,Andres Ibañez,Santa Cruz,Santa Cruz de la Sierra,"MERCADO SAN ANTONIO VENTA DE ABARROTES, VENTA DE CARNE DE RES, POLLO Y CERDO, VENTA DE ROPA NUEBA, VENTA DE ROPA USADA  VENTA DE  CALZADOS, VENTA DE PAN, VENTA DE VERDURAS, VENTA FRUTA, VENTA DE PRODUCTOS DE LIMPIEZA DEL HOGAR","-17,826,107","-63,226,997"
Santa Cruz,Andres Ibañez,Santa Cruz,Santa Cruz de la Sierra,MERCADO SAN JORGE,"-17,736,622","-63,090,661"
Santa Cruz,Andres Ibañez,Santa Cruz,Santa Cruz de la Sierra,MERCADO SAN JUAN,"-17,791,105","-63,137,102"
Santa Cruz,Andres Ibañez,Santa Cruz,Santa Cruz de la Sierra,MERCADO SAN LUIS,"-17,783,839","-63,195,445"
Santa Cruz,Andres Ibañez,Santa Cruz,Santa Cruz de la Sierra,MERCADO SANTA CRUZ SUR,"-17,850,954","-63,181,306"
Santa Cruz,Andres Ibañez,Santa Cruz,Santa Cruz de la Sierra,MERCADO SANTA ROSA,"-17,810,874","-63,189,433"
Santa Cruz,Andres Ibañez,Santa Cruz,Santa Cruz de la Sierra,MERCADO TOBOROCH,"-17,848,762","-63,078,859"
Santa Cruz,Andres Ibañez,Santa Cruz,Santa Cruz de la Sierra,MERCADO VICTORIA,"-17,815,400","-63,109,698"
Santa Cruz,Andres Ibañez,Santa Cruz,Santa Cruz de la Sierra,MERCADO VICTORIA,"-17,814,555","-63,109,709"
Santa Cruz,Andres Ibañez,Santa Cruz,Santa Cruz de la Sierra,MERCADO VICTORIA,"-17,817,643","-63,109,736"
Santa Cruz,Andres Ibañez,Santa Cruz,Santa Cruz de la Sierra,MERCADO VICTORIA,"-17,816,903","-63,109,731"
Santa Cruz,Andres Ibañez,Santa Cruz,Santa Cruz de la Sierra,MERCADO VILLA ESPERANZA,"-17,863,046","-63,168,704"
Santa Cruz,Andres Ibañez,Santa Cruz,Santa Cruz de la Sierra,MERCADO VILLA FATIMA,"-17,812,977","-63,202,617"
Santa Cruz,Andres Ibañez,Santa Cruz,Santa Cruz de la Sierra,MERCADO VIRGEN DEL LUJAN,"-17,754,417","-63,124,179"
Santa Cruz,Andres Ibañez,Santa Cruz,Santa Cruz de la Sierra,MIKRO MERCADO LA BOBEDA,"-17,766,734","-63,150,704"
Santa Cruz,Andres Ibañez,Santa Cruz,Santa Cruz de la Sierra,VENTAS AL POR MENOR EN EL MERCADO MAX FERNANDEZ,"-17,868,127","-63,194,996"
Santa Cruz,Cordillera,Camiri,Camiri,MERCADO ABASTO,"-20,044,980","-63,531,708"
Santa Cruz,Cordillera,Camiri,Camiri,MERCADO MINORISTA SAN ANTONIO,"-20,039,303","-63,529,746"
Santa Cruz,Cordillera,Camiri,Camiri,MERCADO SAN ANTONIO,"-20,039,322","-63,530,007"
Santa Cruz,Chiquitos,Robore,Robore,MERCADO MUNICIPAL DE ROBORE,"-18,329,536","-59,756,404"
Santa Cruz,Chiquitos,San Jose de Chiquitos,San Jose de Chiquitos,MERCADO 15 DE AGOSTO,"-17,843,533","-60,738,172"
Santa Cruz,Chiquitos,San Jose de Chiquitos,San Jose de Chiquitos,MERCADO MODELO 15 DE AGOSTO,"-17,840,549","-60,742,438"
Santa Cruz,Florida,Samaipata,Samaipata,MERCADO MUNICIPAL CASTA ROJAS,"-18,180,735","-63,874,751"
Santa Cruz,German Busch,Puerto Quijarro,Puerto Quijarro,MERCADO MUNICIPAL DE PUERTO QUIJARRO,"-19,004,274","-57,712,068"
Santa Cruz,German Busch,Puerto Suarez,Puerto Suarez,MERCADO EL CARMEN,"-18,967,900","-57,799,909"
Santa Cruz,Guarayos,Ascencion de Guarayos,Ascencion de Guarayos,MERCADO CAMPESINO,"-15,892,561","-63,189,353"
Santa Cruz,Guarayos,Ascencion de Guarayos,Ascencion de Guarayos,MERCADO CENTRAL,"-15,898,603","-63,188,809"
Santa Cruz,Ichilo,Buena Vista,Buena Vista,MERCADO CAMPESINO 2 DE AGOSTO,"-17,455,881","-63,663,217"
Santa Cruz,Ichilo,San Carlos,San Carlos,MERCADO 1 DE MAYO,"-17,407,409","-63,730,385"
Santa Cruz,Ichilo,San Carlos,San Carlos,MERCADO SAN CARLOS,"-17,406,954","-63,730,785"
Santa Cruz,Ichilo,San Carlos,Santa Fe de Yapacani,MERCADO COOPERATIVA,"-17,399,496","-63,824,528"
Santa Cruz,Ichilo,San Juan,San Juan de Yapacani,"MERCADO MUNICIPAL DE SAN JUAN ( VENTA AL POR MENOR DE ROPA ,JUGUETES,CD,ZAPATOS,ABARROTES,COTILLON, EN TIENDAS)","-17,291,464","-63,852,664"
Santa Cruz,Ichilo,Yapacani,Yapacani,MERCADO,"-17,403,511","-63,885,682"
Santa Cruz,Ichilo,Yapacani,Yapacani,MERCADO AVAROA,"-17,401,350","-63,884,304"
Santa Cruz,Ichilo,Yapacani,Yapacani,MERCADO YAPACANI,"-17,403,458","-63,884,986"
Santa Cruz,├æuflo de Chavez,Concepcion,Concepcion,MERCADO 8 DE OCTUBRE,"-16,133,005","-62,027,461"
Santa Cruz,Ñuflo de Chavez,Concepcion,Concepcion,MERCADO CONCEPCION,"-16,126,790","-62,031,034"
Santa Cruz,Ñuflo de Chavez,Concepcion,Concepcion,MERCADO CONCEPCION,"-16,125,622","-62,031,018"
Santa Cruz,Ñuflo de Chavez,Concepcion,Concepcion,MERCADO EL TROMPILLO,"-16,132,529","-62,026,472"
Santa Cruz,Ñuflo de Chavez,Cuatro Cañadas,Cuatro Cañadas,ASOCIACION GREMIAL DE COMERCIANTES MERCADO MUNICIPAL,"-17,271,177","-62,557,058"
Santa Cruz,Ñuflo de Chavez,Cuatro Cañadas,Cuatro Cañadas,MERCADO 4 CAÑADAS,"-17,262,706","-62,555,873"
Santa Cruz,Ñuflo de Chavez,San Javier,San Javier,MERCADO MUNICIPAL 24 DE SEPTIEMBRE,"-16,274,346","-62,501,198"
Santa Cruz,Ñuflo de Chavez,San Julian,San Julian,MERCADO DE SAN JULIAN,"-16,911,647","-62,617,941"
Santa Cruz,Ñuflo de Chavez,San Ramon,San Ramon,MERCADO SAN RAMON,"-16,613,410","-62,500,517"
Santa Cruz,Obispo Santistevan,Mineros,Mineros,MERCADO CAMPESINO,"-17,125,372","-63,228,163"
Santa Cruz,Obispo Santistevan,Montero,Montero,MERCADO  PRINCIPAL DE MONTERO,"-17,342,849","-63,247,044"
Santa Cruz,Obispo Santistevan,Montero,Montero,MERCADO BARRIENTOS,"-17,342,596","-63,246,971"
Santa Cruz,Obispo Santistevan,Montero,Montero,MERCADO DOMINICAL EL CARMEN,"-17,346,524","-63,259,961"
Santa Cruz,Obispo Santistevan,Montero,Montero,MERCADO EL CARMEN,"-17,346,982","-63,260,559"
Santa Cruz,Obispo Santistevan,Montero,Montero,MERCADO GERMAN MORENO,"-17,342,964","-63,249,040"
Santa Cruz,Obispo Santistevan,Montero,Montero,MERCADO POPULAR,"-17,349,089","-63,244,717"
Santa Cruz,Obispo Santistevan,Montero,Montero,MERCADO POPULAR,"-17,349,234","-63,245,679"
Santa Cruz,Obispo Santistevan,Montero,Montero,MERCADO PRINCIPAL DE MONTERO,"-17,342,791","-63,246,664"
Santa Cruz,Obispo Santistevan,Montero,Montero,MERCADO VILLA VERDE,"-17,334,114","-63,250,422"
Santa Cruz,Obispo Santistevan,Montero,Montero,MERCADO VILLA VERDE,"-17,333,500","-63,249,318"
Santa Cruz,Obispo Santistevan,Montero,Montero,SUPEMERCADO UNION NORTE,"-17,340,973","-63,256,594"
Santa Cruz,Sara,Portachuelo,Portachuelo,MERCADO BOLIVAR,"-17,356,702","-63,399,027"
Santa Cruz,Sara,Portachuelo,Portachuelo,MERCADO MUNICIPAL DE PORTACHUELO,"-17,356,095","-63,395,383"
Santa Cruz,Sara,Santa Rosa del Sara,Santa Rosa del Sara,MERCADO 5 DE FEBRERO,"-17,111,718","-63,597,966"
Santa Cruz,Valle Grande,Valle Grande,Vallegrande,MERCADO ABASTO DE VALLEGRANDE,"-18,484,165","-64,101,778"
Santa Cruz,Valle Grande,Valle Grande,Vallegrande,MERCADO CAMPESINO,"-18,492,509","-64,106,702"
Santa Cruz,Valle Grande,Valle Grande,Vallegrande,MERCADO CELSO CAMACHO,"-18,491,388","-64,106,893"
Santa Cruz,Valle Grande,Valle Grande,Vallegrande,MERCADO SAMUEL VILLAZON,"-18,491,377","-64,107,197"
Santa Cruz,Velasco,San Ignacio de Velasco,San Ignacio de Velasco,MERCADO  31 DE JULIO,"-16,377,395","-60,963,311"
Santa Cruz,Velasco,San Ignacio de Velasco,San Ignacio de Velasco,MERCADO 23 DE MARZO,"-16,379,211","-60,967,508"
Santa Cruz,Velasco,San Ignacio de Velasco,San Ignacio de Velasco,MERCADO 8 DE DICIEMBRE NUEVAS CASETAS,"-16,376,300","-60,963,197"
Santa Cruz,Velasco,San Ignacio de Velasco,San Ignacio de Velasco,MERCADO 8 DE DICIEMBRE VIEJO QUEMADO,"-16,376,405","-60,963,615"
Santa Cruz,Velasco,San Ignacio de Velasco,San Ignacio de Velasco,MERCADO COMERCIAL SAN IGNACIO,"-16,377,039","-60,964,119"
Santa Cruz,Warnes,Warnes,Warnes,MERCADO,"-17,561,450","-63,174,773"
Santa Cruz,Warnes,Warnes,Warnes,MERCADO 12 DE ABRIL,"-17,605,429","-63,154,435"
Santa Cruz,Warnes,Warnes,Warnes,MERCADO CAMPESINO 30 DE AGOSTO,"-17,511,377","-63,159,180"
Santa Cruz,Warnes,Warnes,Warnes,MERCADO CENTRAL LAS LOMAS UV7,"-17,607,703","-63,165,221"
Santa Cruz,Warnes,Warnes,Warnes,MERCADO CENTRAL PENTAGUAZU 1,"-17,601,021","-63,125,260"
Santa Cruz,Warnes,Warnes,Warnes,MERCADO COOPERATIVA 25 DENOVIEMBRE,"-17,515,180","-63,166,700"
Santa Cruz,Warnes,Warnes,Warnes,MERCADO INTEGRACION DEL NORTE,"-17,597,710","-63,171,580"
Santa Cruz,Warnes,Warnes,Warnes,MERCADO MUNICIPAL ALFREDO VACA DIEZ,"-17,509,528","-63,167,274"
Santa Cruz,Warnes,Warnes,Warnes,MERCADO SATELITE NORTE,"-17,603,284","-63,137,408"
Tarija,Arce,Bermejo,Bermejo,MERCADO BOLIVAR,"-22,735,593","-64,335,774"
Tarija,Arce,Bermejo,Bermejo,MERCADO CAMPESINO,"-22,729,632","-64,339,866"
Tarija,Arce,Bermejo,Bermejo,MERCADO CAMPESINO 2 DE AGOSTO,"-22,733,323","-64,326,481"
Tarija,Arce,Bermejo,Bermejo,MERCADO LAS CHALANAS,"-22,732,139","-64,349,274"
Tarija,Arce,Bermejo,Bermejo,MERCADO SAN ANTONIO,"-22,743,541","-64,331,680"
Tarija,Avilez,Uriondo,Valle de Concepcion,MERCADO CENTRAL EL VALLE DE LA CONCEPCION,"-21,696,816","-64,654,160"
Tarija,Burnet O'connor,Entre Rios,Entre Rios,MERCADO CENTRAL,"-21,525,623","-64,173,112"
Tarija,Burnet O'connor,Entre Rios,Entre Rios,NUEVO MERCADO CENTRAL ENTRE RIOS,"-21,522,380","-64,170,802"
Tarija,Cercado,Tarija,Tarija,MERCADO ABASTO DEL SUR-MODULO 1,"-21,551,887","-64,691,004"
Tarija,Cercado,Tarija,Tarija,MERCADO AVASTO DEL SUR,"-21,551,837","-64,690,004"
Tarija,Cercado,Tarija,Tarija,MERCADO BOLIVAR,"-21,536,294","-64,720,296"
Tarija,Cercado,Tarija,Tarija,MERCADO CAMPESINO CERCAT,"-21,519,907","-64,741,822"
Tarija,Cercado,Tarija,Tarija,MERCADO CAMPESINO CRAMA,"-21,519,306","-64,742,636"
Tarija,Cercado,Tarija,Tarija,MERCADO CENTRAL,"-21,531,172","-64,734,947"
Tarija,Cercado,Tarija,Tarija,MERCADO DEL SUR,"-21,553,217","-64,689,161"
Tarija,Cercado,Tarija,Tarija,MERCADO EL ABASTO,"-21,512,688","-64,736,592"
Tarija,Cercado,Tarija,Tarija,MERCADO EL MOLINO,"-21,533,025","-64,737,729"
Tarija,Cercado,Tarija,Tarija,MERCADO IV CENTENARIO,"-21,530,392","-64,736,898"
Tarija,Cercado,Tarija,Tarija,MERCADO LA LOMA,"-21,526,437","-64,736,841"
Tarija,Cercado,Tarija,Tarija,MERCADO LUIS DE FUENTES,"-21,540,056","-64,740,850"
Tarija,Cercado,Tarija,Tarija,MERCADO NEGRO,"-21,534,973","-64,730,389"
Tarija,Cercado,Tarija,Tarija,MERCADO SAN BERNARDO,"-21,525,041","-64,723,568"
Tarija,Cercado,Tarija,Tarija,MERCADO SAN GERONIMO,"-21,544,159","-64,716,526"
Tarija,Cercado,Tarija,Tarija,MERCADO SAN MARTIN,"-21,535,169","-64,741,309"
Tarija,Cercado,Tarija,Tarija,MERCADO VILLA AVAROA,"-21,521,620","-64,731,314"
Tarija,Cercado,Tarija,Tarija,VENTA DE ABARROTES MERCADO GRAMA,"-21,518,738","-64,741,635"
Tarija,Gran Chaco,Carapari,Carapari,MERCADO CENTRAL DE CARAPARI,"-21,829,015","-63,739,488"
Tarija,Gran Chaco,Villamontes,Villamontes,ASOCIACION DE COMERCIALES 6 DE AGOSTO MERCADO CAMPESINO,"-21,261,811","-63,457,174"
Tarija,Gran Chaco,Villamontes,Villamontes,MERCADO CENTRAL DE VILLAMONTES,"-21,264,908","-63,471,529"
Tarija,Gran Chaco,Yacuiba,Yacuiba,MERCADO ABASTO,"-22,025,110","-63,680,184"
Tarija,Gran Chaco,Yacuiba,Yacuiba,MERCADO BARRIO NUEVO,"-22,042,405","-63,682,845"
Tarija,Gran Chaco,Yacuiba,Yacuiba,MERCADO CENTRAL DE YACUIBA,"-22,014,810","-63,679,239"
Tarija,Gran Chaco,Yacuiba,Yacuiba,MERCADO CENTRAL HECTOR BLACUT,"-22,047,940","-63,682,228"
Tarija,Gran Chaco,Yacuiba,Yacuiba,MERCADO CENTRAL SECCION TELAS,"-22,015,957","-63,679,039"
Tarija,Gran Chaco,Yacuiba,Yacuiba,MERCADO LOURDES,"-22,011,031","-63,676,135"
Tarija,Gran Chaco,Yacuiba,Yacuiba,MERCADO MAGALEÑOS,"-22,021,439","-63,676,665"
Tarija,Mendez,San Lorenzo,San Lorenzo,MERCADO DE SAN LORENZO,"-21,418,330","-64,749,765"
Tarija,Mendez,San Lorenzo,San Lorenzo,MERCADO EVO MORALES SAN LORENZO,"-21,404,705","-64,747,039"